scope,inclusionReason,absolutePath,relativePath,size,extension,mediaType,sha256,createdAt,modifiedAt,filenameUuids,likelyGrokIds,zeroByte,duplicateFilenameGroup,duplicateHashGroup,signatureStatus,signatureType
GrokVault,full-vault-scan,/Users/philipbankier/Content/Grok IMagine/greymaker/GrokVault/.DS_Store,.DS_Store,10244,,non-media,0416d4b27a58e6503d294e1a220c599d87c72a673471aafbd30a28e7c32438d0,2025-12-19T21:55:53.802Z,2026-01-08T07:14:43.737Z,,,false,,,not-media-checked,unknown
GrokVault,full-vault-scan,/Users/philipbankier/Content/Grok IMagine/greymaker/GrokVault/2025-12-19_Auto/057430db-9ecf-49e7-a222-6e03d15afcd7_hd.mp4,2025-12-19_Auto/057430db-9ecf-49e7-a222-6e03d15afcd7_hd.mp4,7049818,.mp4,video,c3c37f6e75abd7379cceefcdc89b414fcb09fc6da510c88841ac0e57196ce251,2025-12-19T21:55:17.556Z,2025-12-19T21:55:17.718Z,057430db-9ecf-49e7-a222-6e03d15afcd7,057430db-9ecf-49e7-a222-6e03d15afcd7,false,,,ok,mp4-family
GrokVault,full-vault-scan,/Users/philipbankier/Content/Grok IMagine/greymaker/GrokVault/2025-12-19_Auto/062b3ceb-ea90-4351-8856-c29395c27115.png,2025-12-19_Auto/062b3ceb-ea90-4351-8856-c29395c27115.png,360261,.png,image,790ac64310ed003e748f198b063b32ea1d6ef8dd6a8bf28290f5fb8de6ff8e68,2025-12-19T23:56:00.105Z,2025-12-19T23:56:00.106Z,062b3ceb-ea90-4351-8856-c29395c27115,062b3ceb-ea90-4351-8856-c29395c27115,false,,,ok,jpeg
GrokVault,full-vault-scan,/Users/philipbankier/Content/Grok IMagine/greymaker/GrokVault/2025-12-19_Auto/0bd7e9f0-ba12-4d26-ad1c-64435133bc3f.png,2025-12-19_Auto/0bd7e9f0-ba12-4d26-ad1c-64435133bc3f.png,328784,.png,image,0069beef9323bab0ef68c5079616904b8c4cc4ab6385e121dee3d3ff392cbe96,2025-12-19T23:51:36.222Z,2025-12-19T23:51:36.225Z,0bd7e9f0-ba12-4d26-ad1c-64435133bc3f,0bd7e9f0-ba12-4d26-ad1c-64435133bc3f,false,,,ok,jpeg
GrokVault,full-vault-scan,/Users/philipbankier/Content/Grok IMagine/greymaker/GrokVault/2025-12-19_Auto/0cef185c-1368-44db-b905-6b5ba4b7b459.png,2025-12-19_Auto/0cef185c-1368-44db-b905-6b5ba4b7b459.png,351492,.png,image,deb976472bab0b1ba465dee42d1edfd95872573cd1552e60ad3bbbeefcdd71b9,2025-12-19T23:55:38.058Z,2025-12-19T23:55:38.068Z,0cef185c-1368-44db-b905-6b5ba4b7b459,0cef185c-1368-44db-b905-6b5ba4b7b459,false,,,ok,jpeg
GrokVault,full-vault-scan,/Users/philipbankier/Content/Grok IMagine/greymaker/GrokVault/2025-12-19_Auto/2bff5a65-2d2e-43f6-ab36-ba77c1d14dc1.png,2025-12-19_Auto/2bff5a65-2d2e-43f6-ab36-ba77c1d14dc1.png,381981,.png,image,abdbc0669553c776db7b9454e36148cda96840b8c76ba3d81785a0d76d600974,2025-12-19T23:59:44.598Z,2025-12-19T23:59:44.601Z,2bff5a65-2d2e-43f6-ab36-ba77c1d14dc1,2bff5a65-2d2e-43f6-ab36-ba77c1d14dc1,false,,,ok,jpeg
GrokVault,full-vault-scan,/Users/philipbankier/Content/Grok IMagine/greymaker/GrokVault/2025-12-19_Auto/3ba23932-c617-4a70-b647-9ea4bb340008.png,2025-12-19_Auto/3ba23932-c617-4a70-b647-9ea4bb340008.png,274414,.png,image,ec8f40f2ca4c2be8828bd43388bf8dc3356785425a5eb49412f4cea9f40ade5c,2025-12-19T23:23:33.356Z,2025-12-19T23:23:33.360Z,3ba23932-c617-4a70-b647-9ea4bb340008,3ba23932-c617-4a70-b647-9ea4bb340008,false,,,ok,jpeg
GrokVault,full-vault-scan,/Users/philipbankier/Content/Grok IMagine/greymaker/GrokVault/2025-12-19_Auto/3d98c0e5-c993-4dda-9d09-28cf3723cf45.png,2025-12-19_Auto/3d98c0e5-c993-4dda-9d09-28cf3723cf45.png,331720,.png,image,8c870787aa4939292bc94667934201ed75ae5ad906ee6c9a8a22c34fff862f60,2025-12-19T23:54:31.975Z,2025-12-19T23:54:31.977Z,3d98c0e5-c993-4dda-9d09-28cf3723cf45,3d98c0e5-c993-4dda-9d09-28cf3723cf45,false,,,ok,jpeg
GrokVault,full-vault-scan,/Users/philipbankier/Content/Grok IMagine/greymaker/GrokVault/2025-12-19_Auto/3e714925-4fe7-48e9-ad10-a4f9e717ff88.png,2025-12-19_Auto/3e714925-4fe7-48e9-ad10-a4f9e717ff88.png,383627,.png,image,989c61d19b4a6a1baeebe070080b9bdeec90034179028d393a8c2868cbd18b05,2025-12-19T23:57:06.340Z,2025-12-19T23:57:06.346Z,3e714925-4fe7-48e9-ad10-a4f9e717ff88,3e714925-4fe7-48e9-ad10-a4f9e717ff88,false,,,ok,jpeg
GrokVault,full-vault-scan,/Users/philipbankier/Content/Grok IMagine/greymaker/GrokVault/2025-12-19_Auto/485665bb-3927-4149-a810-bdf2a6ec97fc.png,2025-12-19_Auto/485665bb-3927-4149-a810-bdf2a6ec97fc.png,261786,.png,image,039391b881f02b2418506c556bbd1e7b2c885b3a1f9b09dfd5b96451d4e348cc,2025-12-19T23:59:22.517Z,2025-12-19T23:59:22.520Z,485665bb-3927-4149-a810-bdf2a6ec97fc,485665bb-3927-4149-a810-bdf2a6ec97fc,false,,,ok,jpeg
GrokVault,full-vault-scan,/Users/philipbankier/Content/Grok IMagine/greymaker/GrokVault/2025-12-19_Auto/4ca786aa-cf3e-4bc7-8cd8-205b791fedbf.png,2025-12-19_Auto/4ca786aa-cf3e-4bc7-8cd8-205b791fedbf.png,319933,.png,image,64ee7ef544f124fd9f79c52c933d87a41c8f21267154de2816d5a65679395929,2025-12-19T23:17:47.846Z,2025-12-19T23:17:47.847Z,4ca786aa-cf3e-4bc7-8cd8-205b791fedbf,4ca786aa-cf3e-4bc7-8cd8-205b791fedbf,false,,,ok,jpeg
GrokVault,full-vault-scan,/Users/philipbankier/Content/Grok IMagine/greymaker/GrokVault/2025-12-19_Auto/54dbabed-ece1-45f1-b676-315df4bc52db.png,2025-12-19_Auto/54dbabed-ece1-45f1-b676-315df4bc52db.png,311974,.png,image,e749ee87fcd29c75a380ca7b52f213d023c52995da2810e0a2c372708e1d25c5,2025-12-19T23:51:14.220Z,2025-12-19T23:51:14.221Z,54dbabed-ece1-45f1-b676-315df4bc52db,54dbabed-ece1-45f1-b676-315df4bc52db,false,,,ok,jpeg
GrokVault,full-vault-scan,/Users/philipbankier/Content/Grok IMagine/greymaker/GrokVault/2025-12-19_Auto/584d77d8-220b-4258-a3c9-0d6489281668.png,2025-12-19_Auto/584d77d8-220b-4258-a3c9-0d6489281668.png,331541,.png,image,3d6a965c34c033a5c1642022b1f9c404e3402d14cac6ca1b7eab57887569a142,2025-12-19T23:26:31.735Z,2025-12-19T23:26:31.736Z,584d77d8-220b-4258-a3c9-0d6489281668,584d77d8-220b-4258-a3c9-0d6489281668,false,,,ok,jpeg
GrokVault,full-vault-scan,/Users/philipbankier/Content/Grok IMagine/greymaker/GrokVault/2025-12-19_Auto/5b9d1ddd-f5b1-4e31-bbb6-dc28b68a7467.png,2025-12-19_Auto/5b9d1ddd-f5b1-4e31-bbb6-dc28b68a7467.png,308732,.png,image,a1e18303b0b235fb7739f4b8024266e99451833952c3edd2d0f1e4e4488b10bb,2025-12-19T23:52:00.274Z,2025-12-19T23:52:00.277Z,5b9d1ddd-f5b1-4e31-bbb6-dc28b68a7467,5b9d1ddd-f5b1-4e31-bbb6-dc28b68a7467,false,,,ok,jpeg
GrokVault,full-vault-scan,/Users/philipbankier/Content/Grok IMagine/greymaker/GrokVault/2025-12-19_Auto/611a0f0a-9ed7-43e8-a5e1-ea1f8b2aba1a.png,2025-12-19_Auto/611a0f0a-9ed7-43e8-a5e1-ea1f8b2aba1a.png,354677,.png,image,b85456af7025c618ad4ce158ddecbfae1a5a728aecf80f0c939e907d459b730e,2025-12-19T23:27:20.337Z,2025-12-19T23:27:20.339Z,611a0f0a-9ed7-43e8-a5e1-ea1f8b2aba1a,611a0f0a-9ed7-43e8-a5e1-ea1f8b2aba1a,false,,,ok,jpeg
GrokVault,full-vault-scan,/Users/philipbankier/Content/Grok IMagine/greymaker/GrokVault/2025-12-19_Auto/62d11b26-8ac1-4879-9343-4232e99c8b98.png,2025-12-19_Auto/62d11b26-8ac1-4879-9343-4232e99c8b98.png,264101,.png,image,063212ce4a3cb29c388467b82835a05ce66aed88e6c92c45826738c67efcb54f,2025-12-19T23:23:55.347Z,2025-12-19T23:23:55.350Z,62d11b26-8ac1-4879-9343-4232e99c8b98,62d11b26-8ac1-4879-9343-4232e99c8b98,false,,,ok,jpeg
GrokVault,full-vault-scan,/Users/philipbankier/Content/Grok IMagine/greymaker/GrokVault/2025-12-19_Auto/64fd4810-bc9f-4231-84d1-f47978bfbfd2.png,2025-12-19_Auto/64fd4810-bc9f-4231-84d1-f47978bfbfd2.png,372271,.png,image,902baef3c150dc755b31dbecd22086bed767548a85f42fd4e9741f41d7544528,2025-12-19T23:55:16.081Z,2025-12-19T23:55:16.087Z,64fd4810-bc9f-4231-84d1-f47978bfbfd2,64fd4810-bc9f-4231-84d1-f47978bfbfd2,false,,,ok,jpeg
GrokVault,full-vault-scan,/Users/philipbankier/Content/Grok IMagine/greymaker/GrokVault/2025-12-19_Auto/66801c61-da1f-49e1-baab-810a8d66dd75.png,2025-12-19_Auto/66801c61-da1f-49e1-baab-810a8d66dd75.png,311268,.png,image,964f681b21d8890b8197fb6d3fb0dfce42b1466d3b9872228d5113c35a324b2f,2025-12-19T23:25:25.608Z,2025-12-19T23:25:25.610Z,66801c61-da1f-49e1-baab-810a8d66dd75,66801c61-da1f-49e1-baab-810a8d66dd75,false,,,ok,jpeg
GrokVault,full-vault-scan,/Users/philipbankier/Content/Grok IMagine/greymaker/GrokVault/2025-12-19_Auto/66dcbab8-6da3-4f03-9e89-cf7b9e3f668e.png,2025-12-19_Auto/66dcbab8-6da3-4f03-9e89-cf7b9e3f668e.png,376207,.png,image,bf606fb6dd0fbeaec597fb6acc91d4bf601d1c8b84030bd3bb199908347a7e7f,2025-12-19T23:58:14.422Z,2025-12-19T23:58:14.424Z,66dcbab8-6da3-4f03-9e89-cf7b9e3f668e,66dcbab8-6da3-4f03-9e89-cf7b9e3f668e,false,,,ok,jpeg
GrokVault,full-vault-scan,/Users/philipbankier/Content/Grok IMagine/greymaker/GrokVault/2025-12-19_Auto/68e00bb0-5cec-4cae-8001-f487d3677d67.png,2025-12-19_Auto/68e00bb0-5cec-4cae-8001-f487d3677d67.png,299910,.png,image,285c2198064067a8c96c3494ae4a6077701b7bef60bc942f1d79f4e6c4680579,2025-12-19T23:59:00.542Z,2025-12-19T23:59:00.545Z,68e00bb0-5cec-4cae-8001-f487d3677d67,68e00bb0-5cec-4cae-8001-f487d3677d67,false,,,ok,jpeg
GrokVault,full-vault-scan,/Users/philipbankier/Content/Grok IMagine/greymaker/GrokVault/2025-12-19_Auto/6e37c65f-dddf-4adf-b618-1fcbb0a38123.png,2025-12-19_Auto/6e37c65f-dddf-4adf-b618-1fcbb0a38123.png,347455,.png,image,4a2543a6dd90e44c6e4839c74b29b30efe481912eaea4dd78620e278eb4c0c91,2025-12-19T23:57:28.372Z,2025-12-19T23:57:28.376Z,6e37c65f-dddf-4adf-b618-1fcbb0a38123,6e37c65f-dddf-4adf-b618-1fcbb0a38123,false,,,ok,jpeg
GrokVault,full-vault-scan,/Users/philipbankier/Content/Grok IMagine/greymaker/GrokVault/2025-12-19_Auto/6ed4a908-97fc-4fbe-bd6b-4f2bca8b5217.png,2025-12-19_Auto/6ed4a908-97fc-4fbe-bd6b-4f2bca8b5217.png,372942,.png,image,84df1a5b5a2f865e2fa71b483ce237b83e032e5af1d0e82b09f4b49ff402241b,2025-12-19T23:56:44.338Z,2025-12-19T23:56:44.342Z,6ed4a908-97fc-4fbe-bd6b-4f2bca8b5217,6ed4a908-97fc-4fbe-bd6b-4f2bca8b5217,false,,,ok,jpeg
GrokVault,full-vault-scan,/Users/philipbankier/Content/Grok IMagine/greymaker/GrokVault/2025-12-19_Auto/6fb88eaf-3e31-400d-bac2-fd1e0f0a3640.png,2025-12-19_Auto/6fb88eaf-3e31-400d-bac2-fd1e0f0a3640.png,358227,.png,image,13b0821467cbfe1126e01003fd87dc62dc43d577cc7b7dfcb37551b2f6ae3d45,2025-12-19T23:54:07.866Z,2025-12-19T23:54:07.868Z,6fb88eaf-3e31-400d-bac2-fd1e0f0a3640,6fb88eaf-3e31-400d-bac2-fd1e0f0a3640,false,,,ok,jpeg
GrokVault,full-vault-scan,/Users/philipbankier/Content/Grok IMagine/greymaker/GrokVault/2025-12-19_Auto/7236c65c-53cc-4db5-9d88-5fdfaf57e37f.png,2025-12-19_Auto/7236c65c-53cc-4db5-9d88-5fdfaf57e37f.png,355220,.png,image,40101eed3888a03f1021a92b1a0fa1c851337187cb5d84176ce4736fed30d90c,2025-12-19T23:15:35.538Z,2025-12-19T23:15:35.542Z,7236c65c-53cc-4db5-9d88-5fdfaf57e37f,7236c65c-53cc-4db5-9d88-5fdfaf57e37f,false,,,ok,jpeg
GrokVault,full-vault-scan,/Users/philipbankier/Content/Grok IMagine/greymaker/GrokVault/2025-12-19_Auto/74b1e38b-c48f-43ba-8a7e-85f708462990.png,2025-12-19_Auto/74b1e38b-c48f-43ba-8a7e-85f708462990.png,363049,.png,image,3afceb963f070f567a8baae45aeff331bfbdc24e5b9c3e62267072477759747d,2025-12-19T23:58:36.463Z,2025-12-19T23:58:36.465Z,74b1e38b-c48f-43ba-8a7e-85f708462990,74b1e38b-c48f-43ba-8a7e-85f708462990,false,,,ok,jpeg
GrokVault,full-vault-scan,/Users/philipbankier/Content/Grok IMagine/greymaker/GrokVault/2025-12-19_Auto/78a50087-a830-4305-8ce9-081bed852c93.png,2025-12-19_Auto/78a50087-a830-4305-8ce9-081bed852c93.png,387728,.png,image,aad6c57649a37c84529a3348a0326fb7138443b7b154480c8bf1404b68f33a08,2025-12-19T23:56:22.196Z,2025-12-19T23:56:22.200Z,78a50087-a830-4305-8ce9-081bed852c93,78a50087-a830-4305-8ce9-081bed852c93,false,,,ok,jpeg
GrokVault,full-vault-scan,/Users/philipbankier/Content/Grok IMagine/greymaker/GrokVault/2025-12-19_Auto/7cd4f112-d0c1-437d-b650-12ee544f3ebc.png,2025-12-19_Auto/7cd4f112-d0c1-437d-b650-12ee544f3ebc.png,335829,.png,image,e0351ffb64131875b2f2f646ebcd40112342600561318ad347af1b792c04bce1,2025-12-19T23:17:03.720Z,2025-12-19T23:17:03.725Z,7cd4f112-d0c1-437d-b650-12ee544f3ebc,7cd4f112-d0c1-437d-b650-12ee544f3ebc,false,,,ok,jpeg
GrokVault,full-vault-scan,/Users/philipbankier/Content/Grok IMagine/greymaker/GrokVault/2025-12-19_Auto/857da05f-e2bd-46de-a678-914a7911f62a.png,2025-12-19_Auto/857da05f-e2bd-46de-a678-914a7911f62a.png,400329,.png,image,33311453bb4d744a73586850a2662e0cc40046173603da40170b39a388e9687d,2025-12-19T23:16:41.693Z,2025-12-19T23:16:41.695Z,857da05f-e2bd-46de-a678-914a7911f62a,857da05f-e2bd-46de-a678-914a7911f62a,false,,,ok,jpeg
GrokVault,full-vault-scan,/Users/philipbankier/Content/Grok IMagine/greymaker/GrokVault/2025-12-19_Auto/92fa667b-eefb-49a3-8558-36396ede6a3e.png,2025-12-19_Auto/92fa667b-eefb-49a3-8558-36396ede6a3e.png,349766,.png,image,6bf987a01b30a1e701ab711cb7aa1a0c21fbdcdb351c6076f948c66bd7eeca0d,2025-12-19T23:15:13.437Z,2025-12-19T23:15:13.438Z,92fa667b-eefb-49a3-8558-36396ede6a3e,92fa667b-eefb-49a3-8558-36396ede6a3e,false,,,ok,jpeg
GrokVault,full-vault-scan,/Users/philipbankier/Content/Grok IMagine/greymaker/GrokVault/2025-12-19_Auto/98be1adc-af01-4c41-a83a-daace1d3c2e9.png,2025-12-19_Auto/98be1adc-af01-4c41-a83a-daace1d3c2e9.png,365615,.png,image,b029ee27fed304d81049aa5f690eef34de6d04355cd021a322ff3193a6146988,2025-12-19T23:18:51.853Z,2025-12-19T23:18:51.854Z,98be1adc-af01-4c41-a83a-daace1d3c2e9,98be1adc-af01-4c41-a83a-daace1d3c2e9,false,,,ok,jpeg
GrokVault,full-vault-scan,/Users/philipbankier/Content/Grok IMagine/greymaker/GrokVault/2025-12-19_Auto/a328001b-10b1-429d-bf7d-2f596b26181a.png,2025-12-19_Auto/a328001b-10b1-429d-bf7d-2f596b26181a.png,380875,.png,image,12978e00fdd4098bd79ebcf28e2d96b6b67ace44ebf832ba3a7d0ba4dfe8f148,2025-12-19T23:14:51.410Z,2025-12-19T23:14:51.427Z,a328001b-10b1-429d-bf7d-2f596b26181a,a328001b-10b1-429d-bf7d-2f596b26181a,false,,,ok,jpeg
GrokVault,full-vault-scan,/Users/philipbankier/Content/Grok IMagine/greymaker/GrokVault/2025-12-19_Auto/b9a05023-e6cb-412b-8574-483ccfc7d7ef.png,2025-12-19_Auto/b9a05023-e6cb-412b-8574-483ccfc7d7ef.png,284030,.png,image,a364ef3daaf188425609b07f9d43b23df38f9a646f84a61e19d0adb1a716800d,2025-12-19T23:25:47.608Z,2025-12-19T23:25:47.618Z,b9a05023-e6cb-412b-8574-483ccfc7d7ef,b9a05023-e6cb-412b-8574-483ccfc7d7ef,false,,,ok,jpeg
GrokVault,full-vault-scan,/Users/philipbankier/Content/Grok IMagine/greymaker/GrokVault/2025-12-19_Auto/de7b50f1-69d5-4f99-a048-780b0be72a2f.png,2025-12-19_Auto/de7b50f1-69d5-4f99-a048-780b0be72a2f.png,266377,.png,image,cdf859173138c1973b2ca6fe6c53aa3ca6c4675aee2ee7f78a11ac6c9455e92a,2025-12-19T23:25:03.558Z,2025-12-19T23:25:03.563Z,de7b50f1-69d5-4f99-a048-780b0be72a2f,de7b50f1-69d5-4f99-a048-780b0be72a2f,false,filename-1,hash-1,ok,jpeg
GrokVault,full-vault-scan,/Users/philipbankier/Content/Grok IMagine/greymaker/GrokVault/2025-12-19_Auto/e5312705-c56f-42bb-afa5-be7a46f47862.png,2025-12-19_Auto/e5312705-c56f-42bb-afa5-be7a46f47862.png,391633,.png,image,9be888723c8cfc57922cf8798527c6c6ed9907d7d3347a5f26ab450ef36f79cc,2025-12-19T23:57:52.434Z,2025-12-19T23:57:52.450Z,e5312705-c56f-42bb-afa5-be7a46f47862,e5312705-c56f-42bb-afa5-be7a46f47862,false,,,ok,jpeg
GrokVault,full-vault-scan,/Users/philipbankier/Content/Grok IMagine/greymaker/GrokVault/2025-12-19_Auto/e59382ff-7a2a-45ac-acc9-b688a0c0ea82.png,2025-12-19_Auto/e59382ff-7a2a-45ac-acc9-b688a0c0ea82.png,335910,.png,image,338054dd890ab84e7f71e0d3ad64cb35077616e7ddb81221cbe4ba8e05f75fe5,2025-12-19T23:17:25.796Z,2025-12-19T23:17:25.800Z,e59382ff-7a2a-45ac-acc9-b688a0c0ea82,e59382ff-7a2a-45ac-acc9-b688a0c0ea82,false,,,ok,jpeg
GrokVault,full-vault-scan,/Users/philipbankier/Content/Grok IMagine/greymaker/GrokVault/2025-12-19_Auto/e6427d2c-f4a8-48b1-a5b6-408f7285f53f_hd (1).mp4,2025-12-19_Auto/e6427d2c-f4a8-48b1-a5b6-408f7285f53f_hd (1).mp4,2003750,.mp4,video,7089bd56b1b387cc3dfd9182d59fde6e90d0227add87b6363b8672fbe1e4a3f1,2025-12-19T21:55:33.966Z,2025-12-19T21:55:33.967Z,e6427d2c-f4a8-48b1-a5b6-408f7285f53f,e6427d2c-f4a8-48b1-a5b6-408f7285f53f,false,,hash-2,ok,mp4-family
GrokVault,full-vault-scan,/Users/philipbankier/Content/Grok IMagine/greymaker/GrokVault/2025-12-19_Auto/e6427d2c-f4a8-48b1-a5b6-408f7285f53f_hd.mp4,2025-12-19_Auto/e6427d2c-f4a8-48b1-a5b6-408f7285f53f_hd.mp4,2003750,.mp4,video,7089bd56b1b387cc3dfd9182d59fde6e90d0227add87b6363b8672fbe1e4a3f1,2025-12-19T21:55:31.177Z,2025-12-19T21:55:31.209Z,e6427d2c-f4a8-48b1-a5b6-408f7285f53f,e6427d2c-f4a8-48b1-a5b6-408f7285f53f,false,,hash-2,ok,mp4-family
GrokVault,full-vault-scan,/Users/philipbankier/Content/Grok IMagine/greymaker/GrokVault/2025-12-19_Auto/e6f5a59a-5843-4871-95ad-c1eb458afead.png,2025-12-19_Auto/e6f5a59a-5843-4871-95ad-c1eb458afead.png,376455,.png,image,9ed76c00511698433f6caba09dd49ebd521e7fab30efc029b2b064c841012f5f,2025-12-19T23:54:53.965Z,2025-12-19T23:54:53.968Z,e6f5a59a-5843-4871-95ad-c1eb458afead,e6f5a59a-5843-4871-95ad-c1eb458afead,false,,,ok,jpeg
GrokVault,full-vault-scan,/Users/philipbankier/Content/Grok IMagine/greymaker/GrokVault/2025-12-19_Auto/e821bc35-b2b6-403f-8168-25740ef5d776.png,2025-12-19_Auto/e821bc35-b2b6-403f-8168-25740ef5d776.png,339984,.png,image,9962643145f29e0f85dcbdd6851926b23a4e56260357a919f687bacd0b99a96f,2025-12-19T23:53:45.856Z,2025-12-19T23:53:45.863Z,e821bc35-b2b6-403f-8168-25740ef5d776,e821bc35-b2b6-403f-8168-25740ef5d776,false,,,ok,jpeg
GrokVault,full-vault-scan,/Users/philipbankier/Content/Grok IMagine/greymaker/GrokVault/2025-12-19_Auto/e8e9a172-6cb5-419c-8f39-6991f7a23521.png,2025-12-19_Auto/e8e9a172-6cb5-419c-8f39-6991f7a23521.png,295712,.png,image,9fccc1e885599386fb61c500ab3c878896f940306e969120893996a79ceb5703,2025-12-19T23:24:41.482Z,2025-12-19T23:24:41.485Z,e8e9a172-6cb5-419c-8f39-6991f7a23521,e8e9a172-6cb5-419c-8f39-6991f7a23521,false,,,ok,jpeg
GrokVault,full-vault-scan,/Users/philipbankier/Content/Grok IMagine/greymaker/GrokVault/2025-12-19_Auto/f122d321-34eb-4699-8b12-38f0b9af6627.png,2025-12-19_Auto/f122d321-34eb-4699-8b12-38f0b9af6627.png,404386,.png,image,ef62325038fb3548a9e659c5963ea52a7edece79b9620612e0fd0a4041b68fbb,2025-12-19T23:15:57.561Z,2025-12-19T23:15:57.565Z,f122d321-34eb-4699-8b12-38f0b9af6627,f122d321-34eb-4699-8b12-38f0b9af6627,false,,,ok,jpeg
GrokVault,full-vault-scan,/Users/philipbankier/Content/Grok IMagine/greymaker/GrokVault/2025-12-19_Auto/f3bdf2d4-e7e1-4c9e-9296-f656755bf0ad.png,2025-12-19_Auto/f3bdf2d4-e7e1-4c9e-9296-f656755bf0ad.png,275263,.png,image,89c1bad43f8e573a680ea2094b3ae0eb461e20d626841aaa1a235d35bd93d8a1,2025-12-19T23:26:09.711Z,2025-12-19T23:26:09.712Z,f3bdf2d4-e7e1-4c9e-9296-f656755bf0ad,f3bdf2d4-e7e1-4c9e-9296-f656755bf0ad,false,,,ok,jpeg
GrokVault,full-vault-scan,/Users/philipbankier/Content/Grok IMagine/greymaker/GrokVault/2025-12-19_Auto/f5f70042-459f-4e11-945b-76c49814813f.png,2025-12-19_Auto/f5f70042-459f-4e11-945b-76c49814813f.png,310351,.png,image,984b32dd2606775be7807ff9bdd42e86f77763c2269b4108c2a34f193024c983,2025-12-19T23:24:17.440Z,2025-12-19T23:24:17.442Z,f5f70042-459f-4e11-945b-76c49814813f,f5f70042-459f-4e11-945b-76c49814813f,false,,,ok,jpeg
GrokVault,full-vault-scan,/Users/philipbankier/Content/Grok IMagine/greymaker/GrokVault/2025-12-20_Auto/001965d3-8148-4211-b52d-4fc6b5dadecb.mp4,2025-12-20_Auto/001965d3-8148-4211-b52d-4fc6b5dadecb.mp4,1797033,.mp4,video,39ba07360c6bb905fad5d0f34165178ab1ad3af5a4a53cfc4b37602a5004dd76,2025-12-20T23:43:44.058Z,2025-12-20T23:43:44.060Z,001965d3-8148-4211-b52d-4fc6b5dadecb,001965d3-8148-4211-b52d-4fc6b5dadecb,false,,,ok,mp4-family
GrokVault,full-vault-scan,/Users/philipbankier/Content/Grok IMagine/greymaker/GrokVault/2025-12-20_Auto/003c5597-cac0-40e0-895f-b86fab34ab5e.png,2025-12-20_Auto/003c5597-cac0-40e0-895f-b86fab34ab5e.png,330692,.png,image,2f8e1db15755f197db5c2dfc80c238602cbebe35ae25a60140dad981f5b19530,2025-12-20T04:03:27.997Z,2025-12-20T04:03:28.000Z,003c5597-cac0-40e0-895f-b86fab34ab5e,003c5597-cac0-40e0-895f-b86fab34ab5e,false,,,ok,jpeg
GrokVault,full-vault-scan,/Users/philipbankier/Content/Grok IMagine/greymaker/GrokVault/2025-12-20_Auto/005537bb-3a52-43e5-a346-da3235a11e01.png,2025-12-20_Auto/005537bb-3a52-43e5-a346-da3235a11e01.png,355280,.png,image,544d7f41ab5e4767bec42a17d20434f594333a0a2077722eedd3401105bb25fd,2025-12-20T22:38:22.650Z,2025-12-20T22:38:22.727Z,005537bb-3a52-43e5-a346-da3235a11e01,005537bb-3a52-43e5-a346-da3235a11e01,false,,,ok,jpeg
GrokVault,full-vault-scan,/Users/philipbankier/Content/Grok IMagine/greymaker/GrokVault/2025-12-20_Auto/005553b4-3e17-4817-b6df-568610655733.png,2025-12-20_Auto/005553b4-3e17-4817-b6df-568610655733.png,279817,.png,image,285aae08b0f5b230e12ef45cd0eab5f07253b96f910407c1c32188780a780119,2025-12-20T21:49:42.646Z,2025-12-20T21:49:42.705Z,005553b4-3e17-4817-b6df-568610655733,005553b4-3e17-4817-b6df-568610655733,false,,,ok,jpeg
GrokVault,full-vault-scan,/Users/philipbankier/Content/Grok IMagine/greymaker/GrokVault/2025-12-20_Auto/00616a00-2658-4a90-b93f-0f9413568525.mp4,2025-12-20_Auto/00616a00-2658-4a90-b93f-0f9413568525.mp4,1519958,.mp4,video,b68874543065d1223eaeba10f6d55fdeb08f775e7c198a5c8e0ab4fb646e7f21,2025-12-20T23:40:39.366Z,2025-12-20T23:40:39.367Z,00616a00-2658-4a90-b93f-0f9413568525,00616a00-2658-4a90-b93f-0f9413568525,false,,,ok,mp4-family
GrokVault,full-vault-scan,/Users/philipbankier/Content/Grok IMagine/greymaker/GrokVault/2025-12-20_Auto/0064a41c-a87f-4542-a9a7-a50d9b90fa41.png,2025-12-20_Auto/0064a41c-a87f-4542-a9a7-a50d9b90fa41.png,202778,.png,image,772dd1822a435a21a7a09bd18422bfc4061cf0bf2497fed5f5fc9a45f913f3f6,2025-12-20T20:07:41.137Z,2025-12-20T20:07:41.195Z,0064a41c-a87f-4542-a9a7-a50d9b90fa41,0064a41c-a87f-4542-a9a7-a50d9b90fa41,false,,,ok,jpeg
GrokVault,full-vault-scan,/Users/philipbankier/Content/Grok IMagine/greymaker/GrokVault/2025-12-20_Auto/0100f5cd-f519-4e48-a7ed-160a7a5402c9.png,2025-12-20_Auto/0100f5cd-f519-4e48-a7ed-160a7a5402c9.png,360091,.png,image,7dfce4381bcecbec876b2b560a58e2391f0f1f5bf9086f62a6692d83fccf8bb9,2025-12-20T23:10:50.355Z,2025-12-20T23:10:50.420Z,0100f5cd-f519-4e48-a7ed-160a7a5402c9,0100f5cd-f519-4e48-a7ed-160a7a5402c9,false,,,ok,jpeg
GrokVault,full-vault-scan,/Users/philipbankier/Content/Grok IMagine/greymaker/GrokVault/2025-12-20_Auto/01332cd4-23b5-42e1-9c7c-f2f1dd9c3198.mp4,2025-12-20_Auto/01332cd4-23b5-42e1-9c7c-f2f1dd9c3198.mp4,1676224,.mp4,video,777a0fcc21f32970cfa2a12becc8c3b1ca2dce923614eb0b4fdfcc386b13a933,2025-12-20T22:51:04.559Z,2025-12-20T22:51:04.561Z,01332cd4-23b5-42e1-9c7c-f2f1dd9c3198,01332cd4-23b5-42e1-9c7c-f2f1dd9c3198,false,,,ok,mp4-family
GrokVault,full-vault-scan,/Users/philipbankier/Content/Grok IMagine/greymaker/GrokVault/2025-12-20_Auto/0142cf1d-82c2-4ce2-b21e-7590131ea002.png,2025-12-20_Auto/0142cf1d-82c2-4ce2-b21e-7590131ea002.png,276040,.png,image,1a2990235ad9952dd2a5b04b0db3e9d2cde43e3faa64398f9d5efbf1cb4f26b1,2025-12-20T23:16:24.816Z,2025-12-20T23:16:24.875Z,0142cf1d-82c2-4ce2-b21e-7590131ea002,0142cf1d-82c2-4ce2-b21e-7590131ea002,false,,,ok,jpeg
GrokVault,full-vault-scan,/Users/philipbankier/Content/Grok IMagine/greymaker/GrokVault/2025-12-20_Auto/017248f8-6324-405d-8d02-84bd4c50ab6d.mp4,2025-12-20_Auto/017248f8-6324-405d-8d02-84bd4c50ab6d.mp4,3082097,.mp4,video,7c78eec839b4d72a19dfb73f54aae30b739e11e2bc0b0a5bd284cab4e0591966,2025-12-20T03:29:11.263Z,2025-12-20T03:29:11.265Z,017248f8-6324-405d-8d02-84bd4c50ab6d,017248f8-6324-405d-8d02-84bd4c50ab6d,false,,,ok,mp4-family
GrokVault,full-vault-scan,/Users/philipbankier/Content/Grok IMagine/greymaker/GrokVault/2025-12-20_Auto/01bd097c-469f-4d17-8a85-a0799f2c3dd9.png,2025-12-20_Auto/01bd097c-469f-4d17-8a85-a0799f2c3dd9.png,226891,.png,image,c6de3bb154ae4babb9a9438cf807baf7a33c3afa3cb8598c0ed3c64f0d29fef3,2025-12-20T05:06:56.202Z,2025-12-20T05:06:56.204Z,01bd097c-469f-4d17-8a85-a0799f2c3dd9,01bd097c-469f-4d17-8a85-a0799f2c3dd9,false,,,ok,jpeg
GrokVault,full-vault-scan,/Users/philipbankier/Content/Grok IMagine/greymaker/GrokVault/2025-12-20_Auto/0258a63b-d461-4a2d-bd55-e0c3faff8dcf.mp4,2025-12-20_Auto/0258a63b-d461-4a2d-bd55-e0c3faff8dcf.mp4,1088365,.mp4,video,f55a71cbbccd688abcd8f92dd092c3e22c8a2710feb01c8fb2b98ada55796424,2025-12-20T22:26:52.242Z,2025-12-20T22:26:52.243Z,0258a63b-d461-4a2d-bd55-e0c3faff8dcf,0258a63b-d461-4a2d-bd55-e0c3faff8dcf,false,,,ok,mp4-family
GrokVault,full-vault-scan,/Users/philipbankier/Content/Grok IMagine/greymaker/GrokVault/2025-12-20_Auto/02cee66c-fd39-4e35-b2c9-4541e3de8cd4.mp4,2025-12-20_Auto/02cee66c-fd39-4e35-b2c9-4541e3de8cd4.mp4,1743679,.mp4,video,b28a136911cfdb43aa9352efc09c24e22b29ff3c31873818e448891939d61479,2025-12-20T23:48:00.468Z,2025-12-20T23:48:00.481Z,02cee66c-fd39-4e35-b2c9-4541e3de8cd4,02cee66c-fd39-4e35-b2c9-4541e3de8cd4,false,,,ok,mp4-family
GrokVault,full-vault-scan,/Users/philipbankier/Content/Grok IMagine/greymaker/GrokVault/2025-12-20_Auto/03056db0-c610-4b38-9ec8-6e2f08c7b4b5.png,2025-12-20_Auto/03056db0-c610-4b38-9ec8-6e2f08c7b4b5.png,234436,.png,image,0ab8c1a2c5665decc3e653b1134129224e6b4bd6f2b893d3437adcfc8188d649,2025-12-20T05:35:36.942Z,2025-12-20T05:35:36.946Z,03056db0-c610-4b38-9ec8-6e2f08c7b4b5,03056db0-c610-4b38-9ec8-6e2f08c7b4b5,false,,,ok,jpeg
GrokVault,full-vault-scan,/Users/philipbankier/Content/Grok IMagine/greymaker/GrokVault/2025-12-20_Auto/03634ee2-0d09-4e6a-bf6e-878f926dcb51.mp4,2025-12-20_Auto/03634ee2-0d09-4e6a-bf6e-878f926dcb51.mp4,2053762,.mp4,video,f78d50cd5eded0167166cec56766e58b73ac1538fe5f5ff5e5668458a369c9e4,2025-12-20T03:28:05.032Z,2025-12-20T03:28:05.034Z,03634ee2-0d09-4e6a-bf6e-878f926dcb51,03634ee2-0d09-4e6a-bf6e-878f926dcb51,false,,,ok,mp4-family
GrokVault,full-vault-scan,/Users/philipbankier/Content/Grok IMagine/greymaker/GrokVault/2025-12-20_Auto/036665dc-3f22-4078-959f-ae3b3fd2561a.png,2025-12-20_Auto/036665dc-3f22-4078-959f-ae3b3fd2561a.png,229131,.png,image,81552f636445da82a1a69519da05e1d5eb43352f8d9cbac8e8f016aac4f5f2e1,2025-12-20T05:21:40.689Z,2025-12-20T05:21:40.692Z,036665dc-3f22-4078-959f-ae3b3fd2561a,036665dc-3f22-4078-959f-ae3b3fd2561a,false,,,ok,jpeg
GrokVault,full-vault-scan,/Users/philipbankier/Content/Grok IMagine/greymaker/GrokVault/2025-12-20_Auto/0383c941-14bd-4a88-909c-c8267f56f3a3.png,2025-12-20_Auto/0383c941-14bd-4a88-909c-c8267f56f3a3.png,378092,.png,image,6da66896eb82fae421609e59764d9a2b89bed453ad591754f6f69dcfd8c78c03,2025-12-20T22:36:10.650Z,2025-12-20T22:36:10.735Z,0383c941-14bd-4a88-909c-c8267f56f3a3,0383c941-14bd-4a88-909c-c8267f56f3a3,false,,,ok,jpeg
GrokVault,full-vault-scan,/Users/philipbankier/Content/Grok IMagine/greymaker/GrokVault/2025-12-20_Auto/03c1d558-7612-41f7-b5dd-c70d7b01b7ce.png,2025-12-20_Auto/03c1d558-7612-41f7-b5dd-c70d7b01b7ce.png,304613,.png,image,60a22608e7a20188bb153fc283643cc7b415de7d67c01b1217686c0c1ab66a1f,2025-12-20T00:03:33.154Z,2025-12-20T00:03:33.156Z,03c1d558-7612-41f7-b5dd-c70d7b01b7ce,03c1d558-7612-41f7-b5dd-c70d7b01b7ce,false,,,ok,jpeg
GrokVault,full-vault-scan,/Users/philipbankier/Content/Grok IMagine/greymaker/GrokVault/2025-12-20_Auto/041e52a8-772e-4b29-9dc3-f6fa96e25d35.png,2025-12-20_Auto/041e52a8-772e-4b29-9dc3-f6fa96e25d35.png,236776,.png,image,ff5e7f166b18e20eae551fb5460f9a968b2eafd01401cd1ff324e3ae7302341e,2025-12-20T23:21:14.169Z,2025-12-20T23:21:14.237Z,041e52a8-772e-4b29-9dc3-f6fa96e25d35,041e52a8-772e-4b29-9dc3-f6fa96e25d35,false,,,ok,jpeg
GrokVault,full-vault-scan,/Users/philipbankier/Content/Grok IMagine/greymaker/GrokVault/2025-12-20_Auto/04398c64-e752-4098-85f6-02b82aa5d39b.png,2025-12-20_Auto/04398c64-e752-4098-85f6-02b82aa5d39b.png,294729,.png,image,700213a44a73ddb59028e814f1df0be69c479ae1a1d6ad14c50f56432df7e453,2025-12-20T21:52:35.653Z,2025-12-20T21:52:35.719Z,04398c64-e752-4098-85f6-02b82aa5d39b,04398c64-e752-4098-85f6-02b82aa5d39b,false,,,ok,jpeg
GrokVault,full-vault-scan,/Users/philipbankier/Content/Grok IMagine/greymaker/GrokVault/2025-12-20_Auto/044fb8f9-bd90-479c-8e5e-d69c623f0ccd.png,2025-12-20_Auto/044fb8f9-bd90-479c-8e5e-d69c623f0ccd.png,243566,.png,image,d8c886c361348c1007a0f278b69f55243af4c5e101fbe09174362db370df7ac7,2025-12-20T21:19:43.705Z,2025-12-20T21:19:43.774Z,044fb8f9-bd90-479c-8e5e-d69c623f0ccd,044fb8f9-bd90-479c-8e5e-d69c623f0ccd,false,,,ok,jpeg
GrokVault,full-vault-scan,/Users/philipbankier/Content/Grok IMagine/greymaker/GrokVault/2025-12-20_Auto/04614a27-28cd-4c26-a26b-2d94fb541477.mp4,2025-12-20_Auto/04614a27-28cd-4c26-a26b-2d94fb541477.mp4,1614495,.mp4,video,8b1b5e5af19019c964d1e6433ce4fc76a66db6c3f1136db8b5243ba37f84212c,2025-12-20T23:52:16.164Z,2025-12-20T23:52:16.165Z,04614a27-28cd-4c26-a26b-2d94fb541477,04614a27-28cd-4c26-a26b-2d94fb541477,false,,,ok,mp4-family
GrokVault,full-vault-scan,/Users/philipbankier/Content/Grok IMagine/greymaker/GrokVault/2025-12-20_Auto/0476a796-b4d4-4e63-8a85-5284e0bd3098.mp4,2025-12-20_Auto/0476a796-b4d4-4e63-8a85-5284e0bd3098.mp4,1712168,.mp4,video,2bf0c9c854539577e8c4c816ef90e361b6b7178842916996f0cb31470298c7d0,2025-12-20T22:22:06.713Z,2025-12-20T22:22:06.715Z,0476a796-b4d4-4e63-8a85-5284e0bd3098,0476a796-b4d4-4e63-8a85-5284e0bd3098,false,,,ok,mp4-family
GrokVault,full-vault-scan,/Users/philipbankier/Content/Grok IMagine/greymaker/GrokVault/2025-12-20_Auto/04eedf42-c3e7-440e-8b61-798659d7fecd.png,2025-12-20_Auto/04eedf42-c3e7-440e-8b61-798659d7fecd.png,283146,.png,image,1e934a833cda41af1f00fd0c21d0431da43028374b0fba60f68c6397577c3ea6,2025-12-20T22:01:40.984Z,2025-12-20T22:01:41.056Z,04eedf42-c3e7-440e-8b61-798659d7fecd,04eedf42-c3e7-440e-8b61-798659d7fecd,false,,,ok,jpeg
GrokVault,full-vault-scan,/Users/philipbankier/Content/Grok IMagine/greymaker/GrokVault/2025-12-20_Auto/050cbb7d-bff6-4dbb-ad8b-8ca42e9e614f.mp4,2025-12-20_Auto/050cbb7d-bff6-4dbb-ad8b-8ca42e9e614f.mp4,1925451,.mp4,video,0cfc53a83403860c25a0f596543e8328f342b56432c5bcc0b3daf13adf5cc985,2025-12-20T23:49:39.247Z,2025-12-20T23:49:39.249Z,050cbb7d-bff6-4dbb-ad8b-8ca42e9e614f,050cbb7d-bff6-4dbb-ad8b-8ca42e9e614f,false,,,ok,mp4-family
GrokVault,full-vault-scan,/Users/philipbankier/Content/Grok IMagine/greymaker/GrokVault/2025-12-20_Auto/05134b5d-0ead-4444-9ce6-c2017681aa26.png,2025-12-20_Auto/05134b5d-0ead-4444-9ce6-c2017681aa26.png,228254,.png,image,0750b01cf3b70ab17f4f97ebcf8c850dfa5f8d29b4cfdaaf8efdf8427e927c22,2025-12-20T20:58:46.208Z,2025-12-20T20:58:46.265Z,05134b5d-0ead-4444-9ce6-c2017681aa26,05134b5d-0ead-4444-9ce6-c2017681aa26,false,,,ok,jpeg
GrokVault,full-vault-scan,/Users/philipbankier/Content/Grok IMagine/greymaker/GrokVault/2025-12-20_Auto/0571e02e-7e30-4f01-b0aa-57a0065e0de4.png,2025-12-20_Auto/0571e02e-7e30-4f01-b0aa-57a0065e0de4.png,223588,.png,image,5642176ca0039e79fdf181cb511ed8cbb93656792d65b359df68500ee0e32633,2025-12-20T21:15:26.050Z,2025-12-20T21:15:26.107Z,0571e02e-7e30-4f01-b0aa-57a0065e0de4,0571e02e-7e30-4f01-b0aa-57a0065e0de4,false,,,ok,jpeg
GrokVault,full-vault-scan,/Users/philipbankier/Content/Grok IMagine/greymaker/GrokVault/2025-12-20_Auto/05ac07b4-0b3e-479d-aa12-acd3d2cdd884.mp4,2025-12-20_Auto/05ac07b4-0b3e-479d-aa12-acd3d2cdd884.mp4,1372356,.mp4,video,ce73dcd8d9e11bb6b64bc5c02ae229c629479d910b6853487f61dcb8e2dcfef4,2025-12-20T23:36:52.405Z,2025-12-20T23:36:52.407Z,05ac07b4-0b3e-479d-aa12-acd3d2cdd884,05ac07b4-0b3e-479d-aa12-acd3d2cdd884,false,,,ok,mp4-family
GrokVault,full-vault-scan,/Users/philipbankier/Content/Grok IMagine/greymaker/GrokVault/2025-12-20_Auto/05fde0b3-1783-4ae0-bfe4-5f4bf58f4905.mp4,2025-12-20_Auto/05fde0b3-1783-4ae0-bfe4-5f4bf58f4905.mp4,1433211,.mp4,video,36fcd8756f1243672ab8d441333cf77944180a7ee866d66500cfce84e44b7b95,2025-12-20T23:59:34.937Z,2025-12-20T23:59:34.938Z,05fde0b3-1783-4ae0-bfe4-5f4bf58f4905,05fde0b3-1783-4ae0-bfe4-5f4bf58f4905,false,,,ok,mp4-family
GrokVault,full-vault-scan,/Users/philipbankier/Content/Grok IMagine/greymaker/GrokVault/2025-12-20_Auto/06db7400-55b8-4e20-a112-a15b4f602bb9.png,2025-12-20_Auto/06db7400-55b8-4e20-a112-a15b4f602bb9.png,412084,.png,image,1a8fd03a411c7223ef57ef088d0a8d05345d502402ea750bfe2fee516885d7b4,2025-12-20T00:12:36.162Z,2025-12-20T00:12:36.168Z,06db7400-55b8-4e20-a112-a15b4f602bb9,06db7400-55b8-4e20-a112-a15b4f602bb9,false,,,ok,jpeg
GrokVault,full-vault-scan,/Users/philipbankier/Content/Grok IMagine/greymaker/GrokVault/2025-12-20_Auto/0700d484-7814-4b5a-b9e7-17ad7735aa11.mp4,2025-12-20_Auto/0700d484-7814-4b5a-b9e7-17ad7735aa11.mp4,1310887,.mp4,video,a38a16d7edd679d6b2ebbfd56fd9943159411c71529ee653019fe328d595905f,2025-12-20T23:37:34.816Z,2025-12-20T23:37:34.817Z,0700d484-7814-4b5a-b9e7-17ad7735aa11,0700d484-7814-4b5a-b9e7-17ad7735aa11,false,,,ok,mp4-family
GrokVault,full-vault-scan,/Users/philipbankier/Content/Grok IMagine/greymaker/GrokVault/2025-12-20_Auto/07226d2e-7d8b-4e74-aa69-24c875be19e9.png,2025-12-20_Auto/07226d2e-7d8b-4e74-aa69-24c875be19e9.png,305814,.png,image,45870686b64f6cfb04720851aea214319442208cfd542080eedf114ed163f37a,2025-12-20T22:37:23.315Z,2025-12-20T22:37:23.391Z,07226d2e-7d8b-4e74-aa69-24c875be19e9,07226d2e-7d8b-4e74-aa69-24c875be19e9,false,,,ok,jpeg
GrokVault,full-vault-scan,/Users/philipbankier/Content/Grok IMagine/greymaker/GrokVault/2025-12-20_Auto/072dfbf7-91a7-4685-b2e9-d10d3faca014.png,2025-12-20_Auto/072dfbf7-91a7-4685-b2e9-d10d3faca014.png,363907,.png,image,1fa58660c2568fbf05ab5eec8c7a4d6e01b3cc51fe7ff6f178868464e3c393ac,2025-12-20T04:19:46.874Z,2025-12-20T04:19:46.877Z,072dfbf7-91a7-4685-b2e9-d10d3faca014,072dfbf7-91a7-4685-b2e9-d10d3faca014,false,,,ok,jpeg
GrokVault,full-vault-scan,/Users/philipbankier/Content/Grok IMagine/greymaker/GrokVault/2025-12-20_Auto/07400b1a-c4d9-4742-9d1f-b4db30cf0647.mp4,2025-12-20_Auto/07400b1a-c4d9-4742-9d1f-b4db30cf0647.mp4,1217777,.mp4,video,6362e0a5c06938098d0823221a8dbb88e7febe2925d809cfe845de68c522aa5e,2025-12-20T22:27:21.542Z,2025-12-20T22:27:21.543Z,07400b1a-c4d9-4742-9d1f-b4db30cf0647,07400b1a-c4d9-4742-9d1f-b4db30cf0647,false,,,ok,mp4-family
GrokVault,full-vault-scan,/Users/philipbankier/Content/Grok IMagine/greymaker/GrokVault/2025-12-20_Auto/07ce5187-4756-4129-a1d2-ccd32da9411e.png,2025-12-20_Auto/07ce5187-4756-4129-a1d2-ccd32da9411e.png,250229,.png,image,c675364365d64ea15a2785d756bf793bb4d502e2775553d95f862ca7cf68f634,2025-12-20T21:24:46.606Z,2025-12-20T21:24:46.665Z,07ce5187-4756-4129-a1d2-ccd32da9411e,07ce5187-4756-4129-a1d2-ccd32da9411e,false,,,ok,jpeg
GrokVault,full-vault-scan,/Users/philipbankier/Content/Grok IMagine/greymaker/GrokVault/2025-12-20_Auto/082af2d3-968e-4ea5-abef-af3f0de2995f.mp4,2025-12-20_Auto/082af2d3-968e-4ea5-abef-af3f0de2995f.mp4,2277317,.mp4,video,1c616fbc5d55f837f1ca5a90f0b32cbad9317f8fe3c544992bbea2d540b55627,2025-12-20T05:09:58.173Z,2025-12-20T05:09:58.175Z,082af2d3-968e-4ea5-abef-af3f0de2995f,082af2d3-968e-4ea5-abef-af3f0de2995f,false,,,ok,mp4-family
GrokVault,full-vault-scan,/Users/philipbankier/Content/Grok IMagine/greymaker/GrokVault/2025-12-20_Auto/0844af60-06f5-4ca8-bea4-d95daeeaf921.png,2025-12-20_Auto/0844af60-06f5-4ca8-bea4-d95daeeaf921.png,301037,.png,image,19e584dea2943a9d9e6baae2766f74f73783c3ca9df7a0e3faba74e10f49f7c8,2025-12-20T20:04:19.379Z,2025-12-20T20:04:19.437Z,0844af60-06f5-4ca8-bea4-d95daeeaf921,0844af60-06f5-4ca8-bea4-d95daeeaf921,false,,,ok,jpeg
GrokVault,full-vault-scan,/Users/philipbankier/Content/Grok IMagine/greymaker/GrokVault/2025-12-20_Auto/087dc08e-9159-4d95-b27d-07388cc32d03.mp4,2025-12-20_Auto/087dc08e-9159-4d95-b27d-07388cc32d03.mp4,1620304,.mp4,video,68f6e1a2d03992c37e2aab23ee2c8107b5fdbd2913684257a5a4a9e59069b537,2025-12-20T23:40:11.327Z,2025-12-20T23:40:11.329Z,087dc08e-9159-4d95-b27d-07388cc32d03,087dc08e-9159-4d95-b27d-07388cc32d03,false,,,ok,mp4-family
GrokVault,full-vault-scan,/Users/philipbankier/Content/Grok IMagine/greymaker/GrokVault/2025-12-20_Auto/08b3f699-7bf8-4bd7-a581-80c73d315beb.png,2025-12-20_Auto/08b3f699-7bf8-4bd7-a581-80c73d315beb.png,253877,.png,image,67b0a735156d2bc8f6ded966955afede325717e43b1278db1646caee355cae55,2025-12-20T21:31:29.105Z,2025-12-20T21:31:29.170Z,08b3f699-7bf8-4bd7-a581-80c73d315beb,08b3f699-7bf8-4bd7-a581-80c73d315beb,false,,,ok,jpeg
GrokVault,full-vault-scan,/Users/philipbankier/Content/Grok IMagine/greymaker/GrokVault/2025-12-20_Auto/08f13785-bc71-4b41-935e-c0273b0ea13c.png,2025-12-20_Auto/08f13785-bc71-4b41-935e-c0273b0ea13c.png,222895,.png,image,d3ab88d304a37a8b752ef5b2ff3894a08d4bb0c92b34296297d6ee7ee3ba4eef,2025-12-20T23:22:40.616Z,2025-12-20T23:22:40.677Z,08f13785-bc71-4b41-935e-c0273b0ea13c,08f13785-bc71-4b41-935e-c0273b0ea13c,false,,,ok,jpeg
GrokVault,full-vault-scan,/Users/philipbankier/Content/Grok IMagine/greymaker/GrokVault/2025-12-20_Auto/096ee613-0704-4d71-9a78-e0cebffdc6d2.png,2025-12-20_Auto/096ee613-0704-4d71-9a78-e0cebffdc6d2.png,357227,.png,image,d1692c0d2ffce05bcfd22538ef1133f2d4475f3c180caf194f9039a4d71ceda9,2025-12-20T00:23:07.818Z,2025-12-20T00:23:07.820Z,096ee613-0704-4d71-9a78-e0cebffdc6d2,096ee613-0704-4d71-9a78-e0cebffdc6d2,false,,,ok,jpeg
GrokVault,full-vault-scan,/Users/philipbankier/Content/Grok IMagine/greymaker/GrokVault/2025-12-20_Auto/09edec83-9a2d-4b63-a99a-eb3af4edbf5d.png,2025-12-20_Auto/09edec83-9a2d-4b63-a99a-eb3af4edbf5d.png,353330,.png,image,4943c0fafb4b84582211fe98eb0b46240e6eb1730439eb4f7a9a5e42a0004529,2025-12-20T20:05:49.811Z,2025-12-20T20:05:49.828Z,09edec83-9a2d-4b63-a99a-eb3af4edbf5d,09edec83-9a2d-4b63-a99a-eb3af4edbf5d,false,,,ok,jpeg
GrokVault,full-vault-scan,/Users/philipbankier/Content/Grok IMagine/greymaker/GrokVault/2025-12-20_Auto/09f4452a-c113-4013-bde1-0b99b02a453f.png,2025-12-20_Auto/09f4452a-c113-4013-bde1-0b99b02a453f.png,222655,.png,image,359081d10ae33a67d83999aadd9ff1a9d811dcd1ccb4e17d3bfe8c0b3ca64805,2025-12-20T21:27:38.184Z,2025-12-20T21:27:38.243Z,09f4452a-c113-4013-bde1-0b99b02a453f,09f4452a-c113-4013-bde1-0b99b02a453f,false,,,ok,jpeg
GrokVault,full-vault-scan,/Users/philipbankier/Content/Grok IMagine/greymaker/GrokVault/2025-12-20_Auto/0a270862-9b1f-40fc-8ad6-7bd56ac1ddbc.png,2025-12-20_Auto/0a270862-9b1f-40fc-8ad6-7bd56ac1ddbc.png,197749,.png,image,83566057c25176bdcb60f786faf6f941b97e9b27e6362d6e819f4dac709e2059,2025-12-20T21:20:26.631Z,2025-12-20T21:20:26.691Z,0a270862-9b1f-40fc-8ad6-7bd56ac1ddbc,0a270862-9b1f-40fc-8ad6-7bd56ac1ddbc,false,,,ok,jpeg
GrokVault,full-vault-scan,/Users/philipbankier/Content/Grok IMagine/greymaker/GrokVault/2025-12-20_Auto/0a32fc73-f765-42df-8f94-3693b5914013.png,2025-12-20_Auto/0a32fc73-f765-42df-8f94-3693b5914013.png,229486,.png,image,670fcd10667b98b0a32ff68cd32564f320d335bd58bd2337d6ddd5946d357cac,2025-12-20T05:26:11.335Z,2025-12-20T05:26:11.337Z,0a32fc73-f765-42df-8f94-3693b5914013,0a32fc73-f765-42df-8f94-3693b5914013,false,,,ok,jpeg
GrokVault,full-vault-scan,/Users/philipbankier/Content/Grok IMagine/greymaker/GrokVault/2025-12-20_Auto/0aa35fed-8699-4597-9332-68a522ba6c36.jpeg,2025-12-20_Auto/0aa35fed-8699-4597-9332-68a522ba6c36.jpeg,86935,.jpeg,image,47c3b09b24a1b43faf006ec2d75f1656203aa5316f8af0bfc3d115c994217441,2025-12-20T01:39:13.243Z,2025-12-20T01:39:13.265Z,0aa35fed-8699-4597-9332-68a522ba6c36,0aa35fed-8699-4597-9332-68a522ba6c36,false,,,ok,jpeg
GrokVault,full-vault-scan,/Users/philipbankier/Content/Grok IMagine/greymaker/GrokVault/2025-12-20_Auto/0ac1b4ea-0a52-4fac-81e1-8207c5c62f0a.png,2025-12-20_Auto/0ac1b4ea-0a52-4fac-81e1-8207c5c62f0a.png,255428,.png,image,594ea717bb0b178e0bf9724c3c72cbea6fbf2c740ee7f8a7d9c7df0ac01c8bf7,2025-12-20T21:32:12.035Z,2025-12-20T21:32:12.097Z,0ac1b4ea-0a52-4fac-81e1-8207c5c62f0a,0ac1b4ea-0a52-4fac-81e1-8207c5c62f0a,false,,,ok,jpeg
GrokVault,full-vault-scan,/Users/philipbankier/Content/Grok IMagine/greymaker/GrokVault/2025-12-20_Auto/0adefc74-8e09-46d1-99d3-2a7f633cfa1c.png,2025-12-20_Auto/0adefc74-8e09-46d1-99d3-2a7f633cfa1c.png,198009,.png,image,a30a5a561cab5998610d77af7086106e9c0e80ad67e2f98fb3220a9a593a32e6,2025-12-20T21:28:06.701Z,2025-12-20T21:28:06.759Z,0adefc74-8e09-46d1-99d3-2a7f633cfa1c,0adefc74-8e09-46d1-99d3-2a7f633cfa1c,false,,,ok,jpeg
GrokVault,full-vault-scan,/Users/philipbankier/Content/Grok IMagine/greymaker/GrokVault/2025-12-20_Auto/0b31d653-fedd-467d-9f5d-49fd31a785e4.png,2025-12-20_Auto/0b31d653-fedd-467d-9f5d-49fd31a785e4.png,283815,.png,image,9beef961e1ceac96b0877e707889e7062af645d4aee6c4345a918aefa5654eee,2025-12-20T22:34:43.426Z,2025-12-20T22:34:43.498Z,0b31d653-fedd-467d-9f5d-49fd31a785e4,0b31d653-fedd-467d-9f5d-49fd31a785e4,false,,,ok,jpeg
GrokVault,full-vault-scan,/Users/philipbankier/Content/Grok IMagine/greymaker/GrokVault/2025-12-20_Auto/0b32f7b6-8f05-49d3-8c90-fdb721358944.png,2025-12-20_Auto/0b32f7b6-8f05-49d3-8c90-fdb721358944.png,173820,.png,image,66cd1cd043563d212bb93ca6981773328570b0c47d2af8ed8ef32369ab243189,2025-12-20T04:13:21.909Z,2025-12-20T04:13:21.910Z,0b32f7b6-8f05-49d3-8c90-fdb721358944,0b32f7b6-8f05-49d3-8c90-fdb721358944,false,,,ok,jpeg
GrokVault,full-vault-scan,/Users/philipbankier/Content/Grok IMagine/greymaker/GrokVault/2025-12-20_Auto/0bdde023-c9aa-4d6c-93c7-694b76cc29a1.mp4,2025-12-20_Auto/0bdde023-c9aa-4d6c-93c7-694b76cc29a1.mp4,1195026,.mp4,video,85cdd0463abb9f7eb0727047d3845b8c7c44ef6efcb0788c4c5324bd30d8f8c6,2025-12-20T04:45:02.154Z,2025-12-20T04:45:02.156Z,0bdde023-c9aa-4d6c-93c7-694b76cc29a1,0bdde023-c9aa-4d6c-93c7-694b76cc29a1,false,,,ok,mp4-family
GrokVault,full-vault-scan,/Users/philipbankier/Content/Grok IMagine/greymaker/GrokVault/2025-12-20_Auto/0c019dd3-4145-4fb9-8bab-87432b6701ce.png,2025-12-20_Auto/0c019dd3-4145-4fb9-8bab-87432b6701ce.png,282558,.png,image,513a3453e33787d07315e13d4ce85db60d587d937d7171338f8b68acc312ada9,2025-12-20T22:42:14.067Z,2025-12-20T22:42:14.128Z,0c019dd3-4145-4fb9-8bab-87432b6701ce,0c019dd3-4145-4fb9-8bab-87432b6701ce,false,,,ok,jpeg
GrokVault,full-vault-scan,/Users/philipbankier/Content/Grok IMagine/greymaker/GrokVault/2025-12-20_Auto/0c655699-591a-4ca2-9c36-c97545151f33.mp4,2025-12-20_Auto/0c655699-591a-4ca2-9c36-c97545151f33.mp4,1792987,.mp4,video,235c24554f2424dfe247016f91c9faaa6fe9954d93220c5d316ca48f203b5125,2025-12-20T22:13:13.887Z,2025-12-20T22:13:13.889Z,0c655699-591a-4ca2-9c36-c97545151f33,0c655699-591a-4ca2-9c36-c97545151f33,false,,,ok,mp4-family
GrokVault,full-vault-scan,/Users/philipbankier/Content/Grok IMagine/greymaker/GrokVault/2025-12-20_Auto/0ce9925c-c660-4336-8424-78316d0ac60e.mp4,2025-12-20_Auto/0ce9925c-c660-4336-8424-78316d0ac60e.mp4,1664673,.mp4,video,09144dfecb3a023bfb72196dc44c7fe1235475fb8ea0a1ac5985c72d618dd0a5,2025-12-20T23:59:03.491Z,2025-12-20T23:59:03.493Z,0ce9925c-c660-4336-8424-78316d0ac60e,0ce9925c-c660-4336-8424-78316d0ac60e,false,,,ok,mp4-family
GrokVault,full-vault-scan,/Users/philipbankier/Content/Grok IMagine/greymaker/GrokVault/2025-12-20_Auto/0cef02d9-c247-4bcb-baa9-8621699b56be.mp4,2025-12-20_Auto/0cef02d9-c247-4bcb-baa9-8621699b56be.mp4,1315075,.mp4,video,8ad99f14f5ab07a15eaacf6e5f0d5e3371e95b9461ca3b6eb2491936ddcb86ff,2025-12-20T04:51:05.104Z,2025-12-20T04:51:05.105Z,0cef02d9-c247-4bcb-baa9-8621699b56be,0cef02d9-c247-4bcb-baa9-8621699b56be,false,,,ok,mp4-family
GrokVault,full-vault-scan,/Users/philipbankier/Content/Grok IMagine/greymaker/GrokVault/2025-12-20_Auto/0cf37e6a-a48d-46df-a0e3-389d9d670e91.png,2025-12-20_Auto/0cf37e6a-a48d-46df-a0e3-389d9d670e91.png,231848,.png,image,f25172e8608a1f7de12a8a6f52609a65528597e34ead5ffa00cd9b4d95996a9b,2025-12-20T21:33:52.901Z,2025-12-20T21:33:52.986Z,0cf37e6a-a48d-46df-a0e3-389d9d670e91,0cf37e6a-a48d-46df-a0e3-389d9d670e91,false,,,ok,jpeg
GrokVault,full-vault-scan,/Users/philipbankier/Content/Grok IMagine/greymaker/GrokVault/2025-12-20_Auto/0d66aea3-2884-401f-9e1a-e28c2197eec8.mp4,2025-12-20_Auto/0d66aea3-2884-401f-9e1a-e28c2197eec8.mp4,1808904,.mp4,video,c2dd7837e147945c403b7f8e282c1ad396ce4f9cd9f20074d6c83cc4137f1cf0,2025-12-20T05:44:06.930Z,2025-12-20T05:44:06.932Z,0d66aea3-2884-401f-9e1a-e28c2197eec8,0d66aea3-2884-401f-9e1a-e28c2197eec8,false,,hash-3,ok,mp4-family
GrokVault,full-vault-scan,/Users/philipbankier/Content/Grok IMagine/greymaker/GrokVault/2025-12-20_Auto/0d83d5f4-f027-4461-bd4d-711befc65285_hd.mp4,2025-12-20_Auto/0d83d5f4-f027-4461-bd4d-711befc65285_hd.mp4,5378396,.mp4,video,c3c0e510316e9c409d378abc111043f467362ff864d311347c10c9dbf68703cb,2025-12-20T05:36:03.354Z,2025-12-20T05:36:03.358Z,0d83d5f4-f027-4461-bd4d-711befc65285,0d83d5f4-f027-4461-bd4d-711befc65285,false,,,ok,mp4-family
GrokVault,full-vault-scan,/Users/philipbankier/Content/Grok IMagine/greymaker/GrokVault/2025-12-20_Auto/0dca95fc-72a2-411e-a235-6d6bf1cf3557.png,2025-12-20_Auto/0dca95fc-72a2-411e-a235-6d6bf1cf3557.png,240696,.png,image,00db82c578b71c13e78b801fba3fa795bb31937ce543dd2de626752d9c8d3a7f,2025-12-20T05:25:49.294Z,2025-12-20T05:25:49.295Z,0dca95fc-72a2-411e-a235-6d6bf1cf3557,0dca95fc-72a2-411e-a235-6d6bf1cf3557,false,,,ok,jpeg
GrokVault,full-vault-scan,/Users/philipbankier/Content/Grok IMagine/greymaker/GrokVault/2025-12-20_Auto/0e0a6db1-6710-4007-a31c-bf8d3c941042.mp4,2025-12-20_Auto/0e0a6db1-6710-4007-a31c-bf8d3c941042.mp4,1691167,.mp4,video,2edfb42cf3b8b00c0c2e1fd6f72d76fd84ef31a5afec25f9cb58545d5726bdf1,2025-12-20T05:05:03.363Z,2025-12-20T05:05:03.365Z,0e0a6db1-6710-4007-a31c-bf8d3c941042,0e0a6db1-6710-4007-a31c-bf8d3c941042,false,,,ok,mp4-family
GrokVault,full-vault-scan,/Users/philipbankier/Content/Grok IMagine/greymaker/GrokVault/2025-12-20_Auto/0f3f2812-d12d-4f0b-98cb-dbdcfbef7429.png,2025-12-20_Auto/0f3f2812-d12d-4f0b-98cb-dbdcfbef7429.png,305400,.png,image,0bbdb0b294c4551b4a7801f39fc704a0310a784694230d87782045d2b6525f5f,2025-12-20T22:38:06.124Z,2025-12-20T22:38:06.192Z,0f3f2812-d12d-4f0b-98cb-dbdcfbef7429,0f3f2812-d12d-4f0b-98cb-dbdcfbef7429,false,,,ok,jpeg
GrokVault,full-vault-scan,/Users/philipbankier/Content/Grok IMagine/greymaker/GrokVault/2025-12-20_Auto/0f43e415-ede3-4e51-b46b-b5e1dac16443.mp4,2025-12-20_Auto/0f43e415-ede3-4e51-b46b-b5e1dac16443.mp4,1028989,.mp4,video,bdf9382f3234a0f244b9f3167b34b37283c92286072c789d22036514b518e854,2025-12-20T22:29:14.906Z,2025-12-20T22:29:14.907Z,0f43e415-ede3-4e51-b46b-b5e1dac16443,0f43e415-ede3-4e51-b46b-b5e1dac16443,false,,,ok,mp4-family
GrokVault,full-vault-scan,/Users/philipbankier/Content/Grok IMagine/greymaker/GrokVault/2025-12-20_Auto/0f5f744b-05ec-47a0-9506-ff782cff341b.png,2025-12-20_Auto/0f5f744b-05ec-47a0-9506-ff782cff341b.png,212246,.png,image,aa1dac71f9cfd105f969258d204d397bebb6193bc1baceb63d10a65a2faf77cf,2025-12-20T05:14:29.470Z,2025-12-20T05:14:29.471Z,0f5f744b-05ec-47a0-9506-ff782cff341b,0f5f744b-05ec-47a0-9506-ff782cff341b,false,,,ok,jpeg
GrokVault,full-vault-scan,/Users/philipbankier/Content/Grok IMagine/greymaker/GrokVault/2025-12-20_Auto/0f6c2073-cd2b-4c51-ba81-a0cff94389f7.png,2025-12-20_Auto/0f6c2073-cd2b-4c51-ba81-a0cff94389f7.png,347415,.png,image,de5140604715852bb248e4961ffef6b49d19bec3a29b0a4bcd9297200a057b76,2025-12-20T20:05:26.836Z,2025-12-20T20:05:26.895Z,0f6c2073-cd2b-4c51-ba81-a0cff94389f7,0f6c2073-cd2b-4c51-ba81-a0cff94389f7,false,,,ok,jpeg
GrokVault,full-vault-scan,/Users/philipbankier/Content/Grok IMagine/greymaker/GrokVault/2025-12-20_Auto/0f728ca5-5d67-414e-85c9-8918d238ae29.mp4,2025-12-20_Auto/0f728ca5-5d67-414e-85c9-8918d238ae29.mp4,2238804,.mp4,video,18fe92fca8792544fcf45d04b948d57bf8070bd0820565336127588c1959ce7d,2025-12-20T00:09:11.231Z,2025-12-20T00:09:11.232Z,0f728ca5-5d67-414e-85c9-8918d238ae29,0f728ca5-5d67-414e-85c9-8918d238ae29,false,,,ok,mp4-family
GrokVault,full-vault-scan,/Users/philipbankier/Content/Grok IMagine/greymaker/GrokVault/2025-12-20_Auto/0f7446f8-6a3e-46e3-8f9f-c3c7f72120c1.mp4,2025-12-20_Auto/0f7446f8-6a3e-46e3-8f9f-c3c7f72120c1.mp4,1620694,.mp4,video,d7e82c3896234ae58058642d9771b5f09f1fd1bbc1ea2a8b5ab3ad1c4bde52d6,2025-12-20T23:39:57.512Z,2025-12-20T23:39:57.514Z,0f7446f8-6a3e-46e3-8f9f-c3c7f72120c1,0f7446f8-6a3e-46e3-8f9f-c3c7f72120c1,false,,,ok,mp4-family
GrokVault,full-vault-scan,/Users/philipbankier/Content/Grok IMagine/greymaker/GrokVault/2025-12-20_Auto/0fefc0ba-4799-4dc7-acb8-09d8d5782e07.png,2025-12-20_Auto/0fefc0ba-4799-4dc7-acb8-09d8d5782e07.png,214937,.png,image,e4622e79cfecbb56bd83d23ec073c508642253fd2cd568d74bc7511ce76490ff,2025-12-20T22:08:55.476Z,2025-12-20T22:08:55.536Z,0fefc0ba-4799-4dc7-acb8-09d8d5782e07,0fefc0ba-4799-4dc7-acb8-09d8d5782e07,false,,,ok,jpeg
GrokVault,full-vault-scan,/Users/philipbankier/Content/Grok IMagine/greymaker/GrokVault/2025-12-20_Auto/100054b9-0acc-4a18-95bc-fe560e02e2de.mp4,2025-12-20_Auto/100054b9-0acc-4a18-95bc-fe560e02e2de.mp4,3114707,.mp4,video,8e9ecba5d4486ad161fc47868cc681593f3a993867fbdd4409794da9df80a71a,2025-12-20T03:23:08.353Z,2025-12-20T03:23:08.355Z,100054b9-0acc-4a18-95bc-fe560e02e2de,100054b9-0acc-4a18-95bc-fe560e02e2de,false,,,ok,mp4-family
GrokVault,full-vault-scan,/Users/philipbankier/Content/Grok IMagine/greymaker/GrokVault/2025-12-20_Auto/1008e817-55a8-4e24-bf0b-1870b675b35d.png,2025-12-20_Auto/1008e817-55a8-4e24-bf0b-1870b675b35d.png,451440,.png,image,9062d249659e15c4725c9fa0bcd8fde2b3b930192f16bad00e39b9ae5d3eb512,2025-12-20T23:09:09.375Z,2025-12-20T23:09:09.468Z,1008e817-55a8-4e24-bf0b-1870b675b35d,1008e817-55a8-4e24-bf0b-1870b675b35d,false,,,ok,jpeg
GrokVault,full-vault-scan,/Users/philipbankier/Content/Grok IMagine/greymaker/GrokVault/2025-12-20_Auto/100f9b1b-6cee-4c75-952b-b3598e4586dc.png,2025-12-20_Auto/100f9b1b-6cee-4c75-952b-b3598e4586dc.png,173520,.png,image,51ab0624582ba3e11e63b11434dce585284c152b0af44aa8c3c4d59cd30755e2,2025-12-20T04:40:32.046Z,2025-12-20T04:40:32.047Z,100f9b1b-6cee-4c75-952b-b3598e4586dc,100f9b1b-6cee-4c75-952b-b3598e4586dc,false,,,ok,jpeg
GrokVault,full-vault-scan,/Users/philipbankier/Content/Grok IMagine/greymaker/GrokVault/2025-12-20_Auto/102cfae6-1362-4fdd-945e-b933e2169f27.mp4,2025-12-20_Auto/102cfae6-1362-4fdd-945e-b933e2169f27.mp4,2429550,.mp4,video,d6e29f7b1aff41da4b229457a1158a94035a648ed51094550b0c9ff185710018,2025-12-20T21:36:32.289Z,2025-12-20T21:36:32.291Z,102cfae6-1362-4fdd-945e-b933e2169f27,102cfae6-1362-4fdd-945e-b933e2169f27,false,,,ok,mp4-family
GrokVault,full-vault-scan,/Users/philipbankier/Content/Grok IMagine/greymaker/GrokVault/2025-12-20_Auto/1057acff-d47d-4876-b9ee-cbe6b3aa2ad6.png,2025-12-20_Auto/1057acff-d47d-4876-b9ee-cbe6b3aa2ad6.png,209818,.png,image,221a76e02f2afca97824ab17034b608b2ee73fae4485abfe6a912be163b97a73,2025-12-20T23:12:16.807Z,2025-12-20T23:12:16.864Z,1057acff-d47d-4876-b9ee-cbe6b3aa2ad6,1057acff-d47d-4876-b9ee-cbe6b3aa2ad6,false,,,ok,jpeg
GrokVault,full-vault-scan,/Users/philipbankier/Content/Grok IMagine/greymaker/GrokVault/2025-12-20_Auto/1073996f-d545-4999-83f1-913f0ab145f9.mp4,2025-12-20_Auto/1073996f-d545-4999-83f1-913f0ab145f9.mp4,2353170,.mp4,video,78e4bd1ede7834810854a77fcfa62333c57bf96a8c6655fa56815462a0838ad0,2025-12-20T22:12:30.245Z,2025-12-20T22:12:30.247Z,1073996f-d545-4999-83f1-913f0ab145f9,1073996f-d545-4999-83f1-913f0ab145f9,false,,,ok,mp4-family
GrokVault,full-vault-scan,/Users/philipbankier/Content/Grok IMagine/greymaker/GrokVault/2025-12-20_Auto/107d051b-1fe4-4865-bb3a-e7da65e42828.mp4,2025-12-20_Auto/107d051b-1fe4-4865-bb3a-e7da65e42828.mp4,1534051,.mp4,video,4466b74cb3d0e2f3ab64882027b126c22bf236a24ae563ceecd65a8b1fb23168,2025-12-20T22:12:59.788Z,2025-12-20T22:12:59.790Z,107d051b-1fe4-4865-bb3a-e7da65e42828,107d051b-1fe4-4865-bb3a-e7da65e42828,false,,,ok,mp4-family
GrokVault,full-vault-scan,/Users/philipbankier/Content/Grok IMagine/greymaker/GrokVault/2025-12-20_Auto/10b64d55-faf9-4978-b540-70f844fa20d6.mp4,2025-12-20_Auto/10b64d55-faf9-4978-b540-70f844fa20d6.mp4,3324245,.mp4,video,fc63ac6d6fb989480c5615cd9f0df57a5e89b5657a47ec08449269525dbace30,2025-12-20T04:32:36.338Z,2025-12-20T04:32:36.339Z,10b64d55-faf9-4978-b540-70f844fa20d6,10b64d55-faf9-4978-b540-70f844fa20d6,false,,,ok,mp4-family
GrokVault,full-vault-scan,/Users/philipbankier/Content/Grok IMagine/greymaker/GrokVault/2025-12-20_Auto/10da363e-c8da-4d12-ae45-5f1b7a69bd89.mp4,2025-12-20_Auto/10da363e-c8da-4d12-ae45-5f1b7a69bd89.mp4,1427797,.mp4,video,58eba7317478194e98a6e1627631b680769b8feee7388e29a9c953dca2dfce86,2025-12-20T04:51:51.219Z,2025-12-20T04:51:51.220Z,10da363e-c8da-4d12-ae45-5f1b7a69bd89,10da363e-c8da-4d12-ae45-5f1b7a69bd89,false,,,ok,mp4-family
GrokVault,full-vault-scan,/Users/philipbankier/Content/Grok IMagine/greymaker/GrokVault/2025-12-20_Auto/10f430f4-320f-4acf-8b7e-8f9e63762746.png,2025-12-20_Auto/10f430f4-320f-4acf-8b7e-8f9e63762746.png,295512,.png,image,94e5258b08ee709a459a7235cd0b3406e079661c95830b2d12c4926931c1913b,2025-12-20T05:10:42.839Z,2025-12-20T05:10:42.845Z,10f430f4-320f-4acf-8b7e-8f9e63762746,10f430f4-320f-4acf-8b7e-8f9e63762746,false,,,ok,jpeg
GrokVault,full-vault-scan,/Users/philipbankier/Content/Grok IMagine/greymaker/GrokVault/2025-12-20_Auto/110ed362-cd9c-4ab1-9fae-fc98358f1f01.png,2025-12-20_Auto/110ed362-cd9c-4ab1-9fae-fc98358f1f01.png,305369,.png,image,a8586a3b87c30e3e0c75b018c92d122d09d270068345d10957d4e44a3a1d2cf5,2025-12-20T21:52:05.528Z,2025-12-20T21:52:05.603Z,110ed362-cd9c-4ab1-9fae-fc98358f1f01,110ed362-cd9c-4ab1-9fae-fc98358f1f01,false,,,ok,jpeg
GrokVault,full-vault-scan,/Users/philipbankier/Content/Grok IMagine/greymaker/GrokVault/2025-12-20_Auto/114f3d58-7f7b-4ca7-a4d2-21f7294c81f0.png,2025-12-20_Auto/114f3d58-7f7b-4ca7-a4d2-21f7294c81f0.png,223492,.png,image,7d866958888f36e75a2832b79efd9cd9c1531d2dcfd6fe827287b4805daaf1c9,2025-12-20T21:20:43.011Z,2025-12-20T21:20:43.077Z,114f3d58-7f7b-4ca7-a4d2-21f7294c81f0,114f3d58-7f7b-4ca7-a4d2-21f7294c81f0,false,,,ok,jpeg
GrokVault,full-vault-scan,/Users/philipbankier/Content/Grok IMagine/greymaker/GrokVault/2025-12-20_Auto/1159655d-3f42-4c7f-b00a-1ae34f32a808.png,2025-12-20_Auto/1159655d-3f42-4c7f-b00a-1ae34f32a808.png,174985,.png,image,be6584387f6050fe9de2147b2191bc02e7fa9c13543708f2c117f58270412f50,2025-12-20T04:35:37.356Z,2025-12-20T04:35:37.360Z,1159655d-3f42-4c7f-b00a-1ae34f32a808,1159655d-3f42-4c7f-b00a-1ae34f32a808,false,,,ok,jpeg
GrokVault,full-vault-scan,/Users/philipbankier/Content/Grok IMagine/greymaker/GrokVault/2025-12-20_Auto/1195a45d-776e-4043-8218-02258314a199.png,2025-12-20_Auto/1195a45d-776e-4043-8218-02258314a199.png,224425,.png,image,d8dd36884489ee6a2720d0a72595edabfc41c85ca86fd6f92fc7eca3d9b0a713,2025-12-20T04:56:00.414Z,2025-12-20T04:56:00.415Z,1195a45d-776e-4043-8218-02258314a199,1195a45d-776e-4043-8218-02258314a199,false,,,ok,jpeg
GrokVault,full-vault-scan,/Users/philipbankier/Content/Grok IMagine/greymaker/GrokVault/2025-12-20_Auto/120847f7-434c-4924-bcea-70d4cb4c2dc2.png,2025-12-20_Auto/120847f7-434c-4924-bcea-70d4cb4c2dc2.png,250246,.png,image,24b6554f6f673bb5fd1c9a974e94853b2898588a7125b488e85939ac4f5a3862,2025-12-20T21:35:50.099Z,2025-12-20T21:35:50.163Z,120847f7-434c-4924-bcea-70d4cb4c2dc2,120847f7-434c-4924-bcea-70d4cb4c2dc2,false,,,ok,jpeg
GrokVault,full-vault-scan,/Users/philipbankier/Content/Grok IMagine/greymaker/GrokVault/2025-12-20_Auto/12e2ea72-7466-469b-b2f5-afeb8e395142.mp4,2025-12-20_Auto/12e2ea72-7466-469b-b2f5-afeb8e395142.mp4,2129069,.mp4,video,14c8f677ed85f0463dd37d5440c2ec24efd01f892694e08b944e669c4478b365,2025-12-20T05:06:09.539Z,2025-12-20T05:06:09.541Z,12e2ea72-7466-469b-b2f5-afeb8e395142,12e2ea72-7466-469b-b2f5-afeb8e395142,false,,,ok,mp4-family
GrokVault,full-vault-scan,/Users/philipbankier/Content/Grok IMagine/greymaker/GrokVault/2025-12-20_Auto/12ed83de-c233-4fc5-8dcd-701e34d20006.mp4,2025-12-20_Auto/12ed83de-c233-4fc5-8dcd-701e34d20006.mp4,1569834,.mp4,video,d03e2ef829c27f3fb7babdd29ca2e3bfc4d7fbda6eab8b10e1ab065a5aab86db,2025-12-20T23:51:33.561Z,2025-12-20T23:51:33.563Z,12ed83de-c233-4fc5-8dcd-701e34d20006,12ed83de-c233-4fc5-8dcd-701e34d20006,false,,,ok,mp4-family
GrokVault,full-vault-scan,/Users/philipbankier/Content/Grok IMagine/greymaker/GrokVault/2025-12-20_Auto/1324c674-8ae5-4111-88cd-2a04911780a4.png,2025-12-20_Auto/1324c674-8ae5-4111-88cd-2a04911780a4.png,203161,.png,image,bb5584878ec3d1d46ecad4ee60d6a1761847394f7bf4f1c86d9299e1fd4022e3,2025-12-20T22:13:44.394Z,2025-12-20T22:13:44.454Z,1324c674-8ae5-4111-88cd-2a04911780a4,1324c674-8ae5-4111-88cd-2a04911780a4,false,,,ok,jpeg
GrokVault,full-vault-scan,/Users/philipbankier/Content/Grok IMagine/greymaker/GrokVault/2025-12-20_Auto/1351b3f7-ff80-4472-b9a0-5c002516fdf8.mp4,2025-12-20_Auto/1351b3f7-ff80-4472-b9a0-5c002516fdf8.mp4,1062687,.mp4,video,fdf537456120d3d71defde1a57e823ee67e69d3d215ccc8e5a61da598965422f,2025-12-20T22:54:09.935Z,2025-12-20T22:54:09.936Z,1351b3f7-ff80-4472-b9a0-5c002516fdf8,1351b3f7-ff80-4472-b9a0-5c002516fdf8,false,,,ok,mp4-family
GrokVault,full-vault-scan,/Users/philipbankier/Content/Grok IMagine/greymaker/GrokVault/2025-12-20_Auto/13a7a056-1ce4-4c3e-82f5-6888d0689d2d.mp4,2025-12-20_Auto/13a7a056-1ce4-4c3e-82f5-6888d0689d2d.mp4,1921516,.mp4,video,a886a75dfaa3fe2fa778967641e7cf46e78c9f6bd9f767c618dc6c1402293aad,2025-12-20T04:52:13.254Z,2025-12-20T04:52:13.256Z,13a7a056-1ce4-4c3e-82f5-6888d0689d2d,13a7a056-1ce4-4c3e-82f5-6888d0689d2d,false,,,ok,mp4-family
GrokVault,full-vault-scan,/Users/philipbankier/Content/Grok IMagine/greymaker/GrokVault/2025-12-20_Auto/13b23324-b0ed-4488-aecb-c420295f8cb4.png,2025-12-20_Auto/13b23324-b0ed-4488-aecb-c420295f8cb4.png,228534,.png,image,efed56beb2f8bd98ede045e90e6a3a0464d0dbee4617b4b9d9d42bb8c4b233ec,2025-12-20T20:55:24.765Z,2025-12-20T20:55:24.823Z,13b23324-b0ed-4488-aecb-c420295f8cb4,13b23324-b0ed-4488-aecb-c420295f8cb4,false,,,ok,jpeg
GrokVault,full-vault-scan,/Users/philipbankier/Content/Grok IMagine/greymaker/GrokVault/2025-12-20_Auto/141bcd9c-4820-44a9-bdbf-51872048d5f0.png,2025-12-20_Auto/141bcd9c-4820-44a9-bdbf-51872048d5f0.png,378315,.png,image,926a20ed8054a3d44ddc9c405b2742fc996d2fbd59ed13c3fff7cd53091355e9,2025-12-20T03:25:03.168Z,2025-12-20T03:25:03.171Z,141bcd9c-4820-44a9-bdbf-51872048d5f0,141bcd9c-4820-44a9-bdbf-51872048d5f0,false,,,ok,jpeg
GrokVault,full-vault-scan,/Users/philipbankier/Content/Grok IMagine/greymaker/GrokVault/2025-12-20_Auto/1560d595-be78-4a02-8cd9-c259fb351a1a.png,2025-12-20_Auto/1560d595-be78-4a02-8cd9-c259fb351a1a.png,219391,.png,image,717dfd74b44b13479b9bc073d8eb4d050c64f169bda38492bf9f9111d0f0e5e4,2025-12-20T23:18:05.677Z,2025-12-20T23:18:05.731Z,1560d595-be78-4a02-8cd9-c259fb351a1a,1560d595-be78-4a02-8cd9-c259fb351a1a,false,,,ok,jpeg
GrokVault,full-vault-scan,/Users/philipbankier/Content/Grok IMagine/greymaker/GrokVault/2025-12-20_Auto/1574b962-0348-4b00-afaf-b21ea59faca6.png,2025-12-20_Auto/1574b962-0348-4b00-afaf-b21ea59faca6.png,347003,.png,image,ca7af3da1b64ef2b923e5586332b9d0f12ef9874f62f63c3604f356a78dcdbb5,2025-12-20T04:06:06.415Z,2025-12-20T04:06:06.417Z,1574b962-0348-4b00-afaf-b21ea59faca6,1574b962-0348-4b00-afaf-b21ea59faca6,false,,,ok,jpeg
GrokVault,full-vault-scan,/Users/philipbankier/Content/Grok IMagine/greymaker/GrokVault/2025-12-20_Auto/158567ea-e93e-41e9-990a-f782edbaade7.mp4,2025-12-20_Auto/158567ea-e93e-41e9-990a-f782edbaade7.mp4,1171400,.mp4,video,4d198b667aae763ab9dde251bd570da6c8ff5733b4db0a4dc3cacc1792eb9b09,2025-12-20T22:32:33.540Z,2025-12-20T22:32:33.542Z,158567ea-e93e-41e9-990a-f782edbaade7,158567ea-e93e-41e9-990a-f782edbaade7,false,,,ok,mp4-family
GrokVault,full-vault-scan,/Users/philipbankier/Content/Grok IMagine/greymaker/GrokVault/2025-12-20_Auto/1590cb07-23e8-47c0-b9f4-547c7d86703a.mp4,2025-12-20_Auto/1590cb07-23e8-47c0-b9f4-547c7d86703a.mp4,1865234,.mp4,video,c658a8abb5dc331fbe7cc6a0c37a7b402548d79ef8ca5b1cba75a95ff5b41229,2025-12-20T23:53:27.094Z,2025-12-20T23:53:27.096Z,1590cb07-23e8-47c0-b9f4-547c7d86703a,1590cb07-23e8-47c0-b9f4-547c7d86703a,false,,,ok,mp4-family
GrokVault,full-vault-scan,/Users/philipbankier/Content/Grok IMagine/greymaker/GrokVault/2025-12-20_Auto/1596aa43-b474-43ba-8dc2-20d7a8a4a311.mp4,2025-12-20_Auto/1596aa43-b474-43ba-8dc2-20d7a8a4a311.mp4,1211494,.mp4,video,402031861ce6fcc6fcddb564fe19b7019d90db599f2f409f1cd22fce2297ef51,2025-12-20T23:55:52.102Z,2025-12-20T23:55:52.103Z,1596aa43-b474-43ba-8dc2-20d7a8a4a311,1596aa43-b474-43ba-8dc2-20d7a8a4a311,false,,,ok,mp4-family
GrokVault,full-vault-scan,/Users/philipbankier/Content/Grok IMagine/greymaker/GrokVault/2025-12-20_Auto/15e917a5-09ba-47a7-80e6-e1b826d087f9.mp4,2025-12-20_Auto/15e917a5-09ba-47a7-80e6-e1b826d087f9.mp4,1675349,.mp4,video,e596742e888ccbebd211c70c0f40226784b590c14125be9ba2abcc1bbfa0379d,2025-12-20T23:54:38.746Z,2025-12-20T23:54:38.748Z,15e917a5-09ba-47a7-80e6-e1b826d087f9,15e917a5-09ba-47a7-80e6-e1b826d087f9,false,,,ok,mp4-family
GrokVault,full-vault-scan,/Users/philipbankier/Content/Grok IMagine/greymaker/GrokVault/2025-12-20_Auto/15ecbfa3-9238-4b80-af73-022a1d260240.mp4,2025-12-20_Auto/15ecbfa3-9238-4b80-af73-022a1d260240.mp4,1403073,.mp4,video,229fb8f279baffa8bdfcafaa129a29bd292b9ed74239929461f5b6ac8264fc22,2025-12-20T04:47:18.515Z,2025-12-20T04:47:18.517Z,15ecbfa3-9238-4b80-af73-022a1d260240,15ecbfa3-9238-4b80-af73-022a1d260240,false,,,ok,mp4-family
GrokVault,full-vault-scan,/Users/philipbankier/Content/Grok IMagine/greymaker/GrokVault/2025-12-20_Auto/162f4141-be0a-4b8f-99af-c33fc0aacafb.png,2025-12-20_Auto/162f4141-be0a-4b8f-99af-c33fc0aacafb.png,249154,.png,image,c55b562ebff5c18fd77352e5c9acd40c806e5f053903bbce9a557940e08bb52a,2025-12-20T05:27:19.519Z,2025-12-20T05:27:19.522Z,162f4141-be0a-4b8f-99af-c33fc0aacafb,162f4141-be0a-4b8f-99af-c33fc0aacafb,false,,,ok,jpeg
GrokVault,full-vault-scan,/Users/philipbankier/Content/Grok IMagine/greymaker/GrokVault/2025-12-20_Auto/16366fff-e533-425a-b58b-7e60246682a4.png,2025-12-20_Auto/16366fff-e533-425a-b58b-7e60246682a4.png,242685,.png,image,f3178afaa4cbc05024c1371b66eb2711bccb8f6a09dbb1815f67547a508c0f3b,2025-12-20T21:16:08.767Z,2025-12-20T21:16:09.030Z,16366fff-e533-425a-b58b-7e60246682a4,16366fff-e533-425a-b58b-7e60246682a4,false,,,ok,jpeg
GrokVault,full-vault-scan,/Users/philipbankier/Content/Grok IMagine/greymaker/GrokVault/2025-12-20_Auto/16439eb4-c940-458f-87c4-865f082dd457.mp4,2025-12-20_Auto/16439eb4-c940-458f-87c4-865f082dd457.mp4,1471702,.mp4,video,28986ddfa3acb0286e1c0b7a846926eb368b9c95f99a26b98a934a87d591453b,2025-12-20T04:02:19.366Z,2025-12-20T04:02:19.368Z,16439eb4-c940-458f-87c4-865f082dd457,16439eb4-c940-458f-87c4-865f082dd457,false,,,ok,mp4-family
GrokVault,full-vault-scan,/Users/philipbankier/Content/Grok IMagine/greymaker/GrokVault/2025-12-20_Auto/165807e1-a0cc-41e0-b372-18543b161ba6.mp4,2025-12-20_Auto/165807e1-a0cc-41e0-b372-18543b161ba6.mp4,1195294,.mp4,video,af914087ae4570a776bc86787814cd06f5a5e4b0882c54748a72defa823e876f,2025-12-20T23:50:35.933Z,2025-12-20T23:50:35.935Z,165807e1-a0cc-41e0-b372-18543b161ba6,165807e1-a0cc-41e0-b372-18543b161ba6,false,,,ok,mp4-family
GrokVault,full-vault-scan,/Users/philipbankier/Content/Grok IMagine/greymaker/GrokVault/2025-12-20_Auto/169bf9f2-717b-43d5-81ab-844625cf0bc1.mp4,2025-12-20_Auto/169bf9f2-717b-43d5-81ab-844625cf0bc1.mp4,2175207,.mp4,video,3286131bbd863b5af13569f32cb1af81b03d4f36b41f66d15b7be02418cbd11d,2025-12-20T21:37:58.255Z,2025-12-20T21:37:58.257Z,169bf9f2-717b-43d5-81ab-844625cf0bc1,169bf9f2-717b-43d5-81ab-844625cf0bc1,false,,,ok,mp4-family
GrokVault,full-vault-scan,/Users/philipbankier/Content/Grok IMagine/greymaker/GrokVault/2025-12-20_Auto/16c69c9a-ffe5-47a3-851c-03a5c64a31c2.mp4,2025-12-20_Auto/16c69c9a-ffe5-47a3-851c-03a5c64a31c2.mp4,1680236,.mp4,video,5e42286fc28043feceee407315cf3fcecd4998063b2a7612f7df847dae8c6e14,2025-12-20T23:04:22.076Z,2025-12-20T23:04:22.078Z,16c69c9a-ffe5-47a3-851c-03a5c64a31c2,16c69c9a-ffe5-47a3-851c-03a5c64a31c2,false,,,ok,mp4-family
GrokVault,full-vault-scan,/Users/philipbankier/Content/Grok IMagine/greymaker/GrokVault/2025-12-20_Auto/174a89fe-be29-49a2-8f83-a2e0accc1000.png,2025-12-20_Auto/174a89fe-be29-49a2-8f83-a2e0accc1000.png,199852,.png,image,190336365d9d25cdf6af5e02b9ad8d7553650a0ed37da29ec7662d0198d4174b,2025-12-20T22:08:26.822Z,2025-12-20T22:08:26.881Z,174a89fe-be29-49a2-8f83-a2e0accc1000,174a89fe-be29-49a2-8f83-a2e0accc1000,false,,,ok,jpeg
GrokVault,full-vault-scan,/Users/philipbankier/Content/Grok IMagine/greymaker/GrokVault/2025-12-20_Auto/174ded42-2908-4f5b-a251-583675c4b18c.png,2025-12-20_Auto/174ded42-2908-4f5b-a251-583675c4b18c.png,249585,.png,image,1f12130e79a179dbdade2019c34a88ee170478a7c9b4f84c5d5df3fe8b329fe9,2025-12-20T23:12:30.757Z,2025-12-20T23:12:30.817Z,174ded42-2908-4f5b-a251-583675c4b18c,174ded42-2908-4f5b-a251-583675c4b18c,false,,,ok,jpeg
GrokVault,full-vault-scan,/Users/philipbankier/Content/Grok IMagine/greymaker/GrokVault/2025-12-20_Auto/174f0d35-13a4-43f2-b562-583f6db0ee38.mp4,2025-12-20_Auto/174f0d35-13a4-43f2-b562-583f6db0ee38.mp4,1499809,.mp4,video,e9eb9b1288f5d8c2f4f1bc2edab10fd1bd3ad13a9b6818fb6fcdb270aaab6b20,2025-12-20T22:25:27.083Z,2025-12-20T22:25:27.084Z,174f0d35-13a4-43f2-b562-583f6db0ee38,174f0d35-13a4-43f2-b562-583f6db0ee38,false,,,ok,mp4-family
GrokVault,full-vault-scan,/Users/philipbankier/Content/Grok IMagine/greymaker/GrokVault/2025-12-20_Auto/17535e38-7ee6-4373-bfb8-036ce061eb8d.png,2025-12-20_Auto/17535e38-7ee6-4373-bfb8-036ce061eb8d.png,376978,.png,image,d532ce0a8e0a537dc6b2271b7c26aa60c5be9a045a985de94cd830ad0da235ab,2025-12-20T03:25:49.274Z,2025-12-20T03:25:49.277Z,17535e38-7ee6-4373-bfb8-036ce061eb8d,17535e38-7ee6-4373-bfb8-036ce061eb8d,false,,,ok,jpeg
GrokVault,full-vault-scan,/Users/philipbankier/Content/Grok IMagine/greymaker/GrokVault/2025-12-20_Auto/17925723-01a8-4123-8f4f-ace8b79549b0.mp4,2025-12-20_Auto/17925723-01a8-4123-8f4f-ace8b79549b0.mp4,2240296,.mp4,video,da7a831e0bc7dedf61162e1d88abea2d5ce9c88c9d2b1788792eee700f951a0e,2025-12-20T22:22:21.840Z,2025-12-20T22:22:21.842Z,17925723-01a8-4123-8f4f-ace8b79549b0,17925723-01a8-4123-8f4f-ace8b79549b0,false,,,ok,mp4-family
GrokVault,full-vault-scan,/Users/philipbankier/Content/Grok IMagine/greymaker/GrokVault/2025-12-20_Auto/17df9219-5f92-420e-bdbf-4f40939a0212.mp4,2025-12-20_Auto/17df9219-5f92-420e-bdbf-4f40939a0212.mp4,2673206,.mp4,video,48a31a0ffa84333e5ad4514929d7564a5deb22f87b1f99d6d3640451439bb3fd,2025-12-20T04:24:41.131Z,2025-12-20T04:24:41.134Z,17df9219-5f92-420e-bdbf-4f40939a0212,17df9219-5f92-420e-bdbf-4f40939a0212,false,,,ok,mp4-family
GrokVault,full-vault-scan,/Users/philipbankier/Content/Grok IMagine/greymaker/GrokVault/2025-12-20_Auto/17ed5efd-9ecf-45ce-a1c3-8d48d00ba11b.png,2025-12-20_Auto/17ed5efd-9ecf-45ce-a1c3-8d48d00ba11b.png,159530,.png,image,0407152b0f9de71b8ef1f5d4b0aa59a6bcad25b9ce2df01cf223918dbfe67eb1,2025-12-20T21:57:49.941Z,2025-12-20T21:57:50.000Z,17ed5efd-9ecf-45ce-a1c3-8d48d00ba11b,17ed5efd-9ecf-45ce-a1c3-8d48d00ba11b,false,,,ok,jpeg
GrokVault,full-vault-scan,/Users/philipbankier/Content/Grok IMagine/greymaker/GrokVault/2025-12-20_Auto/18045859-4fd7-4ea7-974f-d20251679e2d.png,2025-12-20_Auto/18045859-4fd7-4ea7-974f-d20251679e2d.png,273344,.png,image,bc73fd1d9c56139b5baeee4a4f53c497468c7a995466586fee3471d6530a6b58,2025-12-20T22:40:31.739Z,2025-12-20T22:40:31.802Z,18045859-4fd7-4ea7-974f-d20251679e2d,18045859-4fd7-4ea7-974f-d20251679e2d,false,,,ok,jpeg
GrokVault,full-vault-scan,/Users/philipbankier/Content/Grok IMagine/greymaker/GrokVault/2025-12-20_Auto/186925cf-c25c-4c92-94ec-b54ab9b19dd7.png,2025-12-20_Auto/186925cf-c25c-4c92-94ec-b54ab9b19dd7.png,238785,.png,image,fa690956f7ad44084af2463fe5d7f738c76c0116a62b09ab4379abfef1725903,2025-12-20T21:00:38.018Z,2025-12-20T21:00:38.079Z,186925cf-c25c-4c92-94ec-b54ab9b19dd7,186925cf-c25c-4c92-94ec-b54ab9b19dd7,false,,,ok,jpeg
GrokVault,full-vault-scan,/Users/philipbankier/Content/Grok IMagine/greymaker/GrokVault/2025-12-20_Auto/18ba7888-21b1-486b-ad8e-d8e070d6a1db.png,2025-12-20_Auto/18ba7888-21b1-486b-ad8e-d8e070d6a1db.png,176417,.png,image,6817baf14f32c771132f0f958b41ed31d50bb2afdc59297e7da54c00d9f91369,2025-12-20T23:59:19.840Z,2025-12-20T23:59:19.898Z,18ba7888-21b1-486b-ad8e-d8e070d6a1db,18ba7888-21b1-486b-ad8e-d8e070d6a1db,false,,,ok,jpeg
GrokVault,full-vault-scan,/Users/philipbankier/Content/Grok IMagine/greymaker/GrokVault/2025-12-20_Auto/19269284-eae7-40c2-83c5-50154398f131.mp4,2025-12-20_Auto/19269284-eae7-40c2-83c5-50154398f131.mp4,2466092,.mp4,video,fa5664323f8bbaa7d5c952185cd394a69bec3788b9a644d02e3ce1e59f729d3e,2025-12-20T22:00:57.434Z,2025-12-20T22:00:57.436Z,19269284-eae7-40c2-83c5-50154398f131,19269284-eae7-40c2-83c5-50154398f131,false,,,ok,mp4-family
GrokVault,full-vault-scan,/Users/philipbankier/Content/Grok IMagine/greymaker/GrokVault/2025-12-20_Auto/192be804-5666-442f-b39d-a43d51c26d60.png,2025-12-20_Auto/192be804-5666-442f-b39d-a43d51c26d60.png,286065,.png,image,8a07436021c4fd3e98758514de8b53d4562636064f58fe4792a18dcaea1a55c6,2025-12-20T22:41:16.454Z,2025-12-20T22:41:16.516Z,192be804-5666-442f-b39d-a43d51c26d60,192be804-5666-442f-b39d-a43d51c26d60,false,,,ok,jpeg
GrokVault,full-vault-scan,/Users/philipbankier/Content/Grok IMagine/greymaker/GrokVault/2025-12-20_Auto/19326788-6afc-4b04-a621-30b5ac1b28fb.mp4,2025-12-20_Auto/19326788-6afc-4b04-a621-30b5ac1b28fb.mp4,1571813,.mp4,video,30cbab2197a2602b983b8309c06a2bfc9df843f2f01bc91b429c57c930a96792,2025-12-20T22:11:04.555Z,2025-12-20T22:11:04.557Z,19326788-6afc-4b04-a621-30b5ac1b28fb,19326788-6afc-4b04-a621-30b5ac1b28fb,false,,,ok,mp4-family
GrokVault,full-vault-scan,/Users/philipbankier/Content/Grok IMagine/greymaker/GrokVault/2025-12-20_Auto/19362ea8-6bf3-4ab1-9dfd-d51f7240c1ff.mp4,2025-12-20_Auto/19362ea8-6bf3-4ab1-9dfd-d51f7240c1ff.mp4,2429416,.mp4,video,8d2519f59e6d018e99b5ade17837f62bc87ac7dea35bdfa66dbf29708f412e88,2025-12-20T00:15:11.974Z,2025-12-20T00:15:11.976Z,19362ea8-6bf3-4ab1-9dfd-d51f7240c1ff,19362ea8-6bf3-4ab1-9dfd-d51f7240c1ff,false,,,ok,mp4-family
GrokVault,full-vault-scan,/Users/philipbankier/Content/Grok IMagine/greymaker/GrokVault/2025-12-20_Auto/195728c5-a2f2-4d22-843e-b45ede3b3b81.png,2025-12-20_Auto/195728c5-a2f2-4d22-843e-b45ede3b3b81.png,282913,.png,image,44b62022eed4c8b722bf32802a35141f0939704f6771c4e72e1d5545379280c6,2025-12-20T00:07:17.580Z,2025-12-20T00:07:17.582Z,195728c5-a2f2-4d22-843e-b45ede3b3b81,195728c5-a2f2-4d22-843e-b45ede3b3b81,false,,,ok,jpeg
GrokVault,full-vault-scan,/Users/philipbankier/Content/Grok IMagine/greymaker/GrokVault/2025-12-20_Auto/19602d86-e4f7-491e-95c1-9b32fb3bd7e9.mp4,2025-12-20_Auto/19602d86-e4f7-491e-95c1-9b32fb3bd7e9.mp4,2268315,.mp4,video,d5d057db30b7f46c397e844a5cf6f3aa66df0f0ab428c444af3ca7edb213ef0f,2025-12-20T22:21:24.796Z,2025-12-20T22:21:24.798Z,19602d86-e4f7-491e-95c1-9b32fb3bd7e9,19602d86-e4f7-491e-95c1-9b32fb3bd7e9,false,,,ok,mp4-family
GrokVault,full-vault-scan,/Users/philipbankier/Content/Grok IMagine/greymaker/GrokVault/2025-12-20_Auto/19868ed9-ec2c-42ac-bf66-d359b33aba90.mp4,2025-12-20_Auto/19868ed9-ec2c-42ac-bf66-d359b33aba90.mp4,1729398,.mp4,video,d99355ac862ff26e51a6c6a2aadd9e3c2b0f17253b11dc82d83fc6584af24172,2025-12-20T23:04:36.115Z,2025-12-20T23:04:36.116Z,19868ed9-ec2c-42ac-bf66-d359b33aba90,19868ed9-ec2c-42ac-bf66-d359b33aba90,false,,,ok,mp4-family
GrokVault,full-vault-scan,/Users/philipbankier/Content/Grok IMagine/greymaker/GrokVault/2025-12-20_Auto/1987d2ea-d633-4cf0-8ff1-0343a1fbba6d.mp4,2025-12-20_Auto/1987d2ea-d633-4cf0-8ff1-0343a1fbba6d.mp4,1211936,.mp4,video,5633835065ee548b13d3bda76a035d2fb93b647812df32d6e72869e154be2bce,2025-12-20T22:31:51.379Z,2025-12-20T22:31:51.380Z,1987d2ea-d633-4cf0-8ff1-0343a1fbba6d,1987d2ea-d633-4cf0-8ff1-0343a1fbba6d,false,,,ok,mp4-family
GrokVault,full-vault-scan,/Users/philipbankier/Content/Grok IMagine/greymaker/GrokVault/2025-12-20_Auto/19d56c18-9cc9-47fb-8b62-349b08473663.mp4,2025-12-20_Auto/19d56c18-9cc9-47fb-8b62-349b08473663.mp4,1972824,.mp4,video,851f3d52086fe5016acbaa6d7dba9356fbde622cccc18a3e87eda94e5b88fd16,2025-12-20T21:38:12.142Z,2025-12-20T21:38:12.145Z,19d56c18-9cc9-47fb-8b62-349b08473663,19d56c18-9cc9-47fb-8b62-349b08473663,false,,,ok,mp4-family
GrokVault,full-vault-scan,/Users/philipbankier/Content/Grok IMagine/greymaker/GrokVault/2025-12-20_Auto/1a2de72d-5304-4bfd-8e56-fb9672af2322.png,2025-12-20_Auto/1a2de72d-5304-4bfd-8e56-fb9672af2322.png,296425,.png,image,bac9d0c07ac017d3082cf7875fb0d4992cb6ab4b415f565045a42915b5989ea8,2025-12-20T04:12:59.895Z,2025-12-20T04:12:59.900Z,1a2de72d-5304-4bfd-8e56-fb9672af2322,1a2de72d-5304-4bfd-8e56-fb9672af2322,false,,,ok,jpeg
GrokVault,full-vault-scan,/Users/philipbankier/Content/Grok IMagine/greymaker/GrokVault/2025-12-20_Auto/1a48fb89-5dd7-4f41-b58a-fff4bc67249d.mp4,2025-12-20_Auto/1a48fb89-5dd7-4f41-b58a-fff4bc67249d.mp4,1918813,.mp4,video,7f12be82b644094753e62d9dfa86ae41a2f969284fc754c44479e478df4e90af,2025-12-20T23:48:14.109Z,2025-12-20T23:48:14.111Z,1a48fb89-5dd7-4f41-b58a-fff4bc67249d,1a48fb89-5dd7-4f41-b58a-fff4bc67249d,false,,,ok,mp4-family
GrokVault,full-vault-scan,/Users/philipbankier/Content/Grok IMagine/greymaker/GrokVault/2025-12-20_Auto/1a61eaa3-9166-4432-ba1d-a91131ac2fc2.mp4,2025-12-20_Auto/1a61eaa3-9166-4432-ba1d-a91131ac2fc2.mp4,1405825,.mp4,video,49f8263b69550e4d829d2b1860287dcacb3080b824b4e68e4bf2a17eafa7381c,2025-12-20T23:49:11.523Z,2025-12-20T23:49:11.524Z,1a61eaa3-9166-4432-ba1d-a91131ac2fc2,1a61eaa3-9166-4432-ba1d-a91131ac2fc2,false,,,ok,mp4-family
GrokVault,full-vault-scan,/Users/philipbankier/Content/Grok IMagine/greymaker/GrokVault/2025-12-20_Auto/1ab3477b-e38e-4eea-a54c-20b60fbb63ca.mp4,2025-12-20_Auto/1ab3477b-e38e-4eea-a54c-20b60fbb63ca.mp4,1765868,.mp4,video,035a4ad2f0f0d2a57a365e590b2813f40683af3f3666f7f4244d67ddead2af47,2025-12-20T23:38:03.918Z,2025-12-20T23:38:03.920Z,1ab3477b-e38e-4eea-a54c-20b60fbb63ca,1ab3477b-e38e-4eea-a54c-20b60fbb63ca,false,,,ok,mp4-family
GrokVault,full-vault-scan,/Users/philipbankier/Content/Grok IMagine/greymaker/GrokVault/2025-12-20_Auto/1aca74f9-0ee8-48be-8659-835c02731f48.mp4,2025-12-20_Auto/1aca74f9-0ee8-48be-8659-835c02731f48.mp4,2073336,.mp4,video,3fc31d1454453d8b061f8095c3914ea3da3d61c02ac86cbd2ab81d1cb10a22a6,2025-12-20T05:34:28.118Z,2025-12-20T05:34:28.120Z,1aca74f9-0ee8-48be-8659-835c02731f48,1aca74f9-0ee8-48be-8659-835c02731f48,false,,hash-4,ok,mp4-family
GrokVault,full-vault-scan,/Users/philipbankier/Content/Grok IMagine/greymaker/GrokVault/2025-12-20_Auto/1b738c2d-b4ad-4b85-b040-52e3d00fb102.mp4,2025-12-20_Auto/1b738c2d-b4ad-4b85-b040-52e3d00fb102.mp4,1597034,.mp4,video,da7d7101c4b615b6f70453fab05358b70d0ce1fe8364823f276631e96192853f,2025-12-20T23:44:27.107Z,2025-12-20T23:44:27.109Z,1b738c2d-b4ad-4b85-b040-52e3d00fb102,1b738c2d-b4ad-4b85-b040-52e3d00fb102,false,,,ok,mp4-family
GrokVault,full-vault-scan,/Users/philipbankier/Content/Grok IMagine/greymaker/GrokVault/2025-12-20_Auto/1ba88ff3-df2b-4aa5-accc-688af779c890.png,2025-12-20_Auto/1ba88ff3-df2b-4aa5-accc-688af779c890.png,212418,.png,image,8f69e4de802fa11b082ffd6e0d63aa8ee55cf4e4382feea151ff88069227b02e,2025-12-20T23:06:17.291Z,2025-12-20T23:06:17.349Z,1ba88ff3-df2b-4aa5-accc-688af779c890,1ba88ff3-df2b-4aa5-accc-688af779c890,false,,,ok,jpeg
GrokVault,full-vault-scan,/Users/philipbankier/Content/Grok IMagine/greymaker/GrokVault/2025-12-20_Auto/1bf1c26e-f63a-487f-96dc-2b0ca252c6d5.mp4,2025-12-20_Auto/1bf1c26e-f63a-487f-96dc-2b0ca252c6d5.mp4,2365591,.mp4,video,7be7b03a317836d1b86c9673fdc7e2fd13fc1aec7d5be570252cefa985bf3f63,2025-12-20T03:30:41.474Z,2025-12-20T03:30:41.477Z,1bf1c26e-f63a-487f-96dc-2b0ca252c6d5,1bf1c26e-f63a-487f-96dc-2b0ca252c6d5,false,,,ok,mp4-family
GrokVault,full-vault-scan,/Users/philipbankier/Content/Grok IMagine/greymaker/GrokVault/2025-12-20_Auto/1c75342b-1314-4d98-9ffe-39d9c708599e.png,2025-12-20_Auto/1c75342b-1314-4d98-9ffe-39d9c708599e.png,379529,.png,image,60d7dd3f8abb98da7ffe65b4a16b14a04e8cff7d321e192f0ec344524c7cb47a,2025-12-20T03:25:25.193Z,2025-12-20T03:25:25.197Z,1c75342b-1314-4d98-9ffe-39d9c708599e,1c75342b-1314-4d98-9ffe-39d9c708599e,false,,,ok,jpeg
GrokVault,full-vault-scan,/Users/philipbankier/Content/Grok IMagine/greymaker/GrokVault/2025-12-20_Auto/1cca6d60-5b31-4f88-94bf-9954b08fd735.png,2025-12-20_Auto/1cca6d60-5b31-4f88-94bf-9954b08fd735.png,263639,.png,image,b0841d7ab521e32c422496c6e51ba0212413e58b3c55278e7a9996394cfd18b8,2025-12-20T21:47:34.157Z,2025-12-20T21:47:34.215Z,1cca6d60-5b31-4f88-94bf-9954b08fd735,1cca6d60-5b31-4f88-94bf-9954b08fd735,false,,,ok,jpeg
GrokVault,full-vault-scan,/Users/philipbankier/Content/Grok IMagine/greymaker/GrokVault/2025-12-20_Auto/1cd7d094-12ba-4287-a8e1-f2dd5c718d49.png,2025-12-20_Auto/1cd7d094-12ba-4287-a8e1-f2dd5c718d49.png,284738,.png,image,deac41e737eb5519dba89aec69a3c05842386e8171b79bd4804100b12a3b5ef7,2025-12-20T22:34:14.730Z,2025-12-20T22:34:14.816Z,1cd7d094-12ba-4287-a8e1-f2dd5c718d49,1cd7d094-12ba-4287-a8e1-f2dd5c718d49,false,,,ok,jpeg
GrokVault,full-vault-scan,/Users/philipbankier/Content/Grok IMagine/greymaker/GrokVault/2025-12-20_Auto/1ceef8fa-3f81-41d7-8929-b0d7290ac415.png,2025-12-20_Auto/1ceef8fa-3f81-41d7-8929-b0d7290ac415.png,300820,.png,image,1ab4c0ca233707e1c889e3bdeb85b95b741e130a3cee98608e7975e61328dd5b,2025-12-20T03:28:49.611Z,2025-12-20T03:28:49.613Z,1ceef8fa-3f81-41d7-8929-b0d7290ac415,1ceef8fa-3f81-41d7-8929-b0d7290ac415,false,,,ok,jpeg
GrokVault,full-vault-scan,/Users/philipbankier/Content/Grok IMagine/greymaker/GrokVault/2025-12-20_Auto/1cf0bda6-3723-4c4e-9035-65d3521250d9.png,2025-12-20_Auto/1cf0bda6-3723-4c4e-9035-65d3521250d9.png,216021,.png,image,366d3cd0e47516ec384dc3037bf53a6b328cd38cba53c84af01e64e10f8d371d,2025-12-20T21:00:15.842Z,2025-12-20T21:00:15.894Z,1cf0bda6-3723-4c4e-9035-65d3521250d9,1cf0bda6-3723-4c4e-9035-65d3521250d9,false,,,ok,jpeg
GrokVault,full-vault-scan,/Users/philipbankier/Content/Grok IMagine/greymaker/GrokVault/2025-12-20_Auto/1d861b7c-100a-421b-8dbb-1622304f74a9.png,2025-12-20_Auto/1d861b7c-100a-421b-8dbb-1622304f74a9.png,238602,.png,image,e2f0f095993856e1be6e4ba64ed1839e179e640b0930542f6db6df275abbf358,2025-12-20T21:34:51.044Z,2025-12-20T21:34:51.119Z,1d861b7c-100a-421b-8dbb-1622304f74a9,1d861b7c-100a-421b-8dbb-1622304f74a9,false,,,ok,jpeg
GrokVault,full-vault-scan,/Users/philipbankier/Content/Grok IMagine/greymaker/GrokVault/2025-12-20_Auto/1da9548a-83ef-4441-b9ca-c95a88000555.mp4,2025-12-20_Auto/1da9548a-83ef-4441-b9ca-c95a88000555.mp4,1950131,.mp4,video,c22cd56e1a915e21599c5c7978660c56f52386b7f77ff2942d19b15ea64ca98f,2025-12-20T04:54:51.776Z,2025-12-20T04:54:51.778Z,1da9548a-83ef-4441-b9ca-c95a88000555,1da9548a-83ef-4441-b9ca-c95a88000555,false,,,ok,mp4-family
GrokVault,full-vault-scan,/Users/philipbankier/Content/Grok IMagine/greymaker/GrokVault/2025-12-20_Auto/1dacbf47-615b-4a98-ad2a-c8f6a618f8a0.png,2025-12-20_Auto/1dacbf47-615b-4a98-ad2a-c8f6a618f8a0.png,272679,.png,image,0e0e9d8bf766459f014b8287a14be554d170f894bb43d45176fa8b2b511078d3,2025-12-20T22:40:18.101Z,2025-12-20T22:40:18.159Z,1dacbf47-615b-4a98-ad2a-c8f6a618f8a0,1dacbf47-615b-4a98-ad2a-c8f6a618f8a0,false,,,ok,jpeg
GrokVault,full-vault-scan,/Users/philipbankier/Content/Grok IMagine/greymaker/GrokVault/2025-12-20_Auto/1dc7f1f9-3e07-470b-ba0f-5a54ce02d19f.png,2025-12-20_Auto/1dc7f1f9-3e07-470b-ba0f-5a54ce02d19f.png,358969,.png,image,744475923d809d563e5c6f683d88eeecc43367a55d05686732e1f9b1ba611375,2025-12-20T02:02:28.415Z,2025-12-20T02:02:28.449Z,1dc7f1f9-3e07-470b-ba0f-5a54ce02d19f,1dc7f1f9-3e07-470b-ba0f-5a54ce02d19f,false,,,ok,jpeg
GrokVault,full-vault-scan,/Users/philipbankier/Content/Grok IMagine/greymaker/GrokVault/2025-12-20_Auto/1dd4d110-9683-47bf-b3d2-5636bddb1c8d.png,2025-12-20_Auto/1dd4d110-9683-47bf-b3d2-5636bddb1c8d.png,233142,.png,image,dd71d81fbc3ea6c48d818a0371af6e85e3d7f146817557818478f6f2518fdfb5,2025-12-20T21:08:08.798Z,2025-12-20T21:08:08.858Z,1dd4d110-9683-47bf-b3d2-5636bddb1c8d,1dd4d110-9683-47bf-b3d2-5636bddb1c8d,false,,,ok,jpeg
GrokVault,full-vault-scan,/Users/philipbankier/Content/Grok IMagine/greymaker/GrokVault/2025-12-20_Auto/1deb6790-e079-4476-b9ad-ef7d0f6c931e.mp4,2025-12-20_Auto/1deb6790-e079-4476-b9ad-ef7d0f6c931e.mp4,1055270,.mp4,video,9e6ac51fd2a4cbfb4be2d4745f7f2a334c1594c5125e6ffca28fd2a5b3a05cfe,2025-12-20T23:58:01.780Z,2025-12-20T23:58:01.782Z,1deb6790-e079-4476-b9ad-ef7d0f6c931e,1deb6790-e079-4476-b9ad-ef7d0f6c931e,false,,,ok,mp4-family
GrokVault,full-vault-scan,/Users/philipbankier/Content/Grok IMagine/greymaker/GrokVault/2025-12-20_Auto/1df4c919-51d9-4353-9033-d462f26c15f6.mp4,2025-12-20_Auto/1df4c919-51d9-4353-9033-d462f26c15f6.mp4,1465632,.mp4,video,2cdbd63daa58382035d2ac323d27284ddeb1c8a8f462078b314d089b9368e256,2025-12-20T20:08:24.193Z,2025-12-20T20:08:24.194Z,1df4c919-51d9-4353-9033-d462f26c15f6,1df4c919-51d9-4353-9033-d462f26c15f6,false,,,ok,mp4-family
GrokVault,full-vault-scan,/Users/philipbankier/Content/Grok IMagine/greymaker/GrokVault/2025-12-20_Auto/1e1ce6d5-d484-4663-a55c-0ea9b986026c.mp4,2025-12-20_Auto/1e1ce6d5-d484-4663-a55c-0ea9b986026c.mp4,1128150,.mp4,video,aa4ba2ea74f76f19277de6e6d02767bb433e070bf4b40d4be4f0f2697a3f1c60,2025-12-20T04:41:39.663Z,2025-12-20T04:41:39.664Z,1e1ce6d5-d484-4663-a55c-0ea9b986026c,1e1ce6d5-d484-4663-a55c-0ea9b986026c,false,,,ok,mp4-family
GrokVault,full-vault-scan,/Users/philipbankier/Content/Grok IMagine/greymaker/GrokVault/2025-12-20_Auto/1e467c7d-a249-4751-b81e-196a7021a6e6.mp4,2025-12-20_Auto/1e467c7d-a249-4751-b81e-196a7021a6e6.mp4,1122809,.mp4,video,4f475f15fe3525dee7408fa393b3b90d7bb11f567b42e84e4a23b71f0564cca8,2025-12-20T04:47:40.600Z,2025-12-20T04:47:40.602Z,1e467c7d-a249-4751-b81e-196a7021a6e6,1e467c7d-a249-4751-b81e-196a7021a6e6,false,,,ok,mp4-family
GrokVault,full-vault-scan,/Users/philipbankier/Content/Grok IMagine/greymaker/GrokVault/2025-12-20_Auto/1f0ac756-5fdd-4867-a39f-23df01939659.png,2025-12-20_Auto/1f0ac756-5fdd-4867-a39f-23df01939659.png,302621,.png,image,13e459d71cdf59e0cd3de8f35a56dcca26f870030d833d9dc292c26178c4a05e,2025-12-20T21:46:50.335Z,2025-12-20T21:46:50.355Z,1f0ac756-5fdd-4867-a39f-23df01939659,1f0ac756-5fdd-4867-a39f-23df01939659,false,,,ok,jpeg
GrokVault,full-vault-scan,/Users/philipbankier/Content/Grok IMagine/greymaker/GrokVault/2025-12-20_Auto/1f238876-f117-4686-8c54-19abacb8f659.png,2025-12-20_Auto/1f238876-f117-4686-8c54-19abacb8f659.png,277692,.png,image,9ae094f1ad63a74b59099c96b55e2aa82030259ab33f06199a7e6a2ae3952cdf,2025-12-20T21:30:31.070Z,2025-12-20T21:30:31.134Z,1f238876-f117-4686-8c54-19abacb8f659,1f238876-f117-4686-8c54-19abacb8f659,false,,,ok,jpeg
GrokVault,full-vault-scan,/Users/philipbankier/Content/Grok IMagine/greymaker/GrokVault/2025-12-20_Auto/1f2a36d4-b3e4-406e-84e4-94953d109646.png,2025-12-20_Auto/1f2a36d4-b3e4-406e-84e4-94953d109646.png,345981,.png,image,93fd51a6a53edf2fdb43a3b7d02053012d9d15642f040fb7b7a38d0d8a174a9a,2025-12-20T00:23:29.753Z,2025-12-20T00:23:29.756Z,1f2a36d4-b3e4-406e-84e4-94953d109646,1f2a36d4-b3e4-406e-84e4-94953d109646,false,,,ok,jpeg
GrokVault,full-vault-scan,/Users/philipbankier/Content/Grok IMagine/greymaker/GrokVault/2025-12-20_Auto/1f39ff27-4c91-4230-9b8e-28f591f624c1.png,2025-12-20_Auto/1f39ff27-4c91-4230-9b8e-28f591f624c1.png,221320,.png,image,47b8579c8e49f0c257d02d6889eda5697577a1a23245c6b8c4ed898cb785140b,2025-12-20T05:11:06.902Z,2025-12-20T05:11:06.904Z,1f39ff27-4c91-4230-9b8e-28f591f624c1,1f39ff27-4c91-4230-9b8e-28f591f624c1,false,,,ok,jpeg
GrokVault,full-vault-scan,/Users/philipbankier/Content/Grok IMagine/greymaker/GrokVault/2025-12-20_Auto/1f90f96a-38a5-4acd-ad23-33a9047c9229.png,2025-12-20_Auto/1f90f96a-38a5-4acd-ad23-33a9047c9229.png,316332,.png,image,6a625d61a85e4d4df0325cc4cb66e7eabcb9799a9d501c05b2d580ac04d6f23c,2025-12-20T04:01:57.798Z,2025-12-20T04:01:57.799Z,1f90f96a-38a5-4acd-ad23-33a9047c9229,1f90f96a-38a5-4acd-ad23-33a9047c9229,false,,,ok,jpeg
GrokVault,full-vault-scan,/Users/philipbankier/Content/Grok IMagine/greymaker/GrokVault/2025-12-20_Auto/1fc00fb8-7458-4997-a5a7-3e2047647878.png,2025-12-20_Auto/1fc00fb8-7458-4997-a5a7-3e2047647878.png,219666,.png,image,8c8bd0785687846f9eeb21bb843c41c162328821b5fe03df2ebcc4d3a9a6c698,2025-12-20T21:42:02.372Z,2025-12-20T21:42:02.432Z,1fc00fb8-7458-4997-a5a7-3e2047647878,1fc00fb8-7458-4997-a5a7-3e2047647878,false,,,ok,jpeg
GrokVault,full-vault-scan,/Users/philipbankier/Content/Grok IMagine/greymaker/GrokVault/2025-12-20_Auto/1fcecdbb-7c49-4c0e-95d5-fa8ff511020f.png,2025-12-20_Auto/1fcecdbb-7c49-4c0e-95d5-fa8ff511020f.png,258052,.png,image,b327dab8da2a148abd69839b813970d21e581fe1e4c74093e82886501873189e,2025-12-20T23:24:23.460Z,2025-12-20T23:24:23.526Z,1fcecdbb-7c49-4c0e-95d5-fa8ff511020f,1fcecdbb-7c49-4c0e-95d5-fa8ff511020f,false,,,ok,jpeg
GrokVault,full-vault-scan,/Users/philipbankier/Content/Grok IMagine/greymaker/GrokVault/2025-12-20_Auto/1ff4cc98-4948-4f1b-82bf-8e83d5c05cf1.png,2025-12-20_Auto/1ff4cc98-4948-4f1b-82bf-8e83d5c05cf1.png,363778,.png,image,4f8c2d10d5685448db152b949c9271f78918a27a88baadf67fc028e099b43b5e,2025-12-20T22:42:28.694Z,2025-12-20T22:42:28.774Z,1ff4cc98-4948-4f1b-82bf-8e83d5c05cf1,1ff4cc98-4948-4f1b-82bf-8e83d5c05cf1,false,,,ok,jpeg
GrokVault,full-vault-scan,/Users/philipbankier/Content/Grok IMagine/greymaker/GrokVault/2025-12-20_Auto/1fff023d-134c-4815-acb2-9130cbecf04d.png,2025-12-20_Auto/1fff023d-134c-4815-acb2-9130cbecf04d.png,176333,.png,image,fb1611f94cc40962359c7d518e26ab06c33e908cf85eff869e661b62c7ddb5ad,2025-12-20T21:58:17.910Z,2025-12-20T21:58:17.970Z,1fff023d-134c-4815-acb2-9130cbecf04d,1fff023d-134c-4815-acb2-9130cbecf04d,false,,,ok,jpeg
GrokVault,full-vault-scan,/Users/philipbankier/Content/Grok IMagine/greymaker/GrokVault/2025-12-20_Auto/20173974-962f-48a6-9a98-21f276ba577b.mp4,2025-12-20_Auto/20173974-962f-48a6-9a98-21f276ba577b.mp4,1348011,.mp4,video,021df04a63befc81e37f569c49c37e04f5a2733ac433836057fe56335be65c1e,2025-12-20T23:44:55.149Z,2025-12-20T23:44:55.150Z,20173974-962f-48a6-9a98-21f276ba577b,20173974-962f-48a6-9a98-21f276ba577b,false,,,ok,mp4-family
GrokVault,full-vault-scan,/Users/philipbankier/Content/Grok IMagine/greymaker/GrokVault/2025-12-20_Auto/203b8dd3-f43c-4ff8-b1f6-25070e34b3a2.mp4,2025-12-20_Auto/203b8dd3-f43c-4ff8-b1f6-25070e34b3a2.mp4,1807774,.mp4,video,969d0dc75bcadfc3861d33f8cf4ce888fee1c92bb50b724dee12b02204e35969,2025-12-20T04:31:04.079Z,2025-12-20T04:31:04.081Z,203b8dd3-f43c-4ff8-b1f6-25070e34b3a2,203b8dd3-f43c-4ff8-b1f6-25070e34b3a2,false,,,ok,mp4-family
GrokVault,full-vault-scan,/Users/philipbankier/Content/Grok IMagine/greymaker/GrokVault/2025-12-20_Auto/2050d7f4-74c7-4cc3-8b9e-f1cf97abf2eb.png,2025-12-20_Auto/2050d7f4-74c7-4cc3-8b9e-f1cf97abf2eb.png,281230,.png,image,3090d12ae82a6bde6a1aa7991f79c14d842d087698e3830f34d3115ce56d7a7f,2025-12-20T00:03:55.248Z,2025-12-20T00:03:55.250Z,2050d7f4-74c7-4cc3-8b9e-f1cf97abf2eb,2050d7f4-74c7-4cc3-8b9e-f1cf97abf2eb,false,,,ok,jpeg
GrokVault,full-vault-scan,/Users/philipbankier/Content/Grok IMagine/greymaker/GrokVault/2025-12-20_Auto/20638dc4-3388-4c56-acba-7c89a558460f.png,2025-12-20_Auto/20638dc4-3388-4c56-acba-7c89a558460f.png,237147,.png,image,a15b684c1a6750bbfbf67a833bcb0166b83f9c74b735687fc9955db320f9251e,2025-12-20T21:28:50.017Z,2025-12-20T21:28:50.079Z,20638dc4-3388-4c56-acba-7c89a558460f,20638dc4-3388-4c56-acba-7c89a558460f,false,,,ok,jpeg
GrokVault,full-vault-scan,/Users/philipbankier/Content/Grok IMagine/greymaker/GrokVault/2025-12-20_Auto/21137071-79da-4279-928c-eb4ba31a37f0.png,2025-12-20_Auto/21137071-79da-4279-928c-eb4ba31a37f0.png,329073,.png,image,c58838c794541e03926fd812127367e8d0e3c111bffb25db9453b0c807566e30,2025-12-20T04:09:30.951Z,2025-12-20T04:09:30.953Z,21137071-79da-4279-928c-eb4ba31a37f0,21137071-79da-4279-928c-eb4ba31a37f0,false,,,ok,jpeg
GrokVault,full-vault-scan,/Users/philipbankier/Content/Grok IMagine/greymaker/GrokVault/2025-12-20_Auto/21228656-6d1b-46ad-8493-987a81fc28a7.mp4,2025-12-20_Auto/21228656-6d1b-46ad-8493-987a81fc28a7.mp4,2245236,.mp4,video,c11564d01fb35979a3fd70002b0657ac48f8f58c7cd9c1e1a369a264ad566509,2025-12-20T03:24:16.316Z,2025-12-20T03:24:16.318Z,21228656-6d1b-46ad-8493-987a81fc28a7,21228656-6d1b-46ad-8493-987a81fc28a7,false,,hash-5,ok,mp4-family
GrokVault,full-vault-scan,/Users/philipbankier/Content/Grok IMagine/greymaker/GrokVault/2025-12-20_Auto/2153d78d-1030-48ac-aa85-8a61673e8f85.mp4,2025-12-20_Auto/2153d78d-1030-48ac-aa85-8a61673e8f85.mp4,2283717,.mp4,video,dab803709dae029b22f320a961093f8e68acb03edc47b27874c2b01036c13cef,2025-12-20T03:59:43.018Z,2025-12-20T03:59:43.020Z,2153d78d-1030-48ac-aa85-8a61673e8f85,2153d78d-1030-48ac-aa85-8a61673e8f85,false,,,ok,mp4-family
GrokVault,full-vault-scan,/Users/philipbankier/Content/Grok IMagine/greymaker/GrokVault/2025-12-20_Auto/2167287f-0023-4d08-8c0a-276ec41e2e51.png,2025-12-20_Auto/2167287f-0023-4d08-8c0a-276ec41e2e51.png,281247,.png,image,2195a5e35c1b2eb89bd8451b9d37ad0741c9e8578db56c8358dc6695526ed3f4,2025-12-20T05:23:10.914Z,2025-12-20T05:23:10.916Z,2167287f-0023-4d08-8c0a-276ec41e2e51,2167287f-0023-4d08-8c0a-276ec41e2e51,false,,,ok,jpeg
GrokVault,full-vault-scan,/Users/philipbankier/Content/Grok IMagine/greymaker/GrokVault/2025-12-20_Auto/21866a96-01cc-4344-bfdb-f23af6a84a5d.png,2025-12-20_Auto/21866a96-01cc-4344-bfdb-f23af6a84a5d.png,282593,.png,image,de5251d4f28333d36c7189a0576b81f26d0c95c4eb906f5ef1bbd54450f0a422,2025-12-20T21:29:18.700Z,2025-12-20T21:29:18.772Z,21866a96-01cc-4344-bfdb-f23af6a84a5d,21866a96-01cc-4344-bfdb-f23af6a84a5d,false,,,ok,jpeg
GrokVault,full-vault-scan,/Users/philipbankier/Content/Grok IMagine/greymaker/GrokVault/2025-12-20_Auto/21a1cd80-6150-4e13-9a77-dd89a0404628.png,2025-12-20_Auto/21a1cd80-6150-4e13-9a77-dd89a0404628.png,267786,.png,image,e4844f7f11ccaaa92f83892ca9b3360059693889830244e5b59add2422d5a27c,2025-12-20T22:02:53.341Z,2025-12-20T22:02:53.403Z,21a1cd80-6150-4e13-9a77-dd89a0404628,21a1cd80-6150-4e13-9a77-dd89a0404628,false,,,ok,jpeg
GrokVault,full-vault-scan,/Users/philipbankier/Content/Grok IMagine/greymaker/GrokVault/2025-12-20_Auto/21a59899-27d5-46d9-865b-19044a7ee87b.mp4,2025-12-20_Auto/21a59899-27d5-46d9-865b-19044a7ee87b.mp4,1612750,.mp4,video,13bfa820b9fb5d5238db39d39114156acb3ea0944b7fa669385ea0e721d8db46,2025-12-20T23:37:21.177Z,2025-12-20T23:37:21.178Z,21a59899-27d5-46d9-865b-19044a7ee87b,21a59899-27d5-46d9-865b-19044a7ee87b,false,,,ok,mp4-family
GrokVault,full-vault-scan,/Users/philipbankier/Content/Grok IMagine/greymaker/GrokVault/2025-12-20_Auto/21aef614-16a0-4c47-8fb9-920663e7e5ef.png,2025-12-20_Auto/21aef614-16a0-4c47-8fb9-920663e7e5ef.png,288542,.png,image,e54ea05cd2c09efb925bf2b4434277d1da21b94f854c5d046e8e01cf4f200001,2025-12-20T21:48:45.337Z,2025-12-20T21:48:45.397Z,21aef614-16a0-4c47-8fb9-920663e7e5ef,21aef614-16a0-4c47-8fb9-920663e7e5ef,false,,,ok,jpeg
GrokVault,full-vault-scan,/Users/philipbankier/Content/Grok IMagine/greymaker/GrokVault/2025-12-20_Auto/21dff96f-0e01-477c-9262-8a670a0f1740.mp4,2025-12-20_Auto/21dff96f-0e01-477c-9262-8a670a0f1740.mp4,1183208,.mp4,video,7b2616e75a6119d6cd2ee4cc2ff7dc7240266c844e3d63d2a1e9a19a86f866e8,2025-12-20T22:51:18.373Z,2025-12-20T22:51:18.375Z,21dff96f-0e01-477c-9262-8a670a0f1740,21dff96f-0e01-477c-9262-8a670a0f1740,false,,,ok,mp4-family
GrokVault,full-vault-scan,/Users/philipbankier/Content/Grok IMagine/greymaker/GrokVault/2025-12-20_Auto/22205a25-73da-4105-9248-77d395b96a91.png,2025-12-20_Auto/22205a25-73da-4105-9248-77d395b96a91.png,176259,.png,image,0deb6ecbc6b2caaaaa274c353601121629a28620a8d98264a9c196dfaecfecec,2025-12-20T05:09:12.656Z,2025-12-20T05:09:12.657Z,22205a25-73da-4105-9248-77d395b96a91,22205a25-73da-4105-9248-77d395b96a91,false,,,ok,jpeg
GrokVault,full-vault-scan,/Users/philipbankier/Content/Grok IMagine/greymaker/GrokVault/2025-12-20_Auto/222f54fc-1411-45fa-a7f7-71196a7e66ba.png,2025-12-20_Auto/222f54fc-1411-45fa-a7f7-71196a7e66ba.png,367302,.png,image,e684d4c003554113879f0808b71e49c9c91105d172aa48e534cc991125784d31,2025-12-20T21:24:03.387Z,2025-12-20T21:24:03.464Z,222f54fc-1411-45fa-a7f7-71196a7e66ba,222f54fc-1411-45fa-a7f7-71196a7e66ba,false,,,ok,jpeg
GrokVault,full-vault-scan,/Users/philipbankier/Content/Grok IMagine/greymaker/GrokVault/2025-12-20_Auto/2235f401-45a5-4a0d-9323-984745769766.png,2025-12-20_Auto/2235f401-45a5-4a0d-9323-984745769766.png,232963,.png,image,e8effef4ab6e2a22e4f139f6ebbfe2d8c8811d013d4ac57a820639b154726c83,2025-12-20T05:03:55.776Z,2025-12-20T05:03:55.778Z,2235f401-45a5-4a0d-9323-984745769766,2235f401-45a5-4a0d-9323-984745769766,false,,,ok,jpeg
GrokVault,full-vault-scan,/Users/philipbankier/Content/Grok IMagine/greymaker/GrokVault/2025-12-20_Auto/2237502b-6f32-4e88-a223-722973b6bf75.mp4,2025-12-20_Auto/2237502b-6f32-4e88-a223-722973b6bf75.mp4,2131029,.mp4,video,1f485adcfc2df547cbf6f3c17b145246690404c150f550277aa61d25a31e4eda,2025-12-20T00:15:58.080Z,2025-12-20T00:15:58.081Z,2237502b-6f32-4e88-a223-722973b6bf75,2237502b-6f32-4e88-a223-722973b6bf75,false,,,ok,mp4-family
GrokVault,full-vault-scan,/Users/philipbankier/Content/Grok IMagine/greymaker/GrokVault/2025-12-20_Auto/2245f947-cde7-4391-a432-010026383629.mp4,2025-12-20_Auto/2245f947-cde7-4391-a432-010026383629.mp4,2345718,.mp4,video,60a1e25ada0a6a3384360ea05b3278c02062fd02712cac663e84feb7636de61e,2025-12-20T23:00:49.235Z,2025-12-20T23:00:49.238Z,2245f947-cde7-4391-a432-010026383629,2245f947-cde7-4391-a432-010026383629,false,,,ok,mp4-family
GrokVault,full-vault-scan,/Users/philipbankier/Content/Grok IMagine/greymaker/GrokVault/2025-12-20_Auto/22649fd4-25b0-46a4-936b-b58b929c9351.mp4,2025-12-20_Auto/22649fd4-25b0-46a4-936b-b58b929c9351.mp4,1243663,.mp4,video,4b59a139fba9c027cc605e27f6053e782e7b458b3e03752576751fdc629e2b6d,2025-12-20T23:32:22.225Z,2025-12-20T23:32:22.226Z,22649fd4-25b0-46a4-936b-b58b929c9351,22649fd4-25b0-46a4-936b-b58b929c9351,false,,,ok,mp4-family
GrokVault,full-vault-scan,/Users/philipbankier/Content/Grok IMagine/greymaker/GrokVault/2025-12-20_Auto/228e88ef-78ba-419f-aa08-0f81f1442250.mp4,2025-12-20_Auto/228e88ef-78ba-419f-aa08-0f81f1442250.mp4,1077529,.mp4,video,477020180a29131c010aab8db327a3bf79bd22896cef6ba909cc18047c3305b6,2025-12-20T22:27:49.974Z,2025-12-20T22:27:49.975Z,228e88ef-78ba-419f-aa08-0f81f1442250,228e88ef-78ba-419f-aa08-0f81f1442250,false,,,ok,mp4-family
GrokVault,full-vault-scan,/Users/philipbankier/Content/Grok IMagine/greymaker/GrokVault/2025-12-20_Auto/22bf3c0e-ce1a-4b56-b40f-be57b197d354.mp4,2025-12-20_Auto/22bf3c0e-ce1a-4b56-b40f-be57b197d354.mp4,1623827,.mp4,video,fa11fdd4d489fba229435632e73f7187bf0b525d53718e6997593809a80123ff,2025-12-20T23:39:28.284Z,2025-12-20T23:39:28.286Z,22bf3c0e-ce1a-4b56-b40f-be57b197d354,22bf3c0e-ce1a-4b56-b40f-be57b197d354,false,,,ok,mp4-family
GrokVault,full-vault-scan,/Users/philipbankier/Content/Grok IMagine/greymaker/GrokVault/2025-12-20_Auto/22c24d2b-3578-4378-b95d-50ac10c95a39.mp4,2025-12-20_Auto/22c24d2b-3578-4378-b95d-50ac10c95a39.mp4,1528233,.mp4,video,f6b75779f360b87ee5854992e2550f223f09c5da4e2b0b81de583626d64a1d3a,2025-12-20T22:50:20.550Z,2025-12-20T22:50:20.551Z,22c24d2b-3578-4378-b95d-50ac10c95a39,22c24d2b-3578-4378-b95d-50ac10c95a39,false,,,ok,mp4-family
GrokVault,full-vault-scan,/Users/philipbankier/Content/Grok IMagine/greymaker/GrokVault/2025-12-20_Auto/2335a31a-a2b8-4950-838e-e14079596905.mp4,2025-12-20_Auto/2335a31a-a2b8-4950-838e-e14079596905.mp4,1398288,.mp4,video,c272bcb859ec35f971eeb96a4f6549b0c7c7bb1f146394c385678740491024f7,2025-12-20T23:55:23.508Z,2025-12-20T23:55:23.509Z,2335a31a-a2b8-4950-838e-e14079596905,2335a31a-a2b8-4950-838e-e14079596905,false,,,ok,mp4-family
GrokVault,full-vault-scan,/Users/philipbankier/Content/Grok IMagine/greymaker/GrokVault/2025-12-20_Auto/234cd889-5b3b-4eaf-9da4-3df8bd401a87.mp4,2025-12-20_Auto/234cd889-5b3b-4eaf-9da4-3df8bd401a87.mp4,1320639,.mp4,video,a62e0120933c4f5931d25fffe5913aeeeb339c124624985d57ff3c35b6385217,2025-12-20T22:31:37.341Z,2025-12-20T22:31:37.343Z,234cd889-5b3b-4eaf-9da4-3df8bd401a87,234cd889-5b3b-4eaf-9da4-3df8bd401a87,false,,,ok,mp4-family
GrokVault,full-vault-scan,/Users/philipbankier/Content/Grok IMagine/greymaker/GrokVault/2025-12-20_Auto/24159420-d749-4d00-b2ab-8ab19a528856.mp4,2025-12-20_Auto/24159420-d749-4d00-b2ab-8ab19a528856.mp4,1900131,.mp4,video,328fc7cefef4dd096f119ad1eb54f560d591d476cc6bda59dcbab1d353640e39,2025-12-20T22:10:22.249Z,2025-12-20T22:10:22.251Z,24159420-d749-4d00-b2ab-8ab19a528856,24159420-d749-4d00-b2ab-8ab19a528856,false,,,ok,mp4-family
GrokVault,full-vault-scan,/Users/philipbankier/Content/Grok IMagine/greymaker/GrokVault/2025-12-20_Auto/250e3fe9-884c-4125-be09-5ca2ee9f3b1f.mp4,2025-12-20_Auto/250e3fe9-884c-4125-be09-5ca2ee9f3b1f.mp4,1386871,.mp4,video,a53ea2872c7d38587f70881594765d4ef3c413e3d03f8a34070c4190553e5cc5,2025-12-20T22:59:09.538Z,2025-12-20T22:59:09.539Z,250e3fe9-884c-4125-be09-5ca2ee9f3b1f,250e3fe9-884c-4125-be09-5ca2ee9f3b1f,false,,,ok,mp4-family
GrokVault,full-vault-scan,/Users/philipbankier/Content/Grok IMagine/greymaker/GrokVault/2025-12-20_Auto/252df819-9f84-4fe1-b08c-28d08f640dc9.png,2025-12-20_Auto/252df819-9f84-4fe1-b08c-28d08f640dc9.png,237504,.png,image,1edd849e4cda688d94580ab75c6e8bf856507677501095e5e848d585f71ed387,2025-12-20T21:06:12.378Z,2025-12-20T21:06:12.440Z,252df819-9f84-4fe1-b08c-28d08f640dc9,252df819-9f84-4fe1-b08c-28d08f640dc9,false,,,ok,jpeg
GrokVault,full-vault-scan,/Users/philipbankier/Content/Grok IMagine/greymaker/GrokVault/2025-12-20_Auto/26954c89-9b14-4c27-82f2-a2372aa53328.png,2025-12-20_Auto/26954c89-9b14-4c27-82f2-a2372aa53328.png,241742,.png,image,5204f45982f21ae4f84a8e6705fca12b617030b37ba163f9fa6f00aa7296fc8f,2025-12-20T23:26:05.234Z,2025-12-20T23:26:05.294Z,26954c89-9b14-4c27-82f2-a2372aa53328,26954c89-9b14-4c27-82f2-a2372aa53328,false,,,ok,jpeg
GrokVault,full-vault-scan,/Users/philipbankier/Content/Grok IMagine/greymaker/GrokVault/2025-12-20_Auto/2696d341-54f0-4383-99e8-43076b19e626.png,2025-12-20_Auto/2696d341-54f0-4383-99e8-43076b19e626.png,302395,.png,image,b9a6ee8ffc6d392af345c0f2f1fe419ddbca07afd15d729080add304d91ae7a3,2025-12-20T22:15:39.924Z,2025-12-20T22:15:39.964Z,2696d341-54f0-4383-99e8-43076b19e626,2696d341-54f0-4383-99e8-43076b19e626,false,,,ok,jpeg
GrokVault,full-vault-scan,/Users/philipbankier/Content/Grok IMagine/greymaker/GrokVault/2025-12-20_Auto/269e1f11-f124-4f60-941d-05799450444e.png,2025-12-20_Auto/269e1f11-f124-4f60-941d-05799450444e.png,296217,.png,image,0a8a0a5f7b95453d82ff76564301af5ba26d250e2db88a773fec7befee4ea9b0,2025-12-20T22:39:04.417Z,2025-12-20T22:39:04.478Z,269e1f11-f124-4f60-941d-05799450444e,269e1f11-f124-4f60-941d-05799450444e,false,,,ok,jpeg
GrokVault,full-vault-scan,/Users/philipbankier/Content/Grok IMagine/greymaker/GrokVault/2025-12-20_Auto/27b39d51-bd3d-44c8-8028-e7941e56b151.png,2025-12-20_Auto/27b39d51-bd3d-44c8-8028-e7941e56b151.png,232145,.png,image,02775b53e8850859ffa8220c027b1796b9cc017e108e3c189587897d46cab194,2025-12-20T21:31:13.397Z,2025-12-20T21:31:13.455Z,27b39d51-bd3d-44c8-8028-e7941e56b151,27b39d51-bd3d-44c8-8028-e7941e56b151,false,,,ok,jpeg
GrokVault,full-vault-scan,/Users/philipbankier/Content/Grok IMagine/greymaker/GrokVault/2025-12-20_Auto/27ddf3df-d416-4847-8561-58773cdaff76.mp4,2025-12-20_Auto/27ddf3df-d416-4847-8561-58773cdaff76.mp4,1250179,.mp4,video,94b74cda3fd969609dfa762e1e1f677c946aca718d2b82e747777393a2e13e28,2025-12-20T23:43:01.848Z,2025-12-20T23:43:01.849Z,27ddf3df-d416-4847-8561-58773cdaff76,27ddf3df-d416-4847-8561-58773cdaff76,false,,,ok,mp4-family
GrokVault,full-vault-scan,/Users/philipbankier/Content/Grok IMagine/greymaker/GrokVault/2025-12-20_Auto/282492c8-c8b5-4fb9-b954-58b844df1774.png,2025-12-20_Auto/282492c8-c8b5-4fb9-b954-58b844df1774.png,271006,.png,image,7795943a4afb0fdc59427348d3f9c928b26afa0900db411cfe5cd86dab38d763,2025-12-20T22:47:59.977Z,2025-12-20T22:48:00.037Z,282492c8-c8b5-4fb9-b954-58b844df1774,282492c8-c8b5-4fb9-b954-58b844df1774,false,,,ok,jpeg
GrokVault,full-vault-scan,/Users/philipbankier/Content/Grok IMagine/greymaker/GrokVault/2025-12-20_Auto/28ad62c7-2672-4f2a-b8cd-70b2f440a3c1.png,2025-12-20_Auto/28ad62c7-2672-4f2a-b8cd-70b2f440a3c1.png,367619,.png,image,1d46debb3629f5c7ec0350f012215724fbf126061019a90467d06b3591d3d016,2025-12-20T00:01:38.837Z,2025-12-20T00:01:38.845Z,28ad62c7-2672-4f2a-b8cd-70b2f440a3c1,28ad62c7-2672-4f2a-b8cd-70b2f440a3c1,false,,,ok,jpeg
GrokVault,full-vault-scan,/Users/philipbankier/Content/Grok IMagine/greymaker/GrokVault/2025-12-20_Auto/28ef62ea-13bf-4430-b10a-8d560e394af0.png,2025-12-20_Auto/28ef62ea-13bf-4430-b10a-8d560e394af0.png,276725,.png,image,b33c91d57cdfdae13c67bd1625e237c75b02e2321e92a2497575dad02e067fd3,2025-12-20T23:21:57.691Z,2025-12-20T23:21:57.771Z,28ef62ea-13bf-4430-b10a-8d560e394af0,28ef62ea-13bf-4430-b10a-8d560e394af0,false,,,ok,jpeg
GrokVault,full-vault-scan,/Users/philipbankier/Content/Grok IMagine/greymaker/GrokVault/2025-12-20_Auto/290186f1-f754-4981-bdfa-b6dba2facf4e.mp4,2025-12-20_Auto/290186f1-f754-4981-bdfa-b6dba2facf4e.mp4,1688596,.mp4,video,257a75fd9bcb6a2da48995e051d4118cadae02a82317fcccae7f42f9fe1518ce,2025-12-20T23:35:55.201Z,2025-12-20T23:35:55.202Z,290186f1-f754-4981-bdfa-b6dba2facf4e,290186f1-f754-4981-bdfa-b6dba2facf4e,false,,,ok,mp4-family
GrokVault,full-vault-scan,/Users/philipbankier/Content/Grok IMagine/greymaker/GrokVault/2025-12-20_Auto/29147f0f-2f3c-4608-b5a1-74acef8c57bd.png,2025-12-20_Auto/29147f0f-2f3c-4608-b5a1-74acef8c57bd.png,210326,.png,image,53461b1062b227b6f1a2c6c2a815870a4724ec13645023b6d687de9b82f85d1c,2025-12-20T23:19:17.076Z,2025-12-20T23:19:17.136Z,29147f0f-2f3c-4608-b5a1-74acef8c57bd,29147f0f-2f3c-4608-b5a1-74acef8c57bd,false,,,ok,jpeg
GrokVault,full-vault-scan,/Users/philipbankier/Content/Grok IMagine/greymaker/GrokVault/2025-12-20_Auto/295296c5-c69d-464c-8dbf-8b3b76a9aa45.png,2025-12-20_Auto/295296c5-c69d-464c-8dbf-8b3b76a9aa45.png,310647,.png,image,38e72ba4d44d28bd21a65de1907e6c730c95d917a5704ac1424acc215678fb3a,2025-12-20T22:16:25.060Z,2025-12-20T22:16:25.119Z,295296c5-c69d-464c-8dbf-8b3b76a9aa45,295296c5-c69d-464c-8dbf-8b3b76a9aa45,false,,,ok,jpeg
GrokVault,full-vault-scan,/Users/philipbankier/Content/Grok IMagine/greymaker/GrokVault/2025-12-20_Auto/297f3d9c-8e65-4d78-a2c3-ecfc15acf7ae.mp4,2025-12-20_Auto/297f3d9c-8e65-4d78-a2c3-ecfc15acf7ae.mp4,1512444,.mp4,video,8373d8687973c3e875ed24a1248d0c10739f61ee47332c9019cfc44a561a9cda,2025-12-20T23:37:48.767Z,2025-12-20T23:37:48.768Z,297f3d9c-8e65-4d78-a2c3-ecfc15acf7ae,297f3d9c-8e65-4d78-a2c3-ecfc15acf7ae,false,,,ok,mp4-family
GrokVault,full-vault-scan,/Users/philipbankier/Content/Grok IMagine/greymaker/GrokVault/2025-12-20_Auto/29a29c30-ac7a-4167-9c09-25e243500c44.mp4,2025-12-20_Auto/29a29c30-ac7a-4167-9c09-25e243500c44.mp4,1166531,.mp4,video,d4403c314791b18f83ca24dac97b167a13763c45d29e029a588b273af4d8b7e2,2025-12-20T23:57:19.398Z,2025-12-20T23:57:19.398Z,29a29c30-ac7a-4167-9c09-25e243500c44,29a29c30-ac7a-4167-9c09-25e243500c44,false,,,ok,mp4-family
GrokVault,full-vault-scan,/Users/philipbankier/Content/Grok IMagine/greymaker/GrokVault/2025-12-20_Auto/2a1717d9-b271-4605-956f-4ee9dc48ef05.mp4,2025-12-20_Auto/2a1717d9-b271-4605-956f-4ee9dc48ef05.mp4,1208880,.mp4,video,b6b5ea060eaa44847a575fe49c019773f52ef3c6635bfcd8a01e7659998c3cfb,2025-12-20T22:33:15.702Z,2025-12-20T22:33:15.703Z,2a1717d9-b271-4605-956f-4ee9dc48ef05,2a1717d9-b271-4605-956f-4ee9dc48ef05,false,,,ok,mp4-family
GrokVault,full-vault-scan,/Users/philipbankier/Content/Grok IMagine/greymaker/GrokVault/2025-12-20_Auto/2a579726-9515-4f70-b9f1-c6a68d2e74c8.png,2025-12-20_Auto/2a579726-9515-4f70-b9f1-c6a68d2e74c8.png,372232,.png,image,2ba98fc5b1c3a5887ee3e74b015633156c943c8c6596fdd1000d2ca918d0558a,2025-12-20T00:05:01.304Z,2025-12-20T00:05:01.313Z,2a579726-9515-4f70-b9f1-c6a68d2e74c8,2a579726-9515-4f70-b9f1-c6a68d2e74c8,false,,,ok,jpeg
GrokVault,full-vault-scan,/Users/philipbankier/Content/Grok IMagine/greymaker/GrokVault/2025-12-20_Auto/2a8bb274-40a4-42a8-9d5d-5d3a572e3848.png,2025-12-20_Auto/2a8bb274-40a4-42a8-9d5d-5d3a572e3848.png,298186,.png,image,b99d96c3c5ce3c2141d15b82189d2fe90025d6bde4f4cacad79b3f188eb80b2b,2025-12-20T21:48:02.466Z,2025-12-20T21:48:02.525Z,2a8bb274-40a4-42a8-9d5d-5d3a572e3848,2a8bb274-40a4-42a8-9d5d-5d3a572e3848,false,,,ok,jpeg
GrokVault,full-vault-scan,/Users/philipbankier/Content/Grok IMagine/greymaker/GrokVault/2025-12-20_Auto/2afb29d3-22f3-407e-8606-1ad9ad7385fc.mp4,2025-12-20_Auto/2afb29d3-22f3-407e-8606-1ad9ad7385fc.mp4,2255756,.mp4,video,02367942bd21c6b46fff1cc9e071559eed4c211c646b7b8a885db67995cd15a2,2025-12-20T05:37:06.669Z,2025-12-20T05:37:06.671Z,2afb29d3-22f3-407e-8606-1ad9ad7385fc,2afb29d3-22f3-407e-8606-1ad9ad7385fc,false,,,ok,mp4-family
GrokVault,full-vault-scan,/Users/philipbankier/Content/Grok IMagine/greymaker/GrokVault/2025-12-20_Auto/2b10b65d-cdd4-4e69-815c-7a72cf4e8196.mp4,2025-12-20_Auto/2b10b65d-cdd4-4e69-815c-7a72cf4e8196.mp4,1225061,.mp4,video,ffb4715532e5326fa4724a112489f0f59fdffe48b41f40ba26907422124cf588,2025-12-20T23:42:32.625Z,2025-12-20T23:42:32.626Z,2b10b65d-cdd4-4e69-815c-7a72cf4e8196,2b10b65d-cdd4-4e69-815c-7a72cf4e8196,false,,,ok,mp4-family
GrokVault,full-vault-scan,/Users/philipbankier/Content/Grok IMagine/greymaker/GrokVault/2025-12-20_Auto/2b1c617e-5b64-40c7-8a10-2e6d0611834e.png,2025-12-20_Auto/2b1c617e-5b64-40c7-8a10-2e6d0611834e.png,238244,.png,image,d2199e5231e2e6e3aae353744ef8ad18b295aa06f3cc8167c39757fef054760d,2025-12-20T23:08:41.010Z,2025-12-20T23:08:41.059Z,2b1c617e-5b64-40c7-8a10-2e6d0611834e,2b1c617e-5b64-40c7-8a10-2e6d0611834e,false,,,ok,jpeg
GrokVault,full-vault-scan,/Users/philipbankier/Content/Grok IMagine/greymaker/GrokVault/2025-12-20_Auto/2b65918b-6291-4b89-b16a-1bb28e4a1acb.mp4,2025-12-20_Auto/2b65918b-6291-4b89-b16a-1bb28e4a1acb.mp4,2776778,.mp4,video,d3ca0cd29def417ae498d607e722265e47d359b0dbce5b59af3726006289d72a,2025-12-20T03:56:18.606Z,2025-12-20T03:56:18.609Z,2b65918b-6291-4b89-b16a-1bb28e4a1acb,2b65918b-6291-4b89-b16a-1bb28e4a1acb,false,,,ok,mp4-family
GrokVault,full-vault-scan,/Users/philipbankier/Content/Grok IMagine/greymaker/GrokVault/2025-12-20_Auto/2b83ee43-f7ed-4296-9882-c5434f3737de.png,2025-12-20_Auto/2b83ee43-f7ed-4296-9882-c5434f3737de.png,262859,.png,image,b834cff10bb19677b1a7e53b70663cafe7dd9ffc26d18c72884cb77a835896a3,2025-12-20T21:32:40.769Z,2025-12-20T21:32:40.832Z,2b83ee43-f7ed-4296-9882-c5434f3737de,2b83ee43-f7ed-4296-9882-c5434f3737de,false,,,ok,jpeg
GrokVault,full-vault-scan,/Users/philipbankier/Content/Grok IMagine/greymaker/GrokVault/2025-12-20_Auto/2bf06441-26c5-4a7f-b8cb-56c35e631b20.png,2025-12-20_Auto/2bf06441-26c5-4a7f-b8cb-56c35e631b20.png,305813,.png,image,3ae2881d28a92f7e6e3264d009d1e1632d527f7d2d9cd92e71b2ae7326edacd6,2025-12-20T04:08:22.761Z,2025-12-20T04:08:22.763Z,2bf06441-26c5-4a7f-b8cb-56c35e631b20,2bf06441-26c5-4a7f-b8cb-56c35e631b20,false,,,ok,jpeg
GrokVault,full-vault-scan,/Users/philipbankier/Content/Grok IMagine/greymaker/GrokVault/2025-12-20_Auto/2c7efa6c-8309-43fb-a5b4-875a6262a06c.mp4,2025-12-20_Auto/2c7efa6c-8309-43fb-a5b4-875a6262a06c.mp4,1813678,.mp4,video,8b2c73e42aba9174baa67ca822be8ae3524272ad4f85ab5a171e506423dda03a,2025-12-20T23:39:43.306Z,2025-12-20T23:39:43.308Z,2c7efa6c-8309-43fb-a5b4-875a6262a06c,2c7efa6c-8309-43fb-a5b4-875a6262a06c,false,,,ok,mp4-family
GrokVault,full-vault-scan,/Users/philipbankier/Content/Grok IMagine/greymaker/GrokVault/2025-12-20_Auto/2cf039ac-7037-4cbf-805e-adbea98a1927.png,2025-12-20_Auto/2cf039ac-7037-4cbf-805e-adbea98a1927.png,359734,.png,image,2aded4301b9f35fa4b3a2c6daab9bc49ffb15e1e52d2f6b8db5ddbb21c31f416,2025-12-20T00:00:30.679Z,2025-12-20T00:00:30.681Z,2cf039ac-7037-4cbf-805e-adbea98a1927,2cf039ac-7037-4cbf-805e-adbea98a1927,false,,,ok,jpeg
GrokVault,full-vault-scan,/Users/philipbankier/Content/Grok IMagine/greymaker/GrokVault/2025-12-20_Auto/2d1e85dd-d1f6-462c-8846-67a3706985e8.png,2025-12-20_Auto/2d1e85dd-d1f6-462c-8846-67a3706985e8.png,221217,.png,image,84f382c9c0ad7c5df51fbc1c456b16b50a24de5733b9b99b266ecc16396b01dc,2025-12-20T21:44:10.989Z,2025-12-20T21:44:11.049Z,2d1e85dd-d1f6-462c-8846-67a3706985e8,2d1e85dd-d1f6-462c-8846-67a3706985e8,false,,,ok,jpeg
GrokVault,full-vault-scan,/Users/philipbankier/Content/Grok IMagine/greymaker/GrokVault/2025-12-20_Auto/2d31c4a9-2451-4bc9-bcb0-1a1db94ee5db.png,2025-12-20_Auto/2d31c4a9-2451-4bc9-bcb0-1a1db94ee5db.png,277030,.png,image,19252a6998b2ae055056d72fe169d92f43df16f5b4ec96307298d2ebaaf296de,2025-12-20T22:12:46.279Z,2025-12-20T22:12:46.338Z,2d31c4a9-2451-4bc9-bcb0-1a1db94ee5db,2d31c4a9-2451-4bc9-bcb0-1a1db94ee5db,false,,,ok,jpeg
GrokVault,full-vault-scan,/Users/philipbankier/Content/Grok IMagine/greymaker/GrokVault/2025-12-20_Auto/2d35f8db-f32d-43b4-8cfd-7ce889a8147f.png,2025-12-20_Auto/2d35f8db-f32d-43b4-8cfd-7ce889a8147f.png,224495,.png,image,3b405bac0a270448c40de66e5480b7edda36a3f548bdf93be03d19efc50ff25e,2025-12-20T23:21:00.242Z,2025-12-20T23:21:00.303Z,2d35f8db-f32d-43b4-8cfd-7ce889a8147f,2d35f8db-f32d-43b4-8cfd-7ce889a8147f,false,,,ok,jpeg
GrokVault,full-vault-scan,/Users/philipbankier/Content/Grok IMagine/greymaker/GrokVault/2025-12-20_Auto/2d439c68-8cd9-4a89-8e30-849cf44af675.mp4,2025-12-20_Auto/2d439c68-8cd9-4a89-8e30-849cf44af675.mp4,1893365,.mp4,video,204b5ab255302e52e54666bb2fa8aef3adc623b16ccba6e265d44910ed35d1b0,2025-12-20T22:53:12.024Z,2025-12-20T22:53:12.025Z,2d439c68-8cd9-4a89-8e30-849cf44af675,2d439c68-8cd9-4a89-8e30-849cf44af675,false,,,ok,mp4-family
GrokVault,full-vault-scan,/Users/philipbankier/Content/Grok IMagine/greymaker/GrokVault/2025-12-20_Auto/2d85c46a-c336-4fef-9a6b-19b993b4a3a2.mp4,2025-12-20_Auto/2d85c46a-c336-4fef-9a6b-19b993b4a3a2.mp4,2842790,.mp4,video,f93c399d417956e220efc4f6d75f8a406542c98ed28bab602828779cffe01228,2025-12-20T03:57:26.767Z,2025-12-20T03:57:26.769Z,2d85c46a-c336-4fef-9a6b-19b993b4a3a2,2d85c46a-c336-4fef-9a6b-19b993b4a3a2,false,,,ok,mp4-family
GrokVault,full-vault-scan,/Users/philipbankier/Content/Grok IMagine/greymaker/GrokVault/2025-12-20_Auto/2db4eb44-cf7b-4334-9c3e-169bee73e517.png,2025-12-20_Auto/2db4eb44-cf7b-4334-9c3e-169bee73e517.png,210886,.png,image,c3381341ded0284e188f92293917c6f504ff80b2f49fa39205b7fe7e2bcf35a8,2025-12-20T23:16:39.458Z,2025-12-20T23:16:39.519Z,2db4eb44-cf7b-4334-9c3e-169bee73e517,2db4eb44-cf7b-4334-9c3e-169bee73e517,false,,,ok,jpeg
GrokVault,full-vault-scan,/Users/philipbankier/Content/Grok IMagine/greymaker/GrokVault/2025-12-20_Auto/2e00a465-4f6e-48bd-b084-0695a86b4291.png,2025-12-20_Auto/2e00a465-4f6e-48bd-b084-0695a86b4291.png,244868,.png,image,7e988991ce5cb0e54fc762689b12bf0d21c8c14f3bf1931dc2f05efe4aedfd65,2025-12-20T21:31:43.164Z,2025-12-20T21:31:43.225Z,2e00a465-4f6e-48bd-b084-0695a86b4291,2e00a465-4f6e-48bd-b084-0695a86b4291,false,,,ok,jpeg
GrokVault,full-vault-scan,/Users/philipbankier/Content/Grok IMagine/greymaker/GrokVault/2025-12-20_Auto/2e0a8c37-2f27-434f-a485-691ead81373b.mp4,2025-12-20_Auto/2e0a8c37-2f27-434f-a485-691ead81373b.mp4,1188408,.mp4,video,11c8ff223ae3fc06f26b778634e64a3949c3ae9ccda007ae7e0610af3bff639a,2025-12-20T23:56:20.663Z,2025-12-20T23:56:20.664Z,2e0a8c37-2f27-434f-a485-691ead81373b,2e0a8c37-2f27-434f-a485-691ead81373b,false,,,ok,mp4-family
GrokVault,full-vault-scan,/Users/philipbankier/Content/Grok IMagine/greymaker/GrokVault/2025-12-20_Auto/2e5ea39c-3fa1-469e-8aa0-5fe7fd9fa25e.png,2025-12-20_Auto/2e5ea39c-3fa1-469e-8aa0-5fe7fd9fa25e.png,338640,.png,image,2782837e8f95e07f3cf924616de6888a392b518edaa176bdfacc395ce42a6178,2025-12-20T22:45:49.791Z,2025-12-20T22:45:49.858Z,2e5ea39c-3fa1-469e-8aa0-5fe7fd9fa25e,2e5ea39c-3fa1-469e-8aa0-5fe7fd9fa25e,false,,,ok,jpeg
GrokVault,full-vault-scan,/Users/philipbankier/Content/Grok IMagine/greymaker/GrokVault/2025-12-20_Auto/2e6464f6-ae2d-438c-ab05-773334f4244d.png,2025-12-20_Auto/2e6464f6-ae2d-438c-ab05-773334f4244d.png,219187,.png,image,1c6a3b5d44aa6ea8bc066fd207bde83421779f4212739c0ea73180b74f7c11fd,2025-12-20T21:42:30.825Z,2025-12-20T21:42:30.884Z,2e6464f6-ae2d-438c-ab05-773334f4244d,2e6464f6-ae2d-438c-ab05-773334f4244d,false,,,ok,jpeg
GrokVault,full-vault-scan,/Users/philipbankier/Content/Grok IMagine/greymaker/GrokVault/2025-12-20_Auto/2e83d36b-916b-41cc-a8a4-6b20a9afa917.mp4,2025-12-20_Auto/2e83d36b-916b-41cc-a8a4-6b20a9afa917.mp4,1675641,.mp4,video,4be4e321198da5661754d070a1ba2f41eb33aaa8fd4d36566624947b8df22666,2025-12-20T22:58:55.462Z,2025-12-20T22:58:55.465Z,2e83d36b-916b-41cc-a8a4-6b20a9afa917,2e83d36b-916b-41cc-a8a4-6b20a9afa917,false,,,ok,mp4-family
GrokVault,full-vault-scan,/Users/philipbankier/Content/Grok IMagine/greymaker/GrokVault/2025-12-20_Auto/2e911316-1820-4c22-b86c-88316a9d8f60.png,2025-12-20_Auto/2e911316-1820-4c22-b86c-88316a9d8f60.png,203105,.png,image,5e6a48d5892b6cf90125183ccbbdd49241b2ffd724c371c004c60031de9db7e9,2025-12-20T21:29:04.960Z,2025-12-20T21:29:05.011Z,2e911316-1820-4c22-b86c-88316a9d8f60,2e911316-1820-4c22-b86c-88316a9d8f60,false,,,ok,jpeg
GrokVault,full-vault-scan,/Users/philipbankier/Content/Grok IMagine/greymaker/GrokVault/2025-12-20_Auto/2ea94cc2-2927-4752-b709-7d0a849e8f25_hd.mp4,2025-12-20_Auto/2ea94cc2-2927-4752-b709-7d0a849e8f25_hd.mp4,2322157,.mp4,video,3f6ceb5523958c9d4bf6ab10027d68032ae931261dc747d3899e6f55760cd3b4,2025-12-20T05:37:28.335Z,2025-12-20T05:37:28.337Z,2ea94cc2-2927-4752-b709-7d0a849e8f25,2ea94cc2-2927-4752-b709-7d0a849e8f25,false,,,ok,mp4-family
GrokVault,full-vault-scan,/Users/philipbankier/Content/Grok IMagine/greymaker/GrokVault/2025-12-20_Auto/2f1e4ad5-85e6-49b8-a159-50a69821ac05.png,2025-12-20_Auto/2f1e4ad5-85e6-49b8-a159-50a69821ac05.png,284625,.png,image,cd5d40988152bd8909eebb694049e8e53c601fa3c07101213022d1599f1a62ac,2025-12-20T21:50:40.417Z,2025-12-20T21:50:40.477Z,2f1e4ad5-85e6-49b8-a159-50a69821ac05,2f1e4ad5-85e6-49b8-a159-50a69821ac05,false,,,ok,jpeg
GrokVault,full-vault-scan,/Users/philipbankier/Content/Grok IMagine/greymaker/GrokVault/2025-12-20_Auto/2fa3a607-da82-419e-963b-d1ec768f34c6.png,2025-12-20_Auto/2fa3a607-da82-419e-963b-d1ec768f34c6.png,254733,.png,image,9618739ce84122d49c5e60266e1ea542d32a8361cc7120ee0f1487392fb01e34,2025-12-20T21:45:37.856Z,2025-12-20T21:45:37.921Z,2fa3a607-da82-419e-963b-d1ec768f34c6,2fa3a607-da82-419e-963b-d1ec768f34c6,false,,,ok,jpeg
GrokVault,full-vault-scan,/Users/philipbankier/Content/Grok IMagine/greymaker/GrokVault/2025-12-20_Auto/2fbad671-9542-4374-95f5-47bd5c4ffa32.mp4,2025-12-20_Auto/2fbad671-9542-4374-95f5-47bd5c4ffa32.mp4,1668157,.mp4,video,2ccf86e8f0d11b88abc2d476b45d8b83af5624855216a4142febc26caadd9df3,2025-12-20T23:42:04.548Z,2025-12-20T23:42:04.550Z,2fbad671-9542-4374-95f5-47bd5c4ffa32,2fbad671-9542-4374-95f5-47bd5c4ffa32,false,,,ok,mp4-family
GrokVault,full-vault-scan,/Users/philipbankier/Content/Grok IMagine/greymaker/GrokVault/2025-12-20_Auto/2fc09950-9805-4bf9-9418-e5a343191ea7.mp4,2025-12-20_Auto/2fc09950-9805-4bf9-9418-e5a343191ea7.mp4,1125005,.mp4,video,53edc50ff02e95a5217f24773dc201a8f0c648141b3317b4932c8d027fa884a6,2025-12-20T21:04:41.422Z,2025-12-20T21:04:41.424Z,2fc09950-9805-4bf9-9418-e5a343191ea7,2fc09950-9805-4bf9-9418-e5a343191ea7,false,,,ok,mp4-family
GrokVault,full-vault-scan,/Users/philipbankier/Content/Grok IMagine/greymaker/GrokVault/2025-12-20_Auto/300e93b6-79a3-4db3-ae9d-5637728bf78c.png,2025-12-20_Auto/300e93b6-79a3-4db3-ae9d-5637728bf78c.png,242139,.png,image,54cfc8b2456e5f52bcb3d350a2b506e989a77906853f4bdb576e875fba7fa952,2025-12-20T23:03:40.358Z,2025-12-20T23:03:40.418Z,300e93b6-79a3-4db3-ae9d-5637728bf78c,300e93b6-79a3-4db3-ae9d-5637728bf78c,false,,,ok,jpeg
GrokVault,full-vault-scan,/Users/philipbankier/Content/Grok IMagine/greymaker/GrokVault/2025-12-20_Auto/3073951d-f214-4937-ae2e-43bcdfa796af.png,2025-12-20_Auto/3073951d-f214-4937-ae2e-43bcdfa796af.png,320001,.png,image,5aed98baa2671bb5f332f43353e519a04c472ac1874f4564ee016fbd5603695a,2025-12-20T04:10:17.081Z,2025-12-20T04:10:17.085Z,3073951d-f214-4937-ae2e-43bcdfa796af,3073951d-f214-4937-ae2e-43bcdfa796af,false,,,ok,jpeg
GrokVault,full-vault-scan,/Users/philipbankier/Content/Grok IMagine/greymaker/GrokVault/2025-12-20_Auto/3092439c-c3b4-4ce6-9f24-f599fa6f1d8b.mp4,2025-12-20_Auto/3092439c-c3b4-4ce6-9f24-f599fa6f1d8b.mp4,1338408,.mp4,video,68e664634a43f3f2a90890142d663bd801d221dc0ca076e4c8b89d5955c95aa2,2025-12-20T04:03:49.566Z,2025-12-20T04:03:49.568Z,3092439c-c3b4-4ce6-9f24-f599fa6f1d8b,3092439c-c3b4-4ce6-9f24-f599fa6f1d8b,false,,,ok,mp4-family
GrokVault,full-vault-scan,/Users/philipbankier/Content/Grok IMagine/greymaker/GrokVault/2025-12-20_Auto/30ed2a77-207e-4bed-b086-190c910fe70b.mp4,2025-12-20_Auto/30ed2a77-207e-4bed-b086-190c910fe70b.mp4,1130475,.mp4,video,85cba96edf65736723c0f87e95ea2de624adfdba34d7528812ae7a1c9e64d442,2025-12-20T23:44:41.037Z,2025-12-20T23:44:41.038Z,30ed2a77-207e-4bed-b086-190c910fe70b,30ed2a77-207e-4bed-b086-190c910fe70b,false,,,ok,mp4-family
GrokVault,full-vault-scan,/Users/philipbankier/Content/Grok IMagine/greymaker/GrokVault/2025-12-20_Auto/314fd9d4-0461-44c8-afad-671c9dd953a3.png,2025-12-20_Auto/314fd9d4-0461-44c8-afad-671c9dd953a3.png,208012,.png,image,7ec7ef0aa9102730653764f5bb19517a5dc637b27220a1eb97a87de6b1326ce7,2025-12-20T05:26:33.387Z,2025-12-20T05:26:33.390Z,314fd9d4-0461-44c8-afad-671c9dd953a3,314fd9d4-0461-44c8-afad-671c9dd953a3,false,,,ok,jpeg
GrokVault,full-vault-scan,/Users/philipbankier/Content/Grok IMagine/greymaker/GrokVault/2025-12-20_Auto/319e1a7a-8c42-4d9d-bae4-41e48e839209.png,2025-12-20_Auto/319e1a7a-8c42-4d9d-bae4-41e48e839209.png,238406,.png,image,17b4ea4c59f6b9259cfbb480a5dedd1ee55a14da0cc963a301b18fc3acb605ec,2025-12-20T23:26:34.741Z,2025-12-20T23:26:34.799Z,319e1a7a-8c42-4d9d-bae4-41e48e839209,319e1a7a-8c42-4d9d-bae4-41e48e839209,false,,,ok,jpeg
GrokVault,full-vault-scan,/Users/philipbankier/Content/Grok IMagine/greymaker/GrokVault/2025-12-20_Auto/31b4aee3-3289-4d4a-b621-6f31bc9324d5.png,2025-12-20_Auto/31b4aee3-3289-4d4a-b621-6f31bc9324d5.png,236312,.png,image,5d8bf05495c02c5d059f00e22b86cf6ded6b5a044b177286d1397251a68ebb0b,2025-12-20T03:23:32.890Z,2025-12-20T03:23:32.893Z,31b4aee3-3289-4d4a-b621-6f31bc9324d5,31b4aee3-3289-4d4a-b621-6f31bc9324d5,false,,,ok,jpeg
GrokVault,full-vault-scan,/Users/philipbankier/Content/Grok IMagine/greymaker/GrokVault/2025-12-20_Auto/31bc82fa-09e1-434b-8571-13e31e461892.png,2025-12-20_Auto/31bc82fa-09e1-434b-8571-13e31e461892.png,232341,.png,image,b19cc0ee6e42df6195699bdb508c7f85f0997bc15d17614d7d3f02e6efb44b4b,2025-12-20T21:03:36.334Z,2025-12-20T21:03:36.394Z,31bc82fa-09e1-434b-8571-13e31e461892,31bc82fa-09e1-434b-8571-13e31e461892,false,,,ok,jpeg
GrokVault,full-vault-scan,/Users/philipbankier/Content/Grok IMagine/greymaker/GrokVault/2025-12-20_Auto/31c4f2e6-1e03-43cf-8b31-6f28681667c2.mp4,2025-12-20_Auto/31c4f2e6-1e03-43cf-8b31-6f28681667c2.mp4,2110655,.mp4,video,f5adfc6c1032416d26e091655f1e7b3b004df728246dbf755f33eaf5fb9e2494,2025-12-20T04:49:57.088Z,2025-12-20T04:49:57.090Z,31c4f2e6-1e03-43cf-8b31-6f28681667c2,31c4f2e6-1e03-43cf-8b31-6f28681667c2,false,,,ok,mp4-family
GrokVault,full-vault-scan,/Users/philipbankier/Content/Grok IMagine/greymaker/GrokVault/2025-12-20_Auto/31f2db41-8f03-4edf-a083-d38c9728287c.mp4,2025-12-20_Auto/31f2db41-8f03-4edf-a083-d38c9728287c.mp4,2046574,.mp4,video,342aefbf1014129cfa7858ed3996d5d2b4b697a8170a897e9c0ad1f83f892140,2025-12-20T20:56:52.575Z,2025-12-20T20:56:52.576Z,31f2db41-8f03-4edf-a083-d38c9728287c,31f2db41-8f03-4edf-a083-d38c9728287c,false,,,ok,mp4-family
GrokVault,full-vault-scan,/Users/philipbankier/Content/Grok IMagine/greymaker/GrokVault/2025-12-20_Auto/335251c6-eae4-4bad-b88f-f160dbe33a72.mp4,2025-12-20_Auto/335251c6-eae4-4bad-b88f-f160dbe33a72.mp4,1780188,.mp4,video,ef4325fd9b93a772af33ee0a4bd5f5fec1b27bbf05cf39eb33700d102877e1ec,2025-12-20T23:56:35.107Z,2025-12-20T23:56:35.108Z,335251c6-eae4-4bad-b88f-f160dbe33a72,335251c6-eae4-4bad-b88f-f160dbe33a72,false,,,ok,mp4-family
GrokVault,full-vault-scan,/Users/philipbankier/Content/Grok IMagine/greymaker/GrokVault/2025-12-20_Auto/33e1d2e4-5dd2-447b-aba1-2574f42a671e.png,2025-12-20_Auto/33e1d2e4-5dd2-447b-aba1-2574f42a671e.png,220578,.png,image,eabf23cab02ff112547ec873612ddbb352da30567352d23f237fb93b3df7dd73,2025-12-20T23:18:49.018Z,2025-12-20T23:18:49.078Z,33e1d2e4-5dd2-447b-aba1-2574f42a671e,33e1d2e4-5dd2-447b-aba1-2574f42a671e,false,,,ok,jpeg
GrokVault,full-vault-scan,/Users/philipbankier/Content/Grok IMagine/greymaker/GrokVault/2025-12-20_Auto/34246872-55b7-46af-9d3e-8fd0a5afab8d.png,2025-12-20_Auto/34246872-55b7-46af-9d3e-8fd0a5afab8d.png,297505,.png,image,459edee67ecfbd57777c1b2d34c64d52697810ab93b33ce1e305e8daffd59552,2025-12-20T21:53:03.783Z,2025-12-20T21:53:03.849Z,34246872-55b7-46af-9d3e-8fd0a5afab8d,34246872-55b7-46af-9d3e-8fd0a5afab8d,false,,,ok,jpeg
GrokVault,full-vault-scan,/Users/philipbankier/Content/Grok IMagine/greymaker/GrokVault/2025-12-20_Auto/346236a8-342d-4d92-b6f1-8bae5547070c.png,2025-12-20_Auto/346236a8-342d-4d92-b6f1-8bae5547070c.png,220072,.png,image,749ca92dbcabe8e56bc9c7af4a1d09870052974a8d2d89c7bf7e02fdc985844a,2025-12-20T21:26:12.713Z,2025-12-20T21:26:12.769Z,346236a8-342d-4d92-b6f1-8bae5547070c,346236a8-342d-4d92-b6f1-8bae5547070c,false,,,ok,jpeg
GrokVault,full-vault-scan,/Users/philipbankier/Content/Grok IMagine/greymaker/GrokVault/2025-12-20_Auto/34748d4a-397e-4509-94cc-d6cf75954941.mp4,2025-12-20_Auto/34748d4a-397e-4509-94cc-d6cf75954941.mp4,1190109,.mp4,video,d661529880e32c972077616d732e1b5a6c99a3f23754e8b2b34049b879e070a7,2025-12-20T22:55:20.258Z,2025-12-20T22:55:20.260Z,34748d4a-397e-4509-94cc-d6cf75954941,34748d4a-397e-4509-94cc-d6cf75954941,false,,,ok,mp4-family
GrokVault,full-vault-scan,/Users/philipbankier/Content/Grok IMagine/greymaker/GrokVault/2025-12-20_Auto/3482b711-3420-417b-bf00-7dfa1b1e19fb.mp4,2025-12-20_Auto/3482b711-3420-417b-bf00-7dfa1b1e19fb.mp4,2038521,.mp4,video,2d63ac4b3e58b0ddaf7496ddecd436c0740c8bdcd927dce53f4e7186944b1026,2025-12-20T00:22:21.031Z,2025-12-20T00:22:21.034Z,3482b711-3420-417b-bf00-7dfa1b1e19fb,3482b711-3420-417b-bf00-7dfa1b1e19fb,false,,,ok,mp4-family
GrokVault,full-vault-scan,/Users/philipbankier/Content/Grok IMagine/greymaker/GrokVault/2025-12-20_Auto/3484cd1b-9868-4d93-a1bc-5df156f615da.mp4,2025-12-20_Auto/3484cd1b-9868-4d93-a1bc-5df156f615da.mp4,3863405,.mp4,video,f21334699c18ada170b67b0e406b5a9a0dbf5775f1608121ef33187a4bba5d3c,2025-12-20T04:20:30.464Z,2025-12-20T04:20:30.466Z,3484cd1b-9868-4d93-a1bc-5df156f615da,3484cd1b-9868-4d93-a1bc-5df156f615da,false,,,ok,mp4-family
GrokVault,full-vault-scan,/Users/philipbankier/Content/Grok IMagine/greymaker/GrokVault/2025-12-20_Auto/34a693bd-8022-45ec-a46d-be3e1ab53d73.png,2025-12-20_Auto/34a693bd-8022-45ec-a46d-be3e1ab53d73.png,359995,.png,image,6077e5ac7d25d0ac9499947e473117ef2bbc72763ff6331939d2cc6f109b280a,2025-12-20T20:06:55.184Z,2025-12-20T20:06:55.246Z,34a693bd-8022-45ec-a46d-be3e1ab53d73,34a693bd-8022-45ec-a46d-be3e1ab53d73,false,,,ok,jpeg
GrokVault,full-vault-scan,/Users/philipbankier/Content/Grok IMagine/greymaker/GrokVault/2025-12-20_Auto/34e6c11d-7a94-45ba-a94a-d2e4db504ee3.png,2025-12-20_Auto/34e6c11d-7a94-45ba-a94a-d2e4db504ee3.png,285063,.png,image,2aad8ad6e602b20efbfd02dbcce1c091c8ec37a80f424527e2a3146c2e7b784c,2025-12-20T21:23:05.090Z,2025-12-20T21:23:05.467Z,34e6c11d-7a94-45ba-a94a-d2e4db504ee3,34e6c11d-7a94-45ba-a94a-d2e4db504ee3,false,,,ok,jpeg
GrokVault,full-vault-scan,/Users/philipbankier/Content/Grok IMagine/greymaker/GrokVault/2025-12-20_Auto/3506d092-0498-4fb2-a218-2a600b1cdad5.mp4,2025-12-20_Auto/3506d092-0498-4fb2-a218-2a600b1cdad5.mp4,2238591,.mp4,video,4c6ab7a27274a3b9a3873532123c132de970cd869ad5ecfc3d2638decc4a60b8,2025-12-20T04:26:11.393Z,2025-12-20T04:26:11.395Z,3506d092-0498-4fb2-a218-2a600b1cdad5,3506d092-0498-4fb2-a218-2a600b1cdad5,false,,,ok,mp4-family
GrokVault,full-vault-scan,/Users/philipbankier/Content/Grok IMagine/greymaker/GrokVault/2025-12-20_Auto/350bee1d-81c2-424c-9e44-74282d28dcfb.mp4,2025-12-20_Auto/350bee1d-81c2-424c-9e44-74282d28dcfb.mp4,1601014,.mp4,video,e8c573b25bee48602f1a0baf5e793b233d9511828e4322e1fafef9896fb033c1,2025-12-20T22:50:06.495Z,2025-12-20T22:50:06.496Z,350bee1d-81c2-424c-9e44-74282d28dcfb,350bee1d-81c2-424c-9e44-74282d28dcfb,false,,,ok,mp4-family
GrokVault,full-vault-scan,/Users/philipbankier/Content/Grok IMagine/greymaker/GrokVault/2025-12-20_Auto/350d183b-02e5-4ee2-ba19-c9517b305512.png,2025-12-20_Auto/350d183b-02e5-4ee2-ba19-c9517b305512.png,404430,.png,image,64360f33d4093047da384f813d0cd6cac7acd6ffe4497a3490742fe0b8b12cbb,2025-12-20T04:19:00.826Z,2025-12-20T04:19:00.832Z,350d183b-02e5-4ee2-ba19-c9517b305512,350d183b-02e5-4ee2-ba19-c9517b305512,false,,,ok,jpeg
GrokVault,full-vault-scan,/Users/philipbankier/Content/Grok IMagine/greymaker/GrokVault/2025-12-20_Auto/351e9e16-32dd-4a3a-b5c2-95634cabbd11.png,2025-12-20_Auto/351e9e16-32dd-4a3a-b5c2-95634cabbd11.png,233268,.png,image,ce67e997da10b0a85ae187e28a16b64ae238ed9d1a978f314d11e5940adf6f0b,2025-12-20T05:05:26.022Z,2025-12-20T05:05:26.025Z,351e9e16-32dd-4a3a-b5c2-95634cabbd11,351e9e16-32dd-4a3a-b5c2-95634cabbd11,false,,,ok,jpeg
GrokVault,full-vault-scan,/Users/philipbankier/Content/Grok IMagine/greymaker/GrokVault/2025-12-20_Auto/352daa90-ac51-4886-a6e4-38753fb07261.mp4,2025-12-20_Auto/352daa90-ac51-4886-a6e4-38753fb07261.mp4,1574584,.mp4,video,1c0ec2afb8fea67cc4e0df2462fb7456020efe14d2c41b59430591c8abbd7014,2025-12-20T04:57:52.290Z,2025-12-20T04:57:52.291Z,352daa90-ac51-4886-a6e4-38753fb07261,352daa90-ac51-4886-a6e4-38753fb07261,false,,,ok,mp4-family
GrokVault,full-vault-scan,/Users/philipbankier/Content/Grok IMagine/greymaker/GrokVault/2025-12-20_Auto/35528409-8e61-43b7-bbd4-5feb3a44eb6e.mp4,2025-12-20_Auto/35528409-8e61-43b7-bbd4-5feb3a44eb6e.mp4,2778013,.mp4,video,c34762b6d1d7f7f349603bc8ed138d20fe9c400ce91ce7e2e0fb108d12f2f478,2025-12-20T00:24:37.320Z,2025-12-20T00:24:37.323Z,35528409-8e61-43b7-bbd4-5feb3a44eb6e,35528409-8e61-43b7-bbd4-5feb3a44eb6e,false,,,ok,mp4-family
GrokVault,full-vault-scan,/Users/philipbankier/Content/Grok IMagine/greymaker/GrokVault/2025-12-20_Auto/35734482-a3ab-4e37-a7b0-17ed25967539.mp4,2025-12-20_Auto/35734482-a3ab-4e37-a7b0-17ed25967539.mp4,1794472,.mp4,video,66cf846525f9055e10bd32721a05d9097689a1e786e2a54540c729581bb7e636,2025-12-20T04:50:43.050Z,2025-12-20T04:50:43.051Z,35734482-a3ab-4e37-a7b0-17ed25967539,35734482-a3ab-4e37-a7b0-17ed25967539,false,,,ok,mp4-family
GrokVault,full-vault-scan,/Users/philipbankier/Content/Grok IMagine/greymaker/GrokVault/2025-12-20_Auto/35ea5e33-06b3-4177-9f23-3994cb449f40.png,2025-12-20_Auto/35ea5e33-06b3-4177-9f23-3994cb449f40.png,263437,.png,image,6ca80d112d9ff4f1716e65860072731568d91a01121bc861ed9620f07d70b99b,2025-12-20T21:48:30.831Z,2025-12-20T21:48:30.890Z,35ea5e33-06b3-4177-9f23-3994cb449f40,35ea5e33-06b3-4177-9f23-3994cb449f40,false,,,ok,jpeg
GrokVault,full-vault-scan,/Users/philipbankier/Content/Grok IMagine/greymaker/GrokVault/2025-12-20_Auto/360c1798-57a5-4ac2-94d1-aed96d079852.mp4,2025-12-20_Auto/360c1798-57a5-4ac2-94d1-aed96d079852.mp4,2753609,.mp4,video,dbf49b12ce9f72cc6e145c2bf0d893bdb2134d86161b179a7ada92f12f5db4c7,2025-12-20T00:17:06.255Z,2025-12-20T00:17:06.258Z,360c1798-57a5-4ac2-94d1-aed96d079852,360c1798-57a5-4ac2-94d1-aed96d079852,false,,,ok,mp4-family
GrokVault,full-vault-scan,/Users/philipbankier/Content/Grok IMagine/greymaker/GrokVault/2025-12-20_Auto/3619b026-f3f0-43bf-8a15-1d8bf38b1204.png,2025-12-20_Auto/3619b026-f3f0-43bf-8a15-1d8bf38b1204.png,246846,.png,image,4791c15c02d018f106b1aa4a8cb10ce00c37247218986d681a04a7f07f02dc82,2025-12-20T22:59:52.808Z,2025-12-20T22:59:52.865Z,3619b026-f3f0-43bf-8a15-1d8bf38b1204,3619b026-f3f0-43bf-8a15-1d8bf38b1204,false,,,ok,jpeg
GrokVault,full-vault-scan,/Users/philipbankier/Content/Grok IMagine/greymaker/GrokVault/2025-12-20_Auto/361fa123-f4c7-4d0c-aed4-68ab4bf2b271.mp4,2025-12-20_Auto/361fa123-f4c7-4d0c-aed4-68ab4bf2b271.mp4,1833346,.mp4,video,635633573f8c68674e37bfea4d3fb1b30320ea27bc20de14d6b0a24eda2bc388,2025-12-20T22:05:46.240Z,2025-12-20T22:05:46.242Z,361fa123-f4c7-4d0c-aed4-68ab4bf2b271,361fa123-f4c7-4d0c-aed4-68ab4bf2b271,false,,,ok,mp4-family
GrokVault,full-vault-scan,/Users/philipbankier/Content/Grok IMagine/greymaker/GrokVault/2025-12-20_Auto/36473189-c387-41d2-b178-95f0f3071638.png,2025-12-20_Auto/36473189-c387-41d2-b178-95f0f3071638.png,226873,.png,image,e1634058135a19f89d4f2236aeb2d6da31273e1e9713eccf1758a4f75d38a975,2025-12-20T23:11:34.284Z,2025-12-20T23:11:34.326Z,36473189-c387-41d2-b178-95f0f3071638,36473189-c387-41d2-b178-95f0f3071638,false,,,ok,jpeg
GrokVault,full-vault-scan,/Users/philipbankier/Content/Grok IMagine/greymaker/GrokVault/2025-12-20_Auto/36c5a939-d67c-492a-ae93-018ac14137ff.png,2025-12-20_Auto/36c5a939-d67c-492a-ae93-018ac14137ff.png,234011,.png,image,0a9290c57f5ad8bd1cdfc7a61a202e8c09480a7f37f34cd8bf0e778922f394c2,2025-12-20T21:17:20.771Z,2025-12-20T21:17:20.832Z,36c5a939-d67c-492a-ae93-018ac14137ff,36c5a939-d67c-492a-ae93-018ac14137ff,false,,,ok,jpeg
GrokVault,full-vault-scan,/Users/philipbankier/Content/Grok IMagine/greymaker/GrokVault/2025-12-20_Auto/36cd4e85-1a14-4f94-b6f8-767f4836bd35.png,2025-12-20_Auto/36cd4e85-1a14-4f94-b6f8-767f4836bd35.png,165126,.png,image,5138ca6edd3aae765404382bb74eab571e45bd1a9ed41d8036830356fcda1eda,2025-12-20T23:16:53.815Z,2025-12-20T23:16:53.873Z,36cd4e85-1a14-4f94-b6f8-767f4836bd35,36cd4e85-1a14-4f94-b6f8-767f4836bd35,false,,,ok,jpeg
GrokVault,full-vault-scan,/Users/philipbankier/Content/Grok IMagine/greymaker/GrokVault/2025-12-20_Auto/36cdf0ba-befb-40f6-a261-291208be1c4b.png,2025-12-20_Auto/36cdf0ba-befb-40f6-a261-291208be1c4b.png,215417,.png,image,41796d7b3ba1c4cc935520732c315dc24decb33e6aa4bc28b54ceeba26c54f56,2025-12-20T04:57:30.675Z,2025-12-20T04:57:30.676Z,36cdf0ba-befb-40f6-a261-291208be1c4b,36cdf0ba-befb-40f6-a261-291208be1c4b,false,,,ok,jpeg
GrokVault,full-vault-scan,/Users/philipbankier/Content/Grok IMagine/greymaker/GrokVault/2025-12-20_Auto/37a945b3-2f36-488d-893d-8dbb8d97516f.mp4,2025-12-20_Auto/37a945b3-2f36-488d-893d-8dbb8d97516f.mp4,1240748,.mp4,video,5065dd4dcec590bcf3f3014175d10c5d28bc8e708ff47104d4a9e587a31d962b,2025-12-20T22:26:23.994Z,2025-12-20T22:26:23.995Z,37a945b3-2f36-488d-893d-8dbb8d97516f,37a945b3-2f36-488d-893d-8dbb8d97516f,false,,,ok,mp4-family
GrokVault,full-vault-scan,/Users/philipbankier/Content/Grok IMagine/greymaker/GrokVault/2025-12-20_Auto/37e19505-8a0d-448e-a354-f0fb780df59e.png,2025-12-20_Auto/37e19505-8a0d-448e-a354-f0fb780df59e.png,345860,.png,image,c8a4dbf67a4dba6d72ebe3d3a3288b23cbd947d62adc170f7b6f9fd24a2a511d,2025-12-20T21:23:19.671Z,2025-12-20T21:23:19.754Z,37e19505-8a0d-448e-a354-f0fb780df59e,37e19505-8a0d-448e-a354-f0fb780df59e,false,,,ok,jpeg
GrokVault,full-vault-scan,/Users/philipbankier/Content/Grok IMagine/greymaker/GrokVault/2025-12-20_Auto/380ebb9d-3176-46fb-8e91-b6c9f9c92e34_hd.mp4,2025-12-20_Auto/380ebb9d-3176-46fb-8e91-b6c9f9c92e34_hd.mp4,3514375,.mp4,video,2f7d71dbdfbb57757a1b4093ea12be7aef1ffc3bff6502798daa6cc95e6b9644,2025-12-20T05:37:56.441Z,2025-12-20T05:37:56.486Z,380ebb9d-3176-46fb-8e91-b6c9f9c92e34,380ebb9d-3176-46fb-8e91-b6c9f9c92e34,false,,,ok,mp4-family
GrokVault,full-vault-scan,/Users/philipbankier/Content/Grok IMagine/greymaker/GrokVault/2025-12-20_Auto/38c5f258-4e22-4166-bcbb-c9ff550a893e.png,2025-12-20_Auto/38c5f258-4e22-4166-bcbb-c9ff550a893e.png,252726,.png,image,1e9bb5faf880154f9c495317fd65aff7ec437941769ccecc907fcd4384580d9d,2025-12-20T23:30:27.905Z,2025-12-20T23:30:27.971Z,38c5f258-4e22-4166-bcbb-c9ff550a893e,38c5f258-4e22-4166-bcbb-c9ff550a893e,false,,,ok,jpeg
GrokVault,full-vault-scan,/Users/philipbankier/Content/Grok IMagine/greymaker/GrokVault/2025-12-20_Auto/38c62f5e-13eb-4f3a-ac36-62e22f199aa5.png,2025-12-20_Auto/38c62f5e-13eb-4f3a-ac36-62e22f199aa5.png,277885,.png,image,b76a22573d1fff40ccc780e3b0b274aca2968337d324bb0258431098549fe176,2025-12-20T21:49:56.920Z,2025-12-20T21:49:56.979Z,38c62f5e-13eb-4f3a-ac36-62e22f199aa5,38c62f5e-13eb-4f3a-ac36-62e22f199aa5,false,,,ok,jpeg
GrokVault,full-vault-scan,/Users/philipbankier/Content/Grok IMagine/greymaker/GrokVault/2025-12-20_Auto/3904ee1b-e51c-43b0-86f0-c702f524e1d1.png,2025-12-20_Auto/3904ee1b-e51c-43b0-86f0-c702f524e1d1.png,197430,.png,image,8a5630d4498b9ae9e40f207ceb5106cdbd2b74cb8b393b35eebc3e1a227f86c5,2025-12-20T23:06:31.228Z,2025-12-20T23:06:31.287Z,3904ee1b-e51c-43b0-86f0-c702f524e1d1,3904ee1b-e51c-43b0-86f0-c702f524e1d1,false,,,ok,jpeg
GrokVault,full-vault-scan,/Users/philipbankier/Content/Grok IMagine/greymaker/GrokVault/2025-12-20_Auto/391ee789-6952-4192-a534-66cf2c968b6b.mp4,2025-12-20_Auto/391ee789-6952-4192-a534-66cf2c968b6b.mp4,2478148,.mp4,video,e6e43b404da4a5ef46d9f46be17777e76766d48fa7d2d914b99c365e32f2fed2,2025-12-20T21:37:14.695Z,2025-12-20T21:37:14.697Z,391ee789-6952-4192-a534-66cf2c968b6b,391ee789-6952-4192-a534-66cf2c968b6b,false,,,ok,mp4-family
GrokVault,full-vault-scan,/Users/philipbankier/Content/Grok IMagine/greymaker/GrokVault/2025-12-20_Auto/39676ea7-f873-435e-9a42-be00b12bdbcd.png,2025-12-20_Auto/39676ea7-f873-435e-9a42-be00b12bdbcd.png,301741,.png,image,88a7861e55bb031c4cd559dc0e1c893b486f856a21fd167fc93fbf3392bea6b1,2025-12-20T21:29:33.346Z,2025-12-20T21:29:33.421Z,39676ea7-f873-435e-9a42-be00b12bdbcd,39676ea7-f873-435e-9a42-be00b12bdbcd,false,,,ok,jpeg
GrokVault,full-vault-scan,/Users/philipbankier/Content/Grok IMagine/greymaker/GrokVault/2025-12-20_Auto/399f4e12-0477-43b5-88d5-b7fc0f80b17e.png,2025-12-20_Auto/399f4e12-0477-43b5-88d5-b7fc0f80b17e.png,221603,.png,image,0102515355b24ddbb8ae1fb2d9c4949eb1c98568b570e643ef2584d98f98b8f7,2025-12-20T21:41:33.787Z,2025-12-20T21:41:33.848Z,399f4e12-0477-43b5-88d5-b7fc0f80b17e,399f4e12-0477-43b5-88d5-b7fc0f80b17e,false,,,ok,jpeg
GrokVault,full-vault-scan,/Users/philipbankier/Content/Grok IMagine/greymaker/GrokVault/2025-12-20_Auto/39a56384-3fd5-42ab-893e-9c7bca793ae8.png,2025-12-20_Auto/39a56384-3fd5-42ab-893e-9c7bca793ae8.png,254203,.png,image,6a4e74f8a23747bd87ff231520cce962008938bee906b42e397fc9336886a6c8,2025-12-20T23:13:15.817Z,2025-12-20T23:13:15.890Z,39a56384-3fd5-42ab-893e-9c7bca793ae8,39a56384-3fd5-42ab-893e-9c7bca793ae8,false,,,ok,jpeg
GrokVault,full-vault-scan,/Users/philipbankier/Content/Grok IMagine/greymaker/GrokVault/2025-12-20_Auto/3a3d7de9-ac0f-4715-956c-c75ecba61489.mp4,2025-12-20_Auto/3a3d7de9-ac0f-4715-956c-c75ecba61489.mp4,2415884,.mp4,video,c16c02a4d87b1d7e29a314e82c7c3af1e8da13de1761a4924f619ef025d9e437,2025-12-20T23:01:32.244Z,2025-12-20T23:01:32.246Z,3a3d7de9-ac0f-4715-956c-c75ecba61489,3a3d7de9-ac0f-4715-956c-c75ecba61489,false,,,ok,mp4-family
GrokVault,full-vault-scan,/Users/philipbankier/Content/Grok IMagine/greymaker/GrokVault/2025-12-20_Auto/3a4c2bc3-ec9c-411b-b56c-28c47e4bbf58.mp4,2025-12-20_Auto/3a4c2bc3-ec9c-411b-b56c-28c47e4bbf58.mp4,1326843,.mp4,video,c263c08d6c207378b3d655f7ce8ff6765b349a6fb9d9b763e9763d8d5366cb89,2025-12-20T04:48:48.835Z,2025-12-20T04:48:48.837Z,3a4c2bc3-ec9c-411b-b56c-28c47e4bbf58,3a4c2bc3-ec9c-411b-b56c-28c47e4bbf58,false,,,ok,mp4-family
GrokVault,full-vault-scan,/Users/philipbankier/Content/Grok IMagine/greymaker/GrokVault/2025-12-20_Auto/3aca7e57-a327-4569-8791-78a91a95f85e.png,2025-12-20_Auto/3aca7e57-a327-4569-8791-78a91a95f85e.png,252387,.png,image,62db2e1a6c76840943537c14d622f9190554e3c01c9616ca663a51cb3548d169,2025-12-20T23:20:02.161Z,2025-12-20T23:20:02.233Z,3aca7e57-a327-4569-8791-78a91a95f85e,3aca7e57-a327-4569-8791-78a91a95f85e,false,,,ok,jpeg
GrokVault,full-vault-scan,/Users/philipbankier/Content/Grok IMagine/greymaker/GrokVault/2025-12-20_Auto/3aef9d2f-9315-4020-815c-34912152463c.mp4,2025-12-20_Auto/3aef9d2f-9315-4020-815c-34912152463c.mp4,2143757,.mp4,video,93e387ce15ad71ac99a0f34fdbb65858603deaa8c9c6dcf4434122bec244e92b,2025-12-20T22:01:11.323Z,2025-12-20T22:01:11.325Z,3aef9d2f-9315-4020-815c-34912152463c,3aef9d2f-9315-4020-815c-34912152463c,false,,,ok,mp4-family
GrokVault,full-vault-scan,/Users/philipbankier/Content/Grok IMagine/greymaker/GrokVault/2025-12-20_Auto/3b1afc79-5693-40b3-aa64-958e566ca2b9.mp4,2025-12-20_Auto/3b1afc79-5693-40b3-aa64-958e566ca2b9.mp4,1741340,.mp4,video,a9e82ca21b9ab772d763defc8ce6fc715b022843cfa062cc504882c67749cf55,2025-12-20T23:55:09.063Z,2025-12-20T23:55:09.065Z,3b1afc79-5693-40b3-aa64-958e566ca2b9,3b1afc79-5693-40b3-aa64-958e566ca2b9,false,,,ok,mp4-family
GrokVault,full-vault-scan,/Users/philipbankier/Content/Grok IMagine/greymaker/GrokVault/2025-12-20_Auto/3b50044f-2370-4ba5-83d0-63b7cfd63413.png,2025-12-20_Auto/3b50044f-2370-4ba5-83d0-63b7cfd63413.png,257296,.png,image,1cf091bbfbecb7454531b9d41b39aa307cf6988fd44554f81f22470fd62d368c,2025-12-20T23:25:50.992Z,2025-12-20T23:25:51.050Z,3b50044f-2370-4ba5-83d0-63b7cfd63413,3b50044f-2370-4ba5-83d0-63b7cfd63413,false,,,ok,jpeg
GrokVault,full-vault-scan,/Users/philipbankier/Content/Grok IMagine/greymaker/GrokVault/2025-12-20_Auto/3babf0c7-0003-4dc4-833e-de8de1b0e40c.mp4,2025-12-20_Auto/3babf0c7-0003-4dc4-833e-de8de1b0e40c.mp4,2259096,.mp4,video,f59278bea847a9500d7f99d2cdc9e0ada4a2d3b02ba6b81f56ccc4cb0c18afe0,2025-12-20T05:07:17.742Z,2025-12-20T05:07:17.744Z,3babf0c7-0003-4dc4-833e-de8de1b0e40c,3babf0c7-0003-4dc4-833e-de8de1b0e40c,false,,,ok,mp4-family
GrokVault,full-vault-scan,/Users/philipbankier/Content/Grok IMagine/greymaker/GrokVault/2025-12-20_Auto/3bea0a1f-cf3d-483c-88cd-253e2223f8cc.png,2025-12-20_Auto/3bea0a1f-cf3d-483c-88cd-253e2223f8cc.png,176779,.png,image,b6788054537cf9c9871c5a10d0b2414649136de14b693f7ec71ad830b3988327,2025-12-20T21:55:55.416Z,2025-12-20T21:55:55.455Z,3bea0a1f-cf3d-483c-88cd-253e2223f8cc,3bea0a1f-cf3d-483c-88cd-253e2223f8cc,false,,,ok,jpeg
GrokVault,full-vault-scan,/Users/philipbankier/Content/Grok IMagine/greymaker/GrokVault/2025-12-20_Auto/3c07d407-7496-4721-a683-0be90b24a119.png,2025-12-20_Auto/3c07d407-7496-4721-a683-0be90b24a119.png,201684,.png,image,a080e47b60e744ad33dfb1e0c04f5ba21f2e58cd8677cd5295a5d9ee2e5855cd,2025-12-20T04:38:37.780Z,2025-12-20T04:38:37.782Z,3c07d407-7496-4721-a683-0be90b24a119,3c07d407-7496-4721-a683-0be90b24a119,false,,,ok,jpeg
GrokVault,full-vault-scan,/Users/philipbankier/Content/Grok IMagine/greymaker/GrokVault/2025-12-20_Auto/3c7022bd-49ce-440a-b505-287dabbfb636.mp4,2025-12-20_Auto/3c7022bd-49ce-440a-b505-287dabbfb636.mp4,1146331,.mp4,video,a5d7a064eaa43d2d2b8abcc3c148270be68ca4353dcfffbf39de15526990c892,2025-12-20T22:52:14.595Z,2025-12-20T22:52:14.597Z,3c7022bd-49ce-440a-b505-287dabbfb636,3c7022bd-49ce-440a-b505-287dabbfb636,false,,,ok,mp4-family
GrokVault,full-vault-scan,/Users/philipbankier/Content/Grok IMagine/greymaker/GrokVault/2025-12-20_Auto/3c96ce46-c11c-4cc8-89ef-39a0809d3db5.png,2025-12-20_Auto/3c96ce46-c11c-4cc8-89ef-39a0809d3db5.png,279256,.png,image,be405cd546471be9d0dd78a49d70fded6260c8fe540c4802628098b6da3c7e8d,2025-12-20T22:39:18.992Z,2025-12-20T22:39:19.051Z,3c96ce46-c11c-4cc8-89ef-39a0809d3db5,3c96ce46-c11c-4cc8-89ef-39a0809d3db5,false,,,ok,jpeg
GrokVault,full-vault-scan,/Users/philipbankier/Content/Grok IMagine/greymaker/GrokVault/2025-12-20_Auto/3d0453a6-b5e5-4a06-a9ed-d63d6befb2b4.png,2025-12-20_Auto/3d0453a6-b5e5-4a06-a9ed-d63d6befb2b4.png,349152,.png,image,07c0a704678ed67b71e530d82b7336a0952fa52da5f7697ad942c136e8a42214,2025-12-20T04:34:29.164Z,2025-12-20T04:34:29.166Z,3d0453a6-b5e5-4a06-a9ed-d63d6befb2b4,3d0453a6-b5e5-4a06-a9ed-d63d6befb2b4,false,,,ok,jpeg
GrokVault,full-vault-scan,/Users/philipbankier/Content/Grok IMagine/greymaker/GrokVault/2025-12-20_Auto/3d77bf6e-1492-40b2-9878-2c6d9cb4b5ec.png,2025-12-20_Auto/3d77bf6e-1492-40b2-9878-2c6d9cb4b5ec.png,249373,.png,image,600dfc30f2306375259ed37e0a9168db681f1a602a22248cbdac51b2e32ad7f8,2025-12-20T22:36:54.398Z,2025-12-20T22:36:54.457Z,3d77bf6e-1492-40b2-9878-2c6d9cb4b5ec,3d77bf6e-1492-40b2-9878-2c6d9cb4b5ec,false,,,ok,jpeg
GrokVault,full-vault-scan,/Users/philipbankier/Content/Grok IMagine/greymaker/GrokVault/2025-12-20_Auto/3db5ba6a-7231-4b5e-b671-4ae142a02c83.png,2025-12-20_Auto/3db5ba6a-7231-4b5e-b671-4ae142a02c83.png,211987,.png,image,47518d0cc6ced9637b4ebc074aba5d0781328c5b1a772797a21ac80f41b5d3c6,2025-12-20T23:13:00.828Z,2025-12-20T23:13:00.886Z,3db5ba6a-7231-4b5e-b671-4ae142a02c83,3db5ba6a-7231-4b5e-b671-4ae142a02c83,false,,,ok,jpeg
GrokVault,full-vault-scan,/Users/philipbankier/Content/Grok IMagine/greymaker/GrokVault/2025-12-20_Auto/3de01664-914c-4569-bbf3-57592e394d37.mp4,2025-12-20_Auto/3de01664-914c-4569-bbf3-57592e394d37.mp4,2232385,.mp4,video,86fcb5677b632611c10891649ffefc66ec9427bf92663fa5ddfb76685001cf03,2025-12-20T05:15:59.140Z,2025-12-20T05:15:59.142Z,3de01664-914c-4569-bbf3-57592e394d37,3de01664-914c-4569-bbf3-57592e394d37,false,,,ok,mp4-family
GrokVault,full-vault-scan,/Users/philipbankier/Content/Grok IMagine/greymaker/GrokVault/2025-12-20_Auto/3df0c8ac-b9cf-4194-b16d-2034881b83ad.png,2025-12-20_Auto/3df0c8ac-b9cf-4194-b16d-2034881b83ad.png,212971,.png,image,e2c7df927e94087b6f41c920909df05f95eac473938ea3095404dfb4a5e143bc,2025-12-20T21:18:04.148Z,2025-12-20T21:18:04.209Z,3df0c8ac-b9cf-4194-b16d-2034881b83ad,3df0c8ac-b9cf-4194-b16d-2034881b83ad,false,,,ok,jpeg
GrokVault,full-vault-scan,/Users/philipbankier/Content/Grok IMagine/greymaker/GrokVault/2025-12-20_Auto/3e3dfc1f-c09e-4ea1-9ee5-abf6978bb8d3.mp4,2025-12-20_Auto/3e3dfc1f-c09e-4ea1-9ee5-abf6978bb8d3.mp4,1472128,.mp4,video,6320b5901b2e3b1ca7aac5b0fd8f9088d766ec31d3c59866858145b64be12d24,2025-12-20T22:47:43.722Z,2025-12-20T22:47:43.723Z,3e3dfc1f-c09e-4ea1-9ee5-abf6978bb8d3,3e3dfc1f-c09e-4ea1-9ee5-abf6978bb8d3,false,,,ok,mp4-family
GrokVault,full-vault-scan,/Users/philipbankier/Content/Grok IMagine/greymaker/GrokVault/2025-12-20_Auto/3e65bf95-ddca-4d74-8eba-e68a5db8d5db.png,2025-12-20_Auto/3e65bf95-ddca-4d74-8eba-e68a5db8d5db.png,200540,.png,image,0e66ad182c039533af55c3b92cfecd90c51eb33854f584b7c0d9976804355f32,2025-12-20T22:00:29.580Z,2025-12-20T22:00:29.648Z,3e65bf95-ddca-4d74-8eba-e68a5db8d5db,3e65bf95-ddca-4d74-8eba-e68a5db8d5db,false,,,ok,jpeg
GrokVault,full-vault-scan,/Users/philipbankier/Content/Grok IMagine/greymaker/GrokVault/2025-12-20_Auto/3e6c69e3-e51d-48b7-94f8-556f11883fc6.mp4,2025-12-20_Auto/3e6c69e3-e51d-48b7-94f8-556f11883fc6.mp4,1205486,.mp4,video,d864b4b7fccdc554b0c6044e8d5c6c86f27f3287949d46658a9d5e1a4e8e9e70,2025-12-20T22:30:12.043Z,2025-12-20T22:30:12.044Z,3e6c69e3-e51d-48b7-94f8-556f11883fc6,3e6c69e3-e51d-48b7-94f8-556f11883fc6,false,,,ok,mp4-family
GrokVault,full-vault-scan,/Users/philipbankier/Content/Grok IMagine/greymaker/GrokVault/2025-12-20_Auto/3e95064f-9426-48aa-b2da-9e6344259569.mp4,2025-12-20_Auto/3e95064f-9426-48aa-b2da-9e6344259569.mp4,1281644,.mp4,video,5a3b00e914ac99a8ac79d27e79bcb2a1ae1b8cc79d65904453e148499c64b6cc,2025-12-20T04:07:38.095Z,2025-12-20T04:07:38.096Z,3e95064f-9426-48aa-b2da-9e6344259569,3e95064f-9426-48aa-b2da-9e6344259569,false,,,ok,mp4-family
GrokVault,full-vault-scan,/Users/philipbankier/Content/Grok IMagine/greymaker/GrokVault/2025-12-20_Auto/3eb465bc-0d33-4897-8405-b7d3958408b7.mp4,2025-12-20_Auto/3eb465bc-0d33-4897-8405-b7d3958408b7.mp4,3218715,.mp4,video,95b0d3f1a562ed84e2de84a8c0a65e7f5d65a74eb6a1b14be8e6e6bc1c7ef14c,2025-12-20T03:22:24.246Z,2025-12-20T03:22:24.248Z,3eb465bc-0d33-4897-8405-b7d3958408b7,3eb465bc-0d33-4897-8405-b7d3958408b7,false,,,ok,mp4-family
GrokVault,full-vault-scan,/Users/philipbankier/Content/Grok IMagine/greymaker/GrokVault/2025-12-20_Auto/3ef19f73-c191-49b3-abee-bb4065d88bea.mp4,2025-12-20_Auto/3ef19f73-c191-49b3-abee-bb4065d88bea.mp4,2001748,.mp4,video,b4b578eeb21c738a22f762797c1b6adcb30b76bf5fe3ad0832325b732cb82b6c,2025-12-20T23:56:06.802Z,2025-12-20T23:56:06.803Z,3ef19f73-c191-49b3-abee-bb4065d88bea,3ef19f73-c191-49b3-abee-bb4065d88bea,false,,,ok,mp4-family
GrokVault,full-vault-scan,/Users/philipbankier/Content/Grok IMagine/greymaker/GrokVault/2025-12-20_Auto/3f20f7cd-a5b0-4b2f-8a5b-13626a83d654.png,2025-12-20_Auto/3f20f7cd-a5b0-4b2f-8a5b-13626a83d654.png,214982,.png,image,038c5a8870e60b84b9b5c2334f3de53001faad79b224226a3d0595fdc0830454,2025-12-20T05:14:07.412Z,2025-12-20T05:14:07.413Z,3f20f7cd-a5b0-4b2f-8a5b-13626a83d654,3f20f7cd-a5b0-4b2f-8a5b-13626a83d654,false,,,ok,jpeg
GrokVault,full-vault-scan,/Users/philipbankier/Content/Grok IMagine/greymaker/GrokVault/2025-12-20_Auto/3f2c3052-3fa9-4554-835a-320fdf5929d3.png,2025-12-20_Auto/3f2c3052-3fa9-4554-835a-320fdf5929d3.png,219548,.png,image,f71fc841ca74ac4e645e6b5aa9f14e2fb0aaa3f74fe06ef44534e0f6941c1d95,2025-12-20T05:28:49.812Z,2025-12-20T05:28:49.813Z,3f2c3052-3fa9-4554-835a-320fdf5929d3,3f2c3052-3fa9-4554-835a-320fdf5929d3,false,,,ok,jpeg
GrokVault,full-vault-scan,/Users/philipbankier/Content/Grok IMagine/greymaker/GrokVault/2025-12-20_Auto/3f414da1-8827-4900-94f1-8b31a2522ded.png,2025-12-20_Auto/3f414da1-8827-4900-94f1-8b31a2522ded.png,284793,.png,image,69241e77769a0c30e6b29ae19f55159278efbcc3e16a881a5940638a4542bef0,2025-12-20T21:30:01.403Z,2025-12-20T21:30:01.475Z,3f414da1-8827-4900-94f1-8b31a2522ded,3f414da1-8827-4900-94f1-8b31a2522ded,false,,,ok,jpeg
GrokVault,full-vault-scan,/Users/philipbankier/Content/Grok IMagine/greymaker/GrokVault/2025-12-20_Auto/3f53a708-0f86-4ef0-a0e6-e6ebf15995ab.mp4,2025-12-20_Auto/3f53a708-0f86-4ef0-a0e6-e6ebf15995ab.mp4,1302430,.mp4,video,63c93e5209b16dd0002e51a53b92b4396570d3ad78c8f1e2ea08854cea315fde,2025-12-20T04:11:53.204Z,2025-12-20T04:11:53.205Z,3f53a708-0f86-4ef0-a0e6-e6ebf15995ab,3f53a708-0f86-4ef0-a0e6-e6ebf15995ab,false,,,ok,mp4-family
GrokVault,full-vault-scan,/Users/philipbankier/Content/Grok IMagine/greymaker/GrokVault/2025-12-20_Auto/3f6fa227-9759-4afc-9c11-9aa1ac469045.mp4,2025-12-20_Auto/3f6fa227-9759-4afc-9c11-9aa1ac469045.mp4,1142015,.mp4,video,847ecbbbbe574acdf655f6e67ad0cc5f45df1d2056b5e818378c7eafc053e794,2025-12-20T22:58:41.361Z,2025-12-20T22:58:41.362Z,3f6fa227-9759-4afc-9c11-9aa1ac469045,3f6fa227-9759-4afc-9c11-9aa1ac469045,false,,,ok,mp4-family
GrokVault,full-vault-scan,/Users/philipbankier/Content/Grok IMagine/greymaker/GrokVault/2025-12-20_Auto/3f720eb5-8974-4b1c-abd9-342de1287d30.mp4,2025-12-20_Auto/3f720eb5-8974-4b1c-abd9-342de1287d30.mp4,1382451,.mp4,video,8c46e7de6e73a26e5a1014e0808444fca680d83235ee626f1b6be8e998216162,2025-12-20T22:57:29.324Z,2025-12-20T22:57:29.325Z,3f720eb5-8974-4b1c-abd9-342de1287d30,3f720eb5-8974-4b1c-abd9-342de1287d30,false,,,ok,mp4-family
GrokVault,full-vault-scan,/Users/philipbankier/Content/Grok IMagine/greymaker/GrokVault/2025-12-20_Auto/3fa02fde-be79-446b-9c30-00d53626a0cd.png,2025-12-20_Auto/3fa02fde-be79-446b-9c30-00d53626a0cd.png,195956,.png,image,38b5528dbe7c63e68dbfa7dac306bf8e00c4558f286b9ca97f2e1f663bf3b47e,2025-12-20T04:48:03.163Z,2025-12-20T04:48:03.166Z,3fa02fde-be79-446b-9c30-00d53626a0cd,3fa02fde-be79-446b-9c30-00d53626a0cd,false,,,ok,jpeg
GrokVault,full-vault-scan,/Users/philipbankier/Content/Grok IMagine/greymaker/GrokVault/2025-12-20_Auto/3fb4a1a9-5dfd-4120-922e-aae73897f33d.mp4,2025-12-20_Auto/3fb4a1a9-5dfd-4120-922e-aae73897f33d.mp4,3122847,.mp4,video,9a8d5c675cb1d3fe184f5b895cee57fb65effc3e91a1d818442296ec3c391949,2025-12-20T03:59:18.974Z,2025-12-20T03:59:18.976Z,3fb4a1a9-5dfd-4120-922e-aae73897f33d,3fb4a1a9-5dfd-4120-922e-aae73897f33d,false,,,ok,mp4-family
GrokVault,full-vault-scan,/Users/philipbankier/Content/Grok IMagine/greymaker/GrokVault/2025-12-20_Auto/3fca54a0-91d4-47e9-9b96-3da034175df7.mp4,2025-12-20_Auto/3fca54a0-91d4-47e9-9b96-3da034175df7.mp4,1428407,.mp4,video,6a6dc4c14aab374f76d68ccdf6092db892f3e0037c68195562282f6c23d039ad,2025-12-20T04:35:58.889Z,2025-12-20T04:35:58.891Z,3fca54a0-91d4-47e9-9b96-3da034175df7,3fca54a0-91d4-47e9-9b96-3da034175df7,false,,,ok,mp4-family
GrokVault,full-vault-scan,/Users/philipbankier/Content/Grok IMagine/greymaker/GrokVault/2025-12-20_Auto/40040e29-2b24-4e33-ab34-78326b06689c.png,2025-12-20_Auto/40040e29-2b24-4e33-ab34-78326b06689c.png,314142,.png,image,137671728d8ac32ba88e46492e9e6dbd8dc12e5303accc102b17de7e5387e5f4,2025-12-20T21:51:22.809Z,2025-12-20T21:51:22.877Z,40040e29-2b24-4e33-ab34-78326b06689c,40040e29-2b24-4e33-ab34-78326b06689c,false,,,ok,jpeg
GrokVault,full-vault-scan,/Users/philipbankier/Content/Grok IMagine/greymaker/GrokVault/2025-12-20_Auto/40c32853-5473-4ad2-b059-36f89f6a7017.png,2025-12-20_Auto/40c32853-5473-4ad2-b059-36f89f6a7017.png,241774,.png,image,70a1036b244863da8ec3e652232ba36521dba14dc26c42b8129dd719ebe5731c,2025-12-20T21:21:11.205Z,2025-12-20T21:21:11.271Z,40c32853-5473-4ad2-b059-36f89f6a7017,40c32853-5473-4ad2-b059-36f89f6a7017,false,,,ok,jpeg
GrokVault,full-vault-scan,/Users/philipbankier/Content/Grok IMagine/greymaker/GrokVault/2025-12-20_Auto/40c9baf4-9d2b-4f34-8541-7f2670cd4bca.png,2025-12-20_Auto/40c9baf4-9d2b-4f34-8541-7f2670cd4bca.png,299970,.png,image,c9e98bbb2cddd559e9d628056fe025bdaa5da85d2c20a160cab36be54b311c76,2025-12-20T22:41:45.610Z,2025-12-20T22:41:45.675Z,40c9baf4-9d2b-4f34-8541-7f2670cd4bca,40c9baf4-9d2b-4f34-8541-7f2670cd4bca,false,,,ok,jpeg
GrokVault,full-vault-scan,/Users/philipbankier/Content/Grok IMagine/greymaker/GrokVault/2025-12-20_Auto/40d2faa6-5e14-4690-8258-dc07955e1318.png,2025-12-20_Auto/40d2faa6-5e14-4690-8258-dc07955e1318.png,317928,.png,image,9adc9637198197feb66e76b76127b54c5916a423333746a63535c464d45cc43b,2025-12-20T22:37:37.276Z,2025-12-20T22:37:37.350Z,40d2faa6-5e14-4690-8258-dc07955e1318,40d2faa6-5e14-4690-8258-dc07955e1318,false,,,ok,jpeg
GrokVault,full-vault-scan,/Users/philipbankier/Content/Grok IMagine/greymaker/GrokVault/2025-12-20_Auto/40f83822-0306-40d0-9040-662017fd2b33.mp4,2025-12-20_Auto/40f83822-0306-40d0-9040-662017fd2b33.mp4,1168543,.mp4,video,7c5f5d9c58e89c9a3df996a49ee0e0637036772d7bc38dafa48a416f0ba2fa98,2025-12-20T04:40:53.602Z,2025-12-20T04:40:53.604Z,40f83822-0306-40d0-9040-662017fd2b33,40f83822-0306-40d0-9040-662017fd2b33,false,,,ok,mp4-family
GrokVault,full-vault-scan,/Users/philipbankier/Content/Grok IMagine/greymaker/GrokVault/2025-12-20_Auto/40fc9b4b-3844-4415-85df-7506349bef4b.png,2025-12-20_Auto/40fc9b4b-3844-4415-85df-7506349bef4b.png,371719,.png,image,19c853224cc493728cdd20f797310932bc58154fd41c3469cf218087c3fd19c4,2025-12-20T00:21:15.504Z,2025-12-20T00:21:15.508Z,40fc9b4b-3844-4415-85df-7506349bef4b,40fc9b4b-3844-4415-85df-7506349bef4b,false,,,ok,jpeg
GrokVault,full-vault-scan,/Users/philipbankier/Content/Grok IMagine/greymaker/GrokVault/2025-12-20_Auto/41526c38-674b-4f3a-add3-22f19dde0a44.mp4,2025-12-20_Auto/41526c38-674b-4f3a-add3-22f19dde0a44.mp4,2158774,.mp4,video,314a225b0063f7ff03dceb40c7dc320c0a234d186c6c54149161a47dcd1f05cd,2025-12-20T23:50:50.169Z,2025-12-20T23:50:50.171Z,41526c38-674b-4f3a-add3-22f19dde0a44,41526c38-674b-4f3a-add3-22f19dde0a44,false,,,ok,mp4-family
GrokVault,full-vault-scan,/Users/philipbankier/Content/Grok IMagine/greymaker/GrokVault/2025-12-20_Auto/41da6303-cf64-4a4f-9c24-e42f8cb23654.mp4,2025-12-20_Auto/41da6303-cf64-4a4f-9c24-e42f8cb23654.mp4,1264654,.mp4,video,17d6ecd07de7c73a2bf38a46e970874060f8ce9f824c39b530e291bcd7facdea,2025-12-20T23:32:08.615Z,2025-12-20T23:32:08.616Z,41da6303-cf64-4a4f-9c24-e42f8cb23654,41da6303-cf64-4a4f-9c24-e42f8cb23654,false,,,ok,mp4-family
GrokVault,full-vault-scan,/Users/philipbankier/Content/Grok IMagine/greymaker/GrokVault/2025-12-20_Auto/42049384-e372-4761-931c-446ecb76d505.png,2025-12-20_Auto/42049384-e372-4761-931c-446ecb76d505.png,385358,.png,image,c62f035f293094e41c65ae29bd3045f8686d6fca907a366a5e70048bcf48878a,2025-12-20T00:21:59.533Z,2025-12-20T00:21:59.537Z,42049384-e372-4761-931c-446ecb76d505,42049384-e372-4761-931c-446ecb76d505,false,,,ok,jpeg
GrokVault,full-vault-scan,/Users/philipbankier/Content/Grok IMagine/greymaker/GrokVault/2025-12-20_Auto/42271a5b-17f2-4755-bee8-eb5dbd003266.mp4,2025-12-20_Auto/42271a5b-17f2-4755-bee8-eb5dbd003266.mp4,1481353,.mp4,video,2b4ba24364b39b4324a14140d2f7347e9ad19a903f172f21617b01b92f35d672,2025-12-20T23:00:20.944Z,2025-12-20T23:00:20.946Z,42271a5b-17f2-4755-bee8-eb5dbd003266,42271a5b-17f2-4755-bee8-eb5dbd003266,false,,,ok,mp4-family
GrokVault,full-vault-scan,/Users/philipbankier/Content/Grok IMagine/greymaker/GrokVault/2025-12-20_Auto/4233d75b-575d-47df-a12f-f1163b20846f.mp4,2025-12-20_Auto/4233d75b-575d-47df-a12f-f1163b20846f.mp4,1724778,.mp4,video,7346b6a8a5593a5b6f9ef3bdadae3ca6d39ee1946c4a07846cd36d6a5fc462d0,2025-12-20T23:48:28.021Z,2025-12-20T23:48:28.023Z,4233d75b-575d-47df-a12f-f1163b20846f,4233d75b-575d-47df-a12f-f1163b20846f,false,,,ok,mp4-family
GrokVault,full-vault-scan,/Users/philipbankier/Content/Grok IMagine/greymaker/GrokVault/2025-12-20_Auto/425e531a-76eb-4f42-ba7f-df44aa664406.png,2025-12-20_Auto/425e531a-76eb-4f42-ba7f-df44aa664406.png,397897,.png,image,3c207d58b3f116db68f33b25bc1f6752002183616a358d6e7799c37e4618c7f3,2025-12-20T04:34:53.152Z,2025-12-20T04:34:53.156Z,425e531a-76eb-4f42-ba7f-df44aa664406,425e531a-76eb-4f42-ba7f-df44aa664406,false,filename-2,hash-6,ok,jpeg
GrokVault,full-vault-scan,/Users/philipbankier/Content/Grok IMagine/greymaker/GrokVault/2025-12-20_Auto/42b694ba-5551-4d97-9fa3-db682b0966d9.png,2025-12-20_Auto/42b694ba-5551-4d97-9fa3-db682b0966d9.png,207939,.png,image,6e7856fda4e6335f78a7dd2cfc3c2e31e032c2b46d5c494e7b7919fc969d6556,2025-12-20T21:21:53.363Z,2025-12-20T21:21:53.421Z,42b694ba-5551-4d97-9fa3-db682b0966d9,42b694ba-5551-4d97-9fa3-db682b0966d9,false,,,ok,jpeg
GrokVault,full-vault-scan,/Users/philipbankier/Content/Grok IMagine/greymaker/GrokVault/2025-12-20_Auto/42c4f615-3274-49ac-8603-610d7f8ad146.png,2025-12-20_Auto/42c4f615-3274-49ac-8603-610d7f8ad146.png,252879,.png,image,76335c51fb14227aca495a2457c52a1531de3a6b6d3f5eb052cfc8f350a3340e,2025-12-20T22:03:08.955Z,2025-12-20T22:03:09.014Z,42c4f615-3274-49ac-8603-610d7f8ad146,42c4f615-3274-49ac-8603-610d7f8ad146,false,,,ok,jpeg
GrokVault,full-vault-scan,/Users/philipbankier/Content/Grok IMagine/greymaker/GrokVault/2025-12-20_Auto/433e619a-1d50-44b4-9460-7756346a8e54.png,2025-12-20_Auto/433e619a-1d50-44b4-9460-7756346a8e54.png,213056,.png,image,7b61fa1c08db1ed4853971d0411d89c7002ec3e2b04886254cc5eae8b4b06bd6,2025-12-20T21:27:09.184Z,2025-12-20T21:27:09.242Z,433e619a-1d50-44b4-9460-7756346a8e54,433e619a-1d50-44b4-9460-7756346a8e54,false,,,ok,jpeg
GrokVault,full-vault-scan,/Users/philipbankier/Content/Grok IMagine/greymaker/GrokVault/2025-12-20_Auto/433eba60-e564-4198-89bc-c728d19f3af5.png,2025-12-20_Auto/433eba60-e564-4198-89bc-c728d19f3af5.png,251568,.png,image,9ddbecb10d382b1f17839ff00407729701914180489af2f180c3d4e7cda76d00,2025-12-20T05:25:03.207Z,2025-12-20T05:25:03.210Z,433eba60-e564-4198-89bc-c728d19f3af5,433eba60-e564-4198-89bc-c728d19f3af5,false,,,ok,jpeg
GrokVault,full-vault-scan,/Users/philipbankier/Content/Grok IMagine/greymaker/GrokVault/2025-12-20_Auto/43563330-0520-4eff-901e-bb8d4751a3a5.mp4,2025-12-20_Auto/43563330-0520-4eff-901e-bb8d4751a3a5.mp4,1958362,.mp4,video,d645ca5859311ee65865e6dddba50896eedf692b15168a144e968c07e697f100,2025-12-20T21:36:46.693Z,2025-12-20T21:36:46.695Z,43563330-0520-4eff-901e-bb8d4751a3a5,43563330-0520-4eff-901e-bb8d4751a3a5,false,,,ok,mp4-family
GrokVault,full-vault-scan,/Users/philipbankier/Content/Grok IMagine/greymaker/GrokVault/2025-12-20_Auto/437810f5-e924-4151-8948-4323ce8f519a.mp4,2025-12-20_Auto/437810f5-e924-4151-8948-4323ce8f519a.mp4,2014528,.mp4,video,95e061f999ac882356b583dc67e6e4804e049f4b684af3d25a34333a997bd426,2025-12-20T21:15:39.003Z,2025-12-20T21:15:39.005Z,437810f5-e924-4151-8948-4323ce8f519a,437810f5-e924-4151-8948-4323ce8f519a,false,,,ok,mp4-family
GrokVault,full-vault-scan,/Users/philipbankier/Content/Grok IMagine/greymaker/GrokVault/2025-12-20_Auto/437e000b-2008-46e5-b5b4-68e5d0a1cf68.png,2025-12-20_Auto/437e000b-2008-46e5-b5b4-68e5d0a1cf68.png,360859,.png,image,b65448e6ffaa58069d24f1d1a84aadd02eb91e5cdc9eaa34d1d3b9ad2b8f85bf,2025-12-20T00:17:50.967Z,2025-12-20T00:17:50.970Z,437e000b-2008-46e5-b5b4-68e5d0a1cf68,437e000b-2008-46e5-b5b4-68e5d0a1cf68,false,,,ok,jpeg
GrokVault,full-vault-scan,/Users/philipbankier/Content/Grok IMagine/greymaker/GrokVault/2025-12-20_Auto/439a5dfc-c809-4115-9517-35e6e535e728.mp4,2025-12-20_Auto/439a5dfc-c809-4115-9517-35e6e535e728.mp4,1231712,.mp4,video,834e5b2a5c92e3de5c0d1ad69ef0ccc406f78ded6c1f9588f5442b2ee235f8ac,2025-12-20T23:01:03.109Z,2025-12-20T23:01:03.111Z,439a5dfc-c809-4115-9517-35e6e535e728,439a5dfc-c809-4115-9517-35e6e535e728,false,,,ok,mp4-family
GrokVault,full-vault-scan,/Users/philipbankier/Content/Grok IMagine/greymaker/GrokVault/2025-12-20_Auto/43cf1c5e-5ad5-4b2c-b8ce-a24ddb87dba1.png,2025-12-20_Auto/43cf1c5e-5ad5-4b2c-b8ce-a24ddb87dba1.png,257596,.png,image,736c3382cb1ca7902f714bdd7aa05f11c17799a7589fa29645d13f6329d494d7,2025-12-20T23:30:56.797Z,2025-12-20T23:30:56.889Z,43cf1c5e-5ad5-4b2c-b8ce-a24ddb87dba1,43cf1c5e-5ad5-4b2c-b8ce-a24ddb87dba1,false,,,ok,jpeg
GrokVault,full-vault-scan,/Users/philipbankier/Content/Grok IMagine/greymaker/GrokVault/2025-12-20_Auto/44160386-bd00-4507-a81d-65491ec79895.png,2025-12-20_Auto/44160386-bd00-4507-a81d-65491ec79895.png,195529,.png,image,4a524a53a411ff6ee634bd4548c6bfea96f9e2e779bd73f4697579e5c1172e65,2025-12-20T04:45:48.832Z,2025-12-20T04:45:48.833Z,44160386-bd00-4507-a81d-65491ec79895,44160386-bd00-4507-a81d-65491ec79895,false,,,ok,jpeg
GrokVault,full-vault-scan,/Users/philipbankier/Content/Grok IMagine/greymaker/GrokVault/2025-12-20_Auto/44292855-5431-4516-be09-9339fbaf1fcc.mp4,2025-12-20_Auto/44292855-5431-4516-be09-9339fbaf1fcc.mp4,1246735,.mp4,video,c37f7ad8b7d14703b521e9dbba1945bed5fe55112ea4ddfb38e6c51c82838684,2025-12-20T23:51:05.182Z,2025-12-20T23:51:05.184Z,44292855-5431-4516-be09-9339fbaf1fcc,44292855-5431-4516-be09-9339fbaf1fcc,false,,,ok,mp4-family
GrokVault,full-vault-scan,/Users/philipbankier/Content/Grok IMagine/greymaker/GrokVault/2025-12-20_Auto/443628aa-55b3-438c-978b-ee33e617ffc5.png,2025-12-20_Auto/443628aa-55b3-438c-978b-ee33e617ffc5.png,286776,.png,image,eae04de8773845a95276a9d5da6d41d3177506984575166413041d2444ac1c67,2025-12-20T21:52:21.166Z,2025-12-20T21:52:21.229Z,443628aa-55b3-438c-978b-ee33e617ffc5,443628aa-55b3-438c-978b-ee33e617ffc5,false,,,ok,jpeg
GrokVault,full-vault-scan,/Users/philipbankier/Content/Grok IMagine/greymaker/GrokVault/2025-12-20_Auto/44462fc3-c6a0-4533-80d9-6c136414fb12.png,2025-12-20_Auto/44462fc3-c6a0-4533-80d9-6c136414fb12.png,322137,.png,image,f37d0378f598356919ce3dd084c159a40440dae93472c3e3d299cc484b75607f,2025-12-20T22:01:25.915Z,2025-12-20T22:01:26.004Z,44462fc3-c6a0-4533-80d9-6c136414fb12,44462fc3-c6a0-4533-80d9-6c136414fb12,false,,,ok,jpeg
GrokVault,full-vault-scan,/Users/philipbankier/Content/Grok IMagine/greymaker/GrokVault/2025-12-20_Auto/44528606-4c65-4205-b959-ab638a2bf999.mp4,2025-12-20_Auto/44528606-4c65-4205-b959-ab638a2bf999.mp4,2345792,.mp4,video,289318116aff583d40ec2f5dc518870cf16c57796cb844de310632002a1791ae,2025-12-20T22:07:42.106Z,2025-12-20T22:07:42.108Z,44528606-4c65-4205-b959-ab638a2bf999,44528606-4c65-4205-b959-ab638a2bf999,false,,,ok,mp4-family
GrokVault,full-vault-scan,/Users/philipbankier/Content/Grok IMagine/greymaker/GrokVault/2025-12-20_Auto/44960f32-6db2-44ff-a820-24d991cfe45c.png,2025-12-20_Auto/44960f32-6db2-44ff-a820-24d991cfe45c.png,358225,.png,image,862799a32d0f383aabdb90aaa746bc666a18a96468f1355c9c964e49c0309299,2025-12-20T20:04:40.735Z,2025-12-20T20:04:40.757Z,44960f32-6db2-44ff-a820-24d991cfe45c,44960f32-6db2-44ff-a820-24d991cfe45c,false,,,ok,jpeg
GrokVault,full-vault-scan,/Users/philipbankier/Content/Grok IMagine/greymaker/GrokVault/2025-12-20_Auto/44b4727c-d254-4b62-a65d-8c8eecbf3e85.mp4,2025-12-20_Auto/44b4727c-d254-4b62-a65d-8c8eecbf3e85.mp4,1711175,.mp4,video,d581c496140f1b3c5b2174d7ba9f9c7d2eabd110af5a4ba8ce9479b550b8d4bb,2025-12-20T04:27:42.002Z,2025-12-20T04:27:42.004Z,44b4727c-d254-4b62-a65d-8c8eecbf3e85,44b4727c-d254-4b62-a65d-8c8eecbf3e85,false,,,ok,mp4-family
GrokVault,full-vault-scan,/Users/philipbankier/Content/Grok IMagine/greymaker/GrokVault/2025-12-20_Auto/44cda07c-c643-4d8d-919a-36bdd2fce91e.png,2025-12-20_Auto/44cda07c-c643-4d8d-919a-36bdd2fce91e.png,228568,.png,image,ba85a5487ada28c9cc10e47bcd1b9f21eeca92bebef04acddc77f1b7aad61c73,2025-12-20T23:15:26.421Z,2025-12-20T23:15:26.484Z,44cda07c-c643-4d8d-919a-36bdd2fce91e,44cda07c-c643-4d8d-919a-36bdd2fce91e,false,,,ok,jpeg
GrokVault,full-vault-scan,/Users/philipbankier/Content/Grok IMagine/greymaker/GrokVault/2025-12-20_Auto/44eed5a9-0d52-4452-85b9-c19453b3d5bf.mp4,2025-12-20_Auto/44eed5a9-0d52-4452-85b9-c19453b3d5bf.mp4,1071991,.mp4,video,70d61250d1c306a1e903a0edd74bd090bed21935da14c16f4bfae80bcc4031d6,2025-12-20T22:29:43.013Z,2025-12-20T22:29:43.014Z,44eed5a9-0d52-4452-85b9-c19453b3d5bf,44eed5a9-0d52-4452-85b9-c19453b3d5bf,false,,,ok,mp4-family
GrokVault,full-vault-scan,/Users/philipbankier/Content/Grok IMagine/greymaker/GrokVault/2025-12-20_Auto/455008c2-fefd-4a44-b5f8-d8c90349ec26.png,2025-12-20_Auto/455008c2-fefd-4a44-b5f8-d8c90349ec26.png,221653,.png,image,14f794ca3127e63efcfa1d8e9cdd88711e15e72fccbb36775f15a403c2a89337,2025-12-20T21:40:21.515Z,2025-12-20T21:40:21.577Z,455008c2-fefd-4a44-b5f8-d8c90349ec26,455008c2-fefd-4a44-b5f8-d8c90349ec26,false,,,ok,jpeg
GrokVault,full-vault-scan,/Users/philipbankier/Content/Grok IMagine/greymaker/GrokVault/2025-12-20_Auto/45a89ca9-87c0-42b3-9826-1e51caa4519f.png,2025-12-20_Auto/45a89ca9-87c0-42b3-9826-1e51caa4519f.png,253311,.png,image,ecae69c652826cda106de0ce8eb56b77997ee61fd8ff5617470cdcaa15946280,2025-12-20T04:05:44.408Z,2025-12-20T04:05:44.410Z,45a89ca9-87c0-42b3-9826-1e51caa4519f,45a89ca9-87c0-42b3-9826-1e51caa4519f,false,,,ok,jpeg
GrokVault,full-vault-scan,/Users/philipbankier/Content/Grok IMagine/greymaker/GrokVault/2025-12-20_Auto/45c0bfd0-3a74-46c2-af3f-396f518dd4fa.png,2025-12-20_Auto/45c0bfd0-3a74-46c2-af3f-396f518dd4fa.png,234741,.png,image,371e821ce2912621e3795e3f19df26db07a6eaa84d33e3b69f1471a86c6a95ca,2025-12-20T21:16:37.548Z,2025-12-20T21:16:37.608Z,45c0bfd0-3a74-46c2-af3f-396f518dd4fa,45c0bfd0-3a74-46c2-af3f-396f518dd4fa,false,,,ok,jpeg
GrokVault,full-vault-scan,/Users/philipbankier/Content/Grok IMagine/greymaker/GrokVault/2025-12-20_Auto/45d8f25a-2926-4376-ba63-81c1e514e7f3.png,2025-12-20_Auto/45d8f25a-2926-4376-ba63-81c1e514e7f3.png,241237,.png,image,fbb3c48445fc930be83df532cc5490061379c1ffd2c585f67897c54e7bed38c7,2025-12-20T23:28:02.435Z,2025-12-20T23:28:02.493Z,45d8f25a-2926-4376-ba63-81c1e514e7f3,45d8f25a-2926-4376-ba63-81c1e514e7f3,false,,,ok,jpeg
GrokVault,full-vault-scan,/Users/philipbankier/Content/Grok IMagine/greymaker/GrokVault/2025-12-20_Auto/45e3d856-26fc-43f1-a750-d38318eea0b7.png,2025-12-20_Auto/45e3d856-26fc-43f1-a750-d38318eea0b7.png,371916,.png,image,457f1928556942ac4a8ed5648e19b47cac24e01da7495632f947b97a891123a1,2025-12-20T22:43:55.099Z,2025-12-20T22:43:55.175Z,45e3d856-26fc-43f1-a750-d38318eea0b7,45e3d856-26fc-43f1-a750-d38318eea0b7,false,,,ok,jpeg
GrokVault,full-vault-scan,/Users/philipbankier/Content/Grok IMagine/greymaker/GrokVault/2025-12-20_Auto/460949a9-cc1b-4ae9-a6b3-448637d3f44b.mp4,2025-12-20_Auto/460949a9-cc1b-4ae9-a6b3-448637d3f44b.mp4,1711587,.mp4,video,ab98d790ffb88d937781b5991ea19cd93c1c5adc7246e395d8bb65713cd3ea75,2025-12-20T05:02:24.901Z,2025-12-20T05:02:24.903Z,460949a9-cc1b-4ae9-a6b3-448637d3f44b,460949a9-cc1b-4ae9-a6b3-448637d3f44b,false,,,ok,mp4-family
GrokVault,full-vault-scan,/Users/philipbankier/Content/Grok IMagine/greymaker/GrokVault/2025-12-20_Auto/4611773c-a07b-47f4-90ac-0e85b3bb2f3f.mp4,2025-12-20_Auto/4611773c-a07b-47f4-90ac-0e85b3bb2f3f.mp4,1091187,.mp4,video,e559314b115ebf6e1e7afbe28873a823239b11e62715ae3b8c05490ad71fb27d,2025-12-20T22:59:23.592Z,2025-12-20T22:59:23.593Z,4611773c-a07b-47f4-90ac-0e85b3bb2f3f,4611773c-a07b-47f4-90ac-0e85b3bb2f3f,false,,,ok,mp4-family
GrokVault,full-vault-scan,/Users/philipbankier/Content/Grok IMagine/greymaker/GrokVault/2025-12-20_Auto/46509f64-f7d4-41dd-889c-20762662ded4.mp4,2025-12-20_Auto/46509f64-f7d4-41dd-889c-20762662ded4.mp4,1496170,.mp4,video,71388bdb4a0f3a913313007123354d577aa1e1dfe94a4d25c88a469e1b6d05f7,2025-12-20T23:49:25.230Z,2025-12-20T23:49:25.231Z,46509f64-f7d4-41dd-889c-20762662ded4,46509f64-f7d4-41dd-889c-20762662ded4,false,,,ok,mp4-family
GrokVault,full-vault-scan,/Users/philipbankier/Content/Grok IMagine/greymaker/GrokVault/2025-12-20_Auto/4694eb46-f3df-465d-a60d-21c7fd49892f.png,2025-12-20_Auto/4694eb46-f3df-465d-a60d-21c7fd49892f.png,269522,.png,image,721aaeb77d79781232d917b24db6ed16fa5b12597559172f1b3b798558d3a827,2025-12-20T21:31:57.548Z,2025-12-20T21:31:57.613Z,4694eb46-f3df-465d-a60d-21c7fd49892f,4694eb46-f3df-465d-a60d-21c7fd49892f,false,,,ok,jpeg
GrokVault,full-vault-scan,/Users/philipbankier/Content/Grok IMagine/greymaker/GrokVault/2025-12-20_Auto/46a8ff4a-7eb4-4c39-9f1b-8563c354f669.mp4,2025-12-20_Auto/46a8ff4a-7eb4-4c39-9f1b-8563c354f669.mp4,1590927,.mp4,video,d3835e1f568a0ffb34bc0a4626164f307f8b82e78132268c571985873a91150b,2025-12-20T23:03:25.864Z,2025-12-20T23:03:25.866Z,46a8ff4a-7eb4-4c39-9f1b-8563c354f669,46a8ff4a-7eb4-4c39-9f1b-8563c354f669,false,,,ok,mp4-family
GrokVault,full-vault-scan,/Users/philipbankier/Content/Grok IMagine/greymaker/GrokVault/2025-12-20_Auto/46a9517a-8383-4250-b072-300c55f9f0a0.png,2025-12-20_Auto/46a9517a-8383-4250-b072-300c55f9f0a0.png,213390,.png,image,fda558dd56ab1310d6c9dc214a1545d1f72a546a8589beb606cb438d69016064,2025-12-20T23:22:26.487Z,2025-12-20T23:22:26.545Z,46a9517a-8383-4250-b072-300c55f9f0a0,46a9517a-8383-4250-b072-300c55f9f0a0,false,,,ok,jpeg
GrokVault,full-vault-scan,/Users/philipbankier/Content/Grok IMagine/greymaker/GrokVault/2025-12-20_Auto/46bc4bb8-9031-4e54-b9e8-b3001bba913e.mp4,2025-12-20_Auto/46bc4bb8-9031-4e54-b9e8-b3001bba913e.mp4,1144584,.mp4,video,4cbbd7b230659b7472ff5137a21cd08e6e3fee8e07649c8dfee287ba6d6f4dbc,2025-12-20T23:47:16.668Z,2025-12-20T23:47:16.670Z,46bc4bb8-9031-4e54-b9e8-b3001bba913e,46bc4bb8-9031-4e54-b9e8-b3001bba913e,false,,,ok,mp4-family
GrokVault,full-vault-scan,/Users/philipbankier/Content/Grok IMagine/greymaker/GrokVault/2025-12-20_Auto/46c822fe-53c7-4587-b148-2205a73f2352.png,2025-12-20_Auto/46c822fe-53c7-4587-b148-2205a73f2352.png,274367,.png,image,6532c922f0fd61feff5217899426be4a58518cc7f0a227ea3493b271aea3d247,2025-12-20T05:03:33.651Z,2025-12-20T05:03:33.653Z,46c822fe-53c7-4587-b148-2205a73f2352,46c822fe-53c7-4587-b148-2205a73f2352,false,,,ok,jpeg
GrokVault,full-vault-scan,/Users/philipbankier/Content/Grok IMagine/greymaker/GrokVault/2025-12-20_Auto/471cc3b6-8735-4486-bf87-602eef4ca547.png,2025-12-20_Auto/471cc3b6-8735-4486-bf87-602eef4ca547.png,295510,.png,image,7347e73f536f9b7dbe55455487802b1406714bfae922008e6311916218505fa8,2025-12-20T22:35:26.628Z,2025-12-20T22:35:26.692Z,471cc3b6-8735-4486-bf87-602eef4ca547,471cc3b6-8735-4486-bf87-602eef4ca547,false,,,ok,jpeg
GrokVault,full-vault-scan,/Users/philipbankier/Content/Grok IMagine/greymaker/GrokVault/2025-12-20_Auto/47968571-413f-4c25-8b84-8c69f300ea5f.mp4,2025-12-20_Auto/47968571-413f-4c25-8b84-8c69f300ea5f.mp4,1193105,.mp4,video,29810a2831f886cbededffa7fc8edbb3973d712f0175056847a2ce1b32bde719,2025-12-20T23:03:53.860Z,2025-12-20T23:03:53.862Z,47968571-413f-4c25-8b84-8c69f300ea5f,47968571-413f-4c25-8b84-8c69f300ea5f,false,,,ok,mp4-family
GrokVault,full-vault-scan,/Users/philipbankier/Content/Grok IMagine/greymaker/GrokVault/2025-12-20_Auto/47a8b146-9c57-400b-bdbb-a6c4ab6fd42e.png,2025-12-20_Auto/47a8b146-9c57-400b-bdbb-a6c4ab6fd42e.png,244250,.png,image,6ec3cba41eb58a8252a4158b1f1873f8d370b89728420f12ef0e0aea6f4798ed,2025-12-20T04:08:00.745Z,2025-12-20T04:08:00.747Z,47a8b146-9c57-400b-bdbb-a6c4ab6fd42e,47a8b146-9c57-400b-bdbb-a6c4ab6fd42e,false,,,ok,jpeg
GrokVault,full-vault-scan,/Users/philipbankier/Content/Grok IMagine/greymaker/GrokVault/2025-12-20_Auto/47ec1c9d-894f-4828-856e-2b2ed6623152.png,2025-12-20_Auto/47ec1c9d-894f-4828-856e-2b2ed6623152.png,268268,.png,image,f4d3ab1000c6be481c119626370baa96c1c00174c1f76f565869b838f1c6feda,2025-12-20T04:28:28.248Z,2025-12-20T04:28:28.251Z,47ec1c9d-894f-4828-856e-2b2ed6623152,47ec1c9d-894f-4828-856e-2b2ed6623152,false,,,ok,jpeg
GrokVault,full-vault-scan,/Users/philipbankier/Content/Grok IMagine/greymaker/GrokVault/2025-12-20_Auto/481c4321-54b0-40b1-bf0c-18558ecc05bd.mp4,2025-12-20_Auto/481c4321-54b0-40b1-bf0c-18558ecc05bd.mp4,1440174,.mp4,video,b95fa5a25a634bc4adcee5d7284814ab8f7158fd87c7e8e705cd0580ba927171,2025-12-20T23:58:32.137Z,2025-12-20T23:58:32.138Z,481c4321-54b0-40b1-bf0c-18558ecc05bd,481c4321-54b0-40b1-bf0c-18558ecc05bd,false,,,ok,mp4-family
GrokVault,full-vault-scan,/Users/philipbankier/Content/Grok IMagine/greymaker/GrokVault/2025-12-20_Auto/487721be-0e1d-4d2d-9e18-8c30f36c6779.png,2025-12-20_Auto/487721be-0e1d-4d2d-9e18-8c30f36c6779.png,177511,.png,image,d68e24ef87bdfb687448cc5e01d5e410dba8ec5a55e79e5b6fe5c0dde6dc9fef,2025-12-20T22:25:41.304Z,2025-12-20T22:25:41.365Z,487721be-0e1d-4d2d-9e18-8c30f36c6779,487721be-0e1d-4d2d-9e18-8c30f36c6779,false,,,ok,jpeg
GrokVault,full-vault-scan,/Users/philipbankier/Content/Grok IMagine/greymaker/GrokVault/2025-12-20_Auto/48a87879-a681-4e9c-bca5-c425911257c3.png,2025-12-20_Auto/48a87879-a681-4e9c-bca5-c425911257c3.png,290152,.png,image,3cb480df758c00e38d5aa5e3010c96305a8151988f4f252dc6dae7baee8170cc,2025-12-20T23:15:56.248Z,2025-12-20T23:15:56.323Z,48a87879-a681-4e9c-bca5-c425911257c3,48a87879-a681-4e9c-bca5-c425911257c3,false,,,ok,jpeg
GrokVault,full-vault-scan,/Users/philipbankier/Content/Grok IMagine/greymaker/GrokVault/2025-12-20_Auto/48b68104-aceb-4a24-875a-88688aef9bfb.mp4,2025-12-20_Auto/48b68104-aceb-4a24-875a-88688aef9bfb.mp4,945781,.mp4,video,8f8a8a890b1fe56255ad1a61a712138df10e3469ef03034a7bcd2ccf5f7174a4,2025-12-20T22:48:12.823Z,2025-12-20T22:48:12.824Z,48b68104-aceb-4a24-875a-88688aef9bfb,48b68104-aceb-4a24-875a-88688aef9bfb,false,,,ok,mp4-family
GrokVault,full-vault-scan,/Users/philipbankier/Content/Grok IMagine/greymaker/GrokVault/2025-12-20_Auto/48e95d30-4bb5-46f3-85ec-356e872c91cc.png,2025-12-20_Auto/48e95d30-4bb5-46f3-85ec-356e872c91cc.png,251552,.png,image,65009721aa1541ea3a71da97565aac72664ed85b920cf74f3a25ce97866b1131,2025-12-20T21:38:55.103Z,2025-12-20T21:38:55.167Z,48e95d30-4bb5-46f3-85ec-356e872c91cc,48e95d30-4bb5-46f3-85ec-356e872c91cc,false,,,ok,jpeg
GrokVault,full-vault-scan,/Users/philipbankier/Content/Grok IMagine/greymaker/GrokVault/2025-12-20_Auto/4924f11b-7dc0-449f-8337-ff7602fc80b5.mp4,2025-12-20_Auto/4924f11b-7dc0-449f-8337-ff7602fc80b5.mp4,1317890,.mp4,video,e8f7d4053c004e07c875d1e5cd482758dc2591b97b8042fe0791abe8938b0520,2025-12-20T23:32:36.266Z,2025-12-20T23:32:36.267Z,4924f11b-7dc0-449f-8337-ff7602fc80b5,4924f11b-7dc0-449f-8337-ff7602fc80b5,false,,,ok,mp4-family
GrokVault,full-vault-scan,/Users/philipbankier/Content/Grok IMagine/greymaker/GrokVault/2025-12-20_Auto/4933e9a8-3a6e-4481-981d-f69029d18bf6.png,2025-12-20_Auto/4933e9a8-3a6e-4481-981d-f69029d18bf6.png,384268,.png,image,f0649a2f10e073de3663be4566aae58032bac752ccb54f47458a3b48139327e7,2025-12-20T03:57:03.169Z,2025-12-20T03:57:03.173Z,4933e9a8-3a6e-4481-981d-f69029d18bf6,4933e9a8-3a6e-4481-981d-f69029d18bf6,false,,,ok,jpeg
GrokVault,full-vault-scan,/Users/philipbankier/Content/Grok IMagine/greymaker/GrokVault/2025-12-20_Auto/49a568fa-482a-41a1-835c-01b5fdbeeb17.png,2025-12-20_Auto/49a568fa-482a-41a1-835c-01b5fdbeeb17.png,203789,.png,image,a32bb7bd312fa584576d4f4837d3314eec176bdd756c74c05ae81184e8091689,2025-12-20T22:09:40.155Z,2025-12-20T22:09:40.214Z,49a568fa-482a-41a1-835c-01b5fdbeeb17,49a568fa-482a-41a1-835c-01b5fdbeeb17,false,,,ok,jpeg
GrokVault,full-vault-scan,/Users/philipbankier/Content/Grok IMagine/greymaker/GrokVault/2025-12-20_Auto/49c6232f-a123-44ba-bb83-ed3e4d357580.mp4,2025-12-20_Auto/49c6232f-a123-44ba-bb83-ed3e4d357580.mp4,1939333,.mp4,video,abff13c61a35361c185fabbfe55f089cce3d76d3bebe7a968d572a31473237bd,2025-12-20T23:53:56.279Z,2025-12-20T23:53:56.281Z,49c6232f-a123-44ba-bb83-ed3e4d357580,49c6232f-a123-44ba-bb83-ed3e4d357580,false,,,ok,mp4-family
GrokVault,full-vault-scan,/Users/philipbankier/Content/Grok IMagine/greymaker/GrokVault/2025-12-20_Auto/49d35043-19c2-4640-8477-aadc777c3e1d.mp4,2025-12-20_Auto/49d35043-19c2-4640-8477-aadc777c3e1d.mp4,1837973,.mp4,video,57a61994a437fe084815ab955afbea76787fed5992e1af67d60583e7ee4854a6,2025-12-20T04:29:55.875Z,2025-12-20T04:29:55.876Z,49d35043-19c2-4640-8477-aadc777c3e1d,49d35043-19c2-4640-8477-aadc777c3e1d,false,,,ok,mp4-family
GrokVault,full-vault-scan,/Users/philipbankier/Content/Grok IMagine/greymaker/GrokVault/2025-12-20_Auto/49e3982c-13fc-4f0a-a3ed-db76c4902769.png,2025-12-20_Auto/49e3982c-13fc-4f0a-a3ed-db76c4902769.png,208915,.png,image,b1636557b20cd383e0d9a1cee260774022bf2878ed3d685e494426a06158c9f9,2025-12-20T04:40:07.999Z,2025-12-20T04:40:08.000Z,49e3982c-13fc-4f0a-a3ed-db76c4902769,49e3982c-13fc-4f0a-a3ed-db76c4902769,false,,,ok,jpeg
GrokVault,full-vault-scan,/Users/philipbankier/Content/Grok IMagine/greymaker/GrokVault/2025-12-20_Auto/49fd6bb5-0552-4225-8062-9a2464e64b1e.mp4,2025-12-20_Auto/49fd6bb5-0552-4225-8062-9a2464e64b1e.mp4,2265260,.mp4,video,f116a7d480258d5dc21a86bdece29482a91c4f752162470cf7afee89b85b8497,2025-12-20T22:12:15.832Z,2025-12-20T22:12:15.834Z,49fd6bb5-0552-4225-8062-9a2464e64b1e,49fd6bb5-0552-4225-8062-9a2464e64b1e,false,,,ok,mp4-family
GrokVault,full-vault-scan,/Users/philipbankier/Content/Grok IMagine/greymaker/GrokVault/2025-12-20_Auto/4a2d415f-1942-411f-924a-f46cd8a672fd.png,2025-12-20_Auto/4a2d415f-1942-411f-924a-f46cd8a672fd.png,347720,.png,image,55412a66d9d5777a1beeac0f1c42a3bccdaf5498ac85fcec264b1b1320e23b30,2025-12-20T22:35:41.106Z,2025-12-20T22:35:41.184Z,4a2d415f-1942-411f-924a-f46cd8a672fd,4a2d415f-1942-411f-924a-f46cd8a672fd,false,,,ok,jpeg
GrokVault,full-vault-scan,/Users/philipbankier/Content/Grok IMagine/greymaker/GrokVault/2025-12-20_Auto/4a366308-5269-41e9-891b-1833536dec83.png,2025-12-20_Auto/4a366308-5269-41e9-891b-1833536dec83.png,311734,.png,image,c708c56c82edf1b9034ab9c6c9030b0a251da22c91ae8f5381a45d1540f12269,2025-12-20T21:24:17.821Z,2025-12-20T21:24:18.136Z,4a366308-5269-41e9-891b-1833536dec83,4a366308-5269-41e9-891b-1833536dec83,false,,,ok,jpeg
GrokVault,full-vault-scan,/Users/philipbankier/Content/Grok IMagine/greymaker/GrokVault/2025-12-20_Auto/4a483415-0945-483c-b58a-b2790622c9c6.mp4,2025-12-20_Auto/4a483415-0945-483c-b58a-b2790622c9c6.mp4,1389106,.mp4,video,6f2e13d93ced0d56a146ba797444acfc5820b4da74d311833b31f81d028a6915,2025-12-20T22:18:19.428Z,2025-12-20T22:18:19.430Z,4a483415-0945-483c-b58a-b2790622c9c6,4a483415-0945-483c-b58a-b2790622c9c6,false,,,ok,mp4-family
GrokVault,full-vault-scan,/Users/philipbankier/Content/Grok IMagine/greymaker/GrokVault/2025-12-20_Auto/4a8312f6-035b-4bb8-98d5-ecf1b8b84714_hd.mp4,2025-12-20_Auto/4a8312f6-035b-4bb8-98d5-ecf1b8b84714_hd.mp4,1296213,.mp4,video,0dbe1125528bf2f84b755bebd204532f88e4b1fa2e20496b87223f92fae826ef,2025-12-20T05:51:54.429Z,2025-12-20T05:51:54.442Z,4a8312f6-035b-4bb8-98d5-ecf1b8b84714,4a8312f6-035b-4bb8-98d5-ecf1b8b84714,false,,,ok,mp4-family
GrokVault,full-vault-scan,/Users/philipbankier/Content/Grok IMagine/greymaker/GrokVault/2025-12-20_Auto/4a9b1702-8fa8-4bf0-a124-171a4a939446.mp4,2025-12-20_Auto/4a9b1702-8fa8-4bf0-a124-171a4a939446.mp4,1959761,.mp4,video,a0cf82acef77e26795202b27d47ae5b16a1b5490c338bc92ebb767e6312f0827,2025-12-20T21:54:42.786Z,2025-12-20T21:54:42.788Z,4a9b1702-8fa8-4bf0-a124-171a4a939446,4a9b1702-8fa8-4bf0-a124-171a4a939446,false,,,ok,mp4-family
GrokVault,full-vault-scan,/Users/philipbankier/Content/Grok IMagine/greymaker/GrokVault/2025-12-20_Auto/4acb086c-66e3-4f16-8b9c-14eab9c71f52.png,2025-12-20_Auto/4acb086c-66e3-4f16-8b9c-14eab9c71f52.png,147215,.png,image,863dcc27a42b07ce8c51be7b7b83644e7eafcdfc6c5e15c6b58a3e13262f1e46,2025-12-20T23:16:10.766Z,2025-12-20T23:16:10.826Z,4acb086c-66e3-4f16-8b9c-14eab9c71f52,4acb086c-66e3-4f16-8b9c-14eab9c71f52,false,,,ok,jpeg
GrokVault,full-vault-scan,/Users/philipbankier/Content/Grok IMagine/greymaker/GrokVault/2025-12-20_Auto/4b0fb768-a665-4627-a7ee-dfe679c68317.mp4,2025-12-20_Auto/4b0fb768-a665-4627-a7ee-dfe679c68317.mp4,2084523,.mp4,video,bc74d2d2f20249cdbb32cae20167cad5f10dc68173dedcd71d00c2c4bdf1ec3c,2025-12-20T05:01:38.803Z,2025-12-20T05:01:38.805Z,4b0fb768-a665-4627-a7ee-dfe679c68317,4b0fb768-a665-4627-a7ee-dfe679c68317,false,,,ok,mp4-family
GrokVault,full-vault-scan,/Users/philipbankier/Content/Grok IMagine/greymaker/GrokVault/2025-12-20_Auto/4b1afe39-36d4-40fe-8685-53e168987628.mp4,2025-12-20_Auto/4b1afe39-36d4-40fe-8685-53e168987628.mp4,1835265,.mp4,video,2477e502f596b2f0399a6f3e601d7350b64f1e525fb213020709ce4465e5df7c,2025-12-20T05:20:09.954Z,2025-12-20T05:20:09.955Z,4b1afe39-36d4-40fe-8685-53e168987628,4b1afe39-36d4-40fe-8685-53e168987628,false,,,ok,mp4-family
GrokVault,full-vault-scan,/Users/philipbankier/Content/Grok IMagine/greymaker/GrokVault/2025-12-20_Auto/4b7ad8c3-f33f-45f6-8a34-13764b02b349.png,2025-12-20_Auto/4b7ad8c3-f33f-45f6-8a34-13764b02b349.png,271933,.png,image,3542d11e9a27b963ae38773b718e21f030725d53a141134620daba4e516de59c,2025-12-20T22:15:54.308Z,2025-12-20T22:15:54.371Z,4b7ad8c3-f33f-45f6-8a34-13764b02b349,4b7ad8c3-f33f-45f6-8a34-13764b02b349,false,,,ok,jpeg
GrokVault,full-vault-scan,/Users/philipbankier/Content/Grok IMagine/greymaker/GrokVault/2025-12-20_Auto/4b802638-67ac-4c8c-ac5e-8a085a2f1b1b.mp4,2025-12-20_Auto/4b802638-67ac-4c8c-ac5e-8a085a2f1b1b.mp4,1997241,.mp4,video,2fe17f939fbc7f1bd8ff2ce390a44fbd1d82928309d8b270ff13d40b47d1fe2f,2025-12-20T23:45:09.195Z,2025-12-20T23:45:09.197Z,4b802638-67ac-4c8c-ac5e-8a085a2f1b1b,4b802638-67ac-4c8c-ac5e-8a085a2f1b1b,false,,,ok,mp4-family
GrokVault,full-vault-scan,/Users/philipbankier/Content/Grok IMagine/greymaker/GrokVault/2025-12-20_Auto/4b848512-db27-4ccf-bb8e-f5ded1ad48c5.png,2025-12-20_Auto/4b848512-db27-4ccf-bb8e-f5ded1ad48c5.png,240439,.png,image,e4f335f1e297b8fafd5983e3e73c1f0e5aef338ce74f9da02b1f1a93ac870fa5,2025-12-20T22:06:30.281Z,2025-12-20T22:06:30.340Z,4b848512-db27-4ccf-bb8e-f5ded1ad48c5,4b848512-db27-4ccf-bb8e-f5ded1ad48c5,false,,,ok,jpeg
GrokVault,full-vault-scan,/Users/philipbankier/Content/Grok IMagine/greymaker/GrokVault/2025-12-20_Auto/4bcb0636-a967-408b-81e7-b3679870411d.mp4,2025-12-20_Auto/4bcb0636-a967-408b-81e7-b3679870411d.mp4,1386515,.mp4,video,4543927df600f142f6aa1c37d2b17a17d02adb4998f2a34c6ec9f8d09302536e,2025-12-20T22:20:13.594Z,2025-12-20T22:20:13.596Z,4bcb0636-a967-408b-81e7-b3679870411d,4bcb0636-a967-408b-81e7-b3679870411d,false,,,ok,mp4-family
GrokVault,full-vault-scan,/Users/philipbankier/Content/Grok IMagine/greymaker/GrokVault/2025-12-20_Auto/4bcc5325-1c40-4d6b-bb5d-8717a421ee8e.mp4,2025-12-20_Auto/4bcc5325-1c40-4d6b-bb5d-8717a421ee8e.mp4,1529586,.mp4,video,4a24fdbebd322578d8eff063f6b8c9ba525cecea9555523592eda3da9e83cd48,2025-12-20T04:46:10.431Z,2025-12-20T04:46:10.433Z,4bcc5325-1c40-4d6b-bb5d-8717a421ee8e,4bcc5325-1c40-4d6b-bb5d-8717a421ee8e,false,,,ok,mp4-family
GrokVault,full-vault-scan,/Users/philipbankier/Content/Grok IMagine/greymaker/GrokVault/2025-12-20_Auto/4bd753f2-c42b-486a-a0dc-480d3e6b05cb.mp4,2025-12-20_Auto/4bd753f2-c42b-486a-a0dc-480d3e6b05cb.mp4,2072427,.mp4,video,e95bd10efd47894ce4b264ab888584a161fc40d5ec58c82bb4e0bba64a62ddca,2025-12-20T23:46:48.621Z,2025-12-20T23:46:48.623Z,4bd753f2-c42b-486a-a0dc-480d3e6b05cb,4bd753f2-c42b-486a-a0dc-480d3e6b05cb,false,,,ok,mp4-family
GrokVault,full-vault-scan,/Users/philipbankier/Content/Grok IMagine/greymaker/GrokVault/2025-12-20_Auto/4be05caf-1870-48ea-9b2e-084cf11e3512.mp4,2025-12-20_Auto/4be05caf-1870-48ea-9b2e-084cf11e3512.mp4,1190985,.mp4,video,1b5155626f2ca8bdfca66e04de04091679145a6ea85217b0d14a99ff5d568341,2025-12-20T22:26:38.066Z,2025-12-20T22:26:38.067Z,4be05caf-1870-48ea-9b2e-084cf11e3512,4be05caf-1870-48ea-9b2e-084cf11e3512,false,,,ok,mp4-family
GrokVault,full-vault-scan,/Users/philipbankier/Content/Grok IMagine/greymaker/GrokVault/2025-12-20_Auto/4c107293-1232-4506-a899-61a1fc76c563.png,2025-12-20_Auto/4c107293-1232-4506-a899-61a1fc76c563.png,468849,.png,image,1046bf590f2e1188b21e31900e0c9da5fa854012f311a9709bdbf6a147b3f5d8,2025-12-20T23:09:52.959Z,2025-12-20T23:09:53.049Z,4c107293-1232-4506-a899-61a1fc76c563,4c107293-1232-4506-a899-61a1fc76c563,false,,,ok,jpeg
GrokVault,full-vault-scan,/Users/philipbankier/Content/Grok IMagine/greymaker/GrokVault/2025-12-20_Auto/4c194bc7-48de-4861-b9a5-fca48ba6ca34.png,2025-12-20_Auto/4c194bc7-48de-4861-b9a5-fca48ba6ca34.png,220572,.png,image,f4dc1c439f49285f8029e4d6505baf2c6c928ef5c34c11914e8758b00369318f,2025-12-20T04:06:52.561Z,2025-12-20T04:06:52.565Z,4c194bc7-48de-4861-b9a5-fca48ba6ca34,4c194bc7-48de-4861-b9a5-fca48ba6ca34,false,,,ok,jpeg
GrokVault,full-vault-scan,/Users/philipbankier/Content/Grok IMagine/greymaker/GrokVault/2025-12-20_Auto/4c51e87d-14fb-4fbd-a8bb-c85385c76ef9.png,2025-12-20_Auto/4c51e87d-14fb-4fbd-a8bb-c85385c76ef9.png,259316,.png,image,e215d5c0f78c0c7dec4b4031b6b9df157300e11b948c564a5b7d3c2369bd3e9c,2025-12-20T23:28:46.986Z,2025-12-20T23:28:47.051Z,4c51e87d-14fb-4fbd-a8bb-c85385c76ef9,4c51e87d-14fb-4fbd-a8bb-c85385c76ef9,false,,,ok,jpeg
GrokVault,full-vault-scan,/Users/philipbankier/Content/Grok IMagine/greymaker/GrokVault/2025-12-20_Auto/4c9c67d1-8f6f-4581-a115-77427657d900.mp4,2025-12-20_Auto/4c9c67d1-8f6f-4581-a115-77427657d900.mp4,2065947,.mp4,video,e8bc036fa8b0d53d88d8c6e391d7e1fa2a5e58997626ff655fc1d36600d8db09,2025-12-20T21:03:57.362Z,2025-12-20T21:03:57.364Z,4c9c67d1-8f6f-4581-a115-77427657d900,4c9c67d1-8f6f-4581-a115-77427657d900,false,,,ok,mp4-family
GrokVault,full-vault-scan,/Users/philipbankier/Content/Grok IMagine/greymaker/GrokVault/2025-12-20_Auto/4ca9a48c-5eb1-410c-a70f-4fc7b2318491.png,2025-12-20_Auto/4ca9a48c-5eb1-410c-a70f-4fc7b2318491.png,276999,.png,image,a5f2542fc10cf476ebe2a91e064a6a23571456b84ebbf13e2ad8a7eee799a2b8,2025-12-20T23:27:48.812Z,2025-12-20T23:27:48.871Z,4ca9a48c-5eb1-410c-a70f-4fc7b2318491,4ca9a48c-5eb1-410c-a70f-4fc7b2318491,false,,,ok,jpeg
GrokVault,full-vault-scan,/Users/philipbankier/Content/Grok IMagine/greymaker/GrokVault/2025-12-20_Auto/4cc129d4-4ea3-4f03-8744-72bbc2574391.mp4,2025-12-20_Auto/4cc129d4-4ea3-4f03-8744-72bbc2574391.mp4,2172488,.mp4,video,9796611663b86b02f655c20419cb95df582c1836215e9416a7bf2298cfdbb268,2025-12-20T04:22:46.851Z,2025-12-20T04:22:46.853Z,4cc129d4-4ea3-4f03-8744-72bbc2574391,4cc129d4-4ea3-4f03-8744-72bbc2574391,false,,,ok,mp4-family
GrokVault,full-vault-scan,/Users/philipbankier/Content/Grok IMagine/greymaker/GrokVault/2025-12-20_Auto/4d014c64-4314-426e-a477-97e6fce83bf9.mp4,2025-12-20_Auto/4d014c64-4314-426e-a477-97e6fce83bf9.mp4,2279533,.mp4,video,81e7221d3ccea1760140d967ca413ad6d98c5233d5f48c5e6d02c746d29f7ca5,2025-12-20T03:21:38.236Z,2025-12-20T03:21:38.238Z,4d014c64-4314-426e-a477-97e6fce83bf9,4d014c64-4314-426e-a477-97e6fce83bf9,false,,,ok,mp4-family
GrokVault,full-vault-scan,/Users/philipbankier/Content/Grok IMagine/greymaker/GrokVault/2025-12-20_Auto/4d44af90-7e6c-48fc-a5e9-8aa4379f5b2d.png,2025-12-20_Auto/4d44af90-7e6c-48fc-a5e9-8aa4379f5b2d.png,250280,.png,image,0bb4528ffff0320a3aa921b50d31c96f2ad9d5b6d338cf79ef73e3338afe7a88,2025-12-20T23:23:09.851Z,2025-12-20T23:23:09.917Z,4d44af90-7e6c-48fc-a5e9-8aa4379f5b2d,4d44af90-7e6c-48fc-a5e9-8aa4379f5b2d,false,,,ok,jpeg
GrokVault,full-vault-scan,/Users/philipbankier/Content/Grok IMagine/greymaker/GrokVault/2025-12-20_Auto/4d8d487b-80e8-4392-beec-8cd720af66a6.mp4,2025-12-20_Auto/4d8d487b-80e8-4392-beec-8cd720af66a6.mp4,2026194,.mp4,video,7ffd2ff808180f7dd715cc28cf33e5146659d6d77884fbaf719b52a6d370c264,2025-12-20T22:10:50.566Z,2025-12-20T22:10:50.568Z,4d8d487b-80e8-4392-beec-8cd720af66a6,4d8d487b-80e8-4392-beec-8cd720af66a6,false,,,ok,mp4-family
GrokVault,full-vault-scan,/Users/philipbankier/Content/Grok IMagine/greymaker/GrokVault/2025-12-20_Auto/4e5ec707-1e75-41f1-9b3e-5a9a06a422d3.mp4,2025-12-20_Auto/4e5ec707-1e75-41f1-9b3e-5a9a06a422d3.mp4,1663312,.mp4,video,fcd4964ff62c929c1f6cca59b27f9359bc51a82389a86f978f8fec08fc6be37c,2025-12-20T21:38:40.534Z,2025-12-20T21:38:40.537Z,4e5ec707-1e75-41f1-9b3e-5a9a06a422d3,4e5ec707-1e75-41f1-9b3e-5a9a06a422d3,false,,,ok,mp4-family
GrokVault,full-vault-scan,/Users/philipbankier/Content/Grok IMagine/greymaker/GrokVault/2025-12-20_Auto/4e626d00-746e-494e-bdf6-6a2f830dec69.mp4,2025-12-20_Auto/4e626d00-746e-494e-bdf6-6a2f830dec69.mp4,2880856,.mp4,video,736c1d63594ba02b06b3e1a152f05f936296c04b0f5a404e0f502cc0cea93b0b,2025-12-20T03:27:41.029Z,2025-12-20T03:27:41.031Z,4e626d00-746e-494e-bdf6-6a2f830dec69,4e626d00-746e-494e-bdf6-6a2f830dec69,false,,,ok,mp4-family
GrokVault,full-vault-scan,/Users/philipbankier/Content/Grok IMagine/greymaker/GrokVault/2025-12-20_Auto/4e8c7748-04ba-4b5f-967d-a57db94e81e5.mp4,2025-12-20_Auto/4e8c7748-04ba-4b5f-967d-a57db94e81e5.mp4,1549583,.mp4,video,4462f6523e395ef3b46651ffd74b61fc4bc7c1d0aed1a48520dbdd8fe0b711b7,2025-12-20T04:31:28.133Z,2025-12-20T04:31:28.134Z,4e8c7748-04ba-4b5f-967d-a57db94e81e5,4e8c7748-04ba-4b5f-967d-a57db94e81e5,false,,,ok,mp4-family
GrokVault,full-vault-scan,/Users/philipbankier/Content/Grok IMagine/greymaker/GrokVault/2025-12-20_Auto/4ed0d913-34e2-4bda-a559-c9b68fab833f.png,2025-12-20_Auto/4ed0d913-34e2-4bda-a559-c9b68fab833f.png,227382,.png,image,306216eecd325d1b247dd2d542dd48c051efd1d6bdd90a52c69a1bba2c5d2ece,2025-12-20T20:56:31.258Z,2025-12-20T20:56:31.316Z,4ed0d913-34e2-4bda-a559-c9b68fab833f,4ed0d913-34e2-4bda-a559-c9b68fab833f,false,,,ok,jpeg
GrokVault,full-vault-scan,/Users/philipbankier/Content/Grok IMagine/greymaker/GrokVault/2025-12-20_Auto/4ef43660-6e9e-4803-8e15-e022695e8b1d.png,2025-12-20_Auto/4ef43660-6e9e-4803-8e15-e022695e8b1d.png,406801,.png,image,d55859dfb7b0f8349ae74828f27f024fe173dd68c068d01d10b21d4ab7f6bee0,2025-12-20T23:10:07.224Z,2025-12-20T23:10:07.300Z,4ef43660-6e9e-4803-8e15-e022695e8b1d,4ef43660-6e9e-4803-8e15-e022695e8b1d,false,,,ok,jpeg
GrokVault,full-vault-scan,/Users/philipbankier/Content/Grok IMagine/greymaker/GrokVault/2025-12-20_Auto/4f2be6c1-f2d1-4f15-b489-6f2ffbf9fed5.mp4,2025-12-20_Auto/4f2be6c1-f2d1-4f15-b489-6f2ffbf9fed5.mp4,1671901,.mp4,video,e7dc72822751560cfa1045bda2fed57c0e56597424db2a429731148a58707765,2025-12-20T23:51:47.408Z,2025-12-20T23:51:47.410Z,4f2be6c1-f2d1-4f15-b489-6f2ffbf9fed5,4f2be6c1-f2d1-4f15-b489-6f2ffbf9fed5,false,,,ok,mp4-family
GrokVault,full-vault-scan,/Users/philipbankier/Content/Grok IMagine/greymaker/GrokVault/2025-12-20_Auto/4f4cf926-3498-4c1c-8cf4-a8955f91f613.mp4,2025-12-20_Auto/4f4cf926-3498-4c1c-8cf4-a8955f91f613.mp4,1987466,.mp4,video,544b36088405a36e5db94c17d2ab5d320e3c421d4806bae4a0f87e75ad725bf3,2025-12-20T23:49:53.290Z,2025-12-20T23:49:53.293Z,4f4cf926-3498-4c1c-8cf4-a8955f91f613,4f4cf926-3498-4c1c-8cf4-a8955f91f613,false,,,ok,mp4-family
GrokVault,full-vault-scan,/Users/philipbankier/Content/Grok IMagine/greymaker/GrokVault/2025-12-20_Auto/4f5e19ed-9619-4bd8-a8c7-ff958d67f9ee.mp4,2025-12-20_Auto/4f5e19ed-9619-4bd8-a8c7-ff958d67f9ee.mp4,1185607,.mp4,video,c682884dc3a8d3831520d4f4a91e611018a83ccccc50f06676bc4fc4ad01d763,2025-12-20T22:46:03.955Z,2025-12-20T22:46:03.957Z,4f5e19ed-9619-4bd8-a8c7-ff958d67f9ee,4f5e19ed-9619-4bd8-a8c7-ff958d67f9ee,false,,,ok,mp4-family
GrokVault,full-vault-scan,/Users/philipbankier/Content/Grok IMagine/greymaker/GrokVault/2025-12-20_Auto/4f6d778b-421d-40c1-b258-a643c18a1fdf.mp4,2025-12-20_Auto/4f6d778b-421d-40c1-b258-a643c18a1fdf.mp4,1728214,.mp4,video,c33ca074609f19dbd84ef5e58ba520a5035b690fdc82955479501e328dce7f70,2025-12-20T23:41:36.651Z,2025-12-20T23:41:36.653Z,4f6d778b-421d-40c1-b258-a643c18a1fdf,4f6d778b-421d-40c1-b258-a643c18a1fdf,false,,,ok,mp4-family
GrokVault,full-vault-scan,/Users/philipbankier/Content/Grok IMagine/greymaker/GrokVault/2025-12-20_Auto/4f7fc971-835c-45e6-ae50-ef21c6f0078e.mp4,2025-12-20_Auto/4f7fc971-835c-45e6-ae50-ef21c6f0078e.mp4,1667792,.mp4,video,5b5014016f50c6a1a4f4e2690a50e9106f572665857f0682cecfb1cd191d6448,2025-12-20T23:35:41.196Z,2025-12-20T23:35:41.198Z,4f7fc971-835c-45e6-ae50-ef21c6f0078e,4f7fc971-835c-45e6-ae50-ef21c6f0078e,false,,,ok,mp4-family
GrokVault,full-vault-scan,/Users/philipbankier/Content/Grok IMagine/greymaker/GrokVault/2025-12-20_Auto/4fc997ea-1b7a-4956-9b9b-c3156630c544.mp4,2025-12-20_Auto/4fc997ea-1b7a-4956-9b9b-c3156630c544.mp4,1274109,.mp4,video,a603869eb07699c17e42c94ea9a8031a9eb0ad8f4bc1c9a4deca0d4a596cf9a8,2025-12-20T23:38:45.998Z,2025-12-20T23:38:45.999Z,4fc997ea-1b7a-4956-9b9b-c3156630c544,4fc997ea-1b7a-4956-9b9b-c3156630c544,false,,,ok,mp4-family
GrokVault,full-vault-scan,/Users/philipbankier/Content/Grok IMagine/greymaker/GrokVault/2025-12-20_Auto/503a0bf5-f0ae-4887-b1b9-c7d1312d493a.png,2025-12-20_Auto/503a0bf5-f0ae-4887-b1b9-c7d1312d493a.png,253536,.png,image,5aebfa79e99b2566e3ea96dbb3218b2f220a50161a7004328c923f431523e72a,2025-12-20T23:02:57.376Z,2025-12-20T23:02:57.435Z,503a0bf5-f0ae-4887-b1b9-c7d1312d493a,503a0bf5-f0ae-4887-b1b9-c7d1312d493a,false,,,ok,jpeg
GrokVault,full-vault-scan,/Users/philipbankier/Content/Grok IMagine/greymaker/GrokVault/2025-12-20_Auto/505e9bae-fb74-45dd-acdd-34c463291d8f.png,2025-12-20_Auto/505e9bae-fb74-45dd-acdd-34c463291d8f.png,233831,.png,image,68b9be948c4b04b34324761b63d947989da3791f5bbbf67af536cfa28c3df756,2025-12-20T23:18:19.673Z,2025-12-20T23:18:19.732Z,505e9bae-fb74-45dd-acdd-34c463291d8f,505e9bae-fb74-45dd-acdd-34c463291d8f,false,,,ok,jpeg
GrokVault,full-vault-scan,/Users/philipbankier/Content/Grok IMagine/greymaker/GrokVault/2025-12-20_Auto/509d8a8d-2013-4265-b0ff-da1de4a0b81b.mp4,2025-12-20_Auto/509d8a8d-2013-4265-b0ff-da1de4a0b81b.mp4,1436338,.mp4,video,a0b30a795b50b353f486eb37556b71fbaa48cde6f37f03391b8391c18c82d767,2025-12-20T23:04:07.973Z,2025-12-20T23:04:07.974Z,509d8a8d-2013-4265-b0ff-da1de4a0b81b,509d8a8d-2013-4265-b0ff-da1de4a0b81b,false,,,ok,mp4-family
GrokVault,full-vault-scan,/Users/philipbankier/Content/Grok IMagine/greymaker/GrokVault/2025-12-20_Auto/50bb56db-5a8d-4b61-8049-b1e637072420.png,2025-12-20_Auto/50bb56db-5a8d-4b61-8049-b1e637072420.png,228599,.png,image,1b6a3c61bd9be406b5f8b7647a9ba77786d5c53a05de47b8ab8238fa588c82dc,2025-12-20T22:07:13.900Z,2025-12-20T22:07:13.960Z,50bb56db-5a8d-4b61-8049-b1e637072420,50bb56db-5a8d-4b61-8049-b1e637072420,false,,,ok,jpeg
GrokVault,full-vault-scan,/Users/philipbankier/Content/Grok IMagine/greymaker/GrokVault/2025-12-20_Auto/50e72a97-db34-4714-b2be-0595accac619.mp4,2025-12-20_Auto/50e72a97-db34-4714-b2be-0595accac619.mp4,1552010,.mp4,video,cbc589259b995d073c10bc4939cd0316edf24aad18f09f21858dbf3423d9da3e,2025-12-20T22:04:49.263Z,2025-12-20T22:04:49.264Z,50e72a97-db34-4714-b2be-0595accac619,50e72a97-db34-4714-b2be-0595accac619,false,,,ok,mp4-family
GrokVault,full-vault-scan,/Users/philipbankier/Content/Grok IMagine/greymaker/GrokVault/2025-12-20_Auto/51008095-8ed7-4217-b414-1b822fcb59e9.mp4,2025-12-20_Auto/51008095-8ed7-4217-b414-1b822fcb59e9.mp4,1668928,.mp4,video,c0f337054bfbda94ee26d932885eed88e4f2f4ea3a83aeb675b06f50d9a9916f,2025-12-20T22:19:16.759Z,2025-12-20T22:19:16.761Z,51008095-8ed7-4217-b414-1b822fcb59e9,51008095-8ed7-4217-b414-1b822fcb59e9,false,,,ok,mp4-family
GrokVault,full-vault-scan,/Users/philipbankier/Content/Grok IMagine/greymaker/GrokVault/2025-12-20_Auto/512852a3-c35b-4f7a-80e7-a715328a8d47.png,2025-12-20_Auto/512852a3-c35b-4f7a-80e7-a715328a8d47.png,248921,.png,image,37cbe6e4ceee0472f53be1b5fb32c5833713f19c062076393a57a89613a37faa,2025-12-20T05:19:24.317Z,2025-12-20T05:19:24.321Z,512852a3-c35b-4f7a-80e7-a715328a8d47,512852a3-c35b-4f7a-80e7-a715328a8d47,false,,,ok,jpeg
GrokVault,full-vault-scan,/Users/philipbankier/Content/Grok IMagine/greymaker/GrokVault/2025-12-20_Auto/51e5dfb7-fb41-4192-8106-ca436c6df36c.png,2025-12-20_Auto/51e5dfb7-fb41-4192-8106-ca436c6df36c.png,217784,.png,image,1a4cea1fb9ec2fb0d996a13c6bb6b6b74f9aa378de5b086e1097898952ae1805,2025-12-20T21:18:59.601Z,2025-12-20T21:18:59.660Z,51e5dfb7-fb41-4192-8106-ca436c6df36c,51e5dfb7-fb41-4192-8106-ca436c6df36c,false,,,ok,jpeg
GrokVault,full-vault-scan,/Users/philipbankier/Content/Grok IMagine/greymaker/GrokVault/2025-12-20_Auto/527d8861-e9e1-4407-8692-594fa664c889.png,2025-12-20_Auto/527d8861-e9e1-4407-8692-594fa664c889.png,231142,.png,image,55a96b2799c8e54cbb3ca70ce19c53e2aab769cb79c92a0b5ed5f6c613989b1b,2025-12-20T05:17:54.069Z,2025-12-20T05:17:54.071Z,527d8861-e9e1-4407-8692-594fa664c889,527d8861-e9e1-4407-8692-594fa664c889,false,,,ok,jpeg
GrokVault,full-vault-scan,/Users/philipbankier/Content/Grok IMagine/greymaker/GrokVault/2025-12-20_Auto/529249fc-70dc-4ab7-9b56-b492703e67ca.png,2025-12-20_Auto/529249fc-70dc-4ab7-9b56-b492703e67ca.png,276503,.png,image,ec9549cfc2b091eb8de226245ccf19ce7ba38cbf017e73f49be58f67db91239a,2025-12-20T22:03:51.983Z,2025-12-20T22:03:52.047Z,529249fc-70dc-4ab7-9b56-b492703e67ca,529249fc-70dc-4ab7-9b56-b492703e67ca,false,,,ok,jpeg
GrokVault,full-vault-scan,/Users/philipbankier/Content/Grok IMagine/greymaker/GrokVault/2025-12-20_Auto/52ae16f4-8ce3-4751-a271-2cc77433c21d.mp4,2025-12-20_Auto/52ae16f4-8ce3-4751-a271-2cc77433c21d.mp4,975058,.mp4,video,0a2b0de086c132b641f4cfabb616f1092c4585b3cd3bd3bbc3c67fa6fc7b1aa4,2025-12-20T23:01:17.142Z,2025-12-20T23:01:17.143Z,52ae16f4-8ce3-4751-a271-2cc77433c21d,52ae16f4-8ce3-4751-a271-2cc77433c21d,false,,,ok,mp4-family
GrokVault,full-vault-scan,/Users/philipbankier/Content/Grok IMagine/greymaker/GrokVault/2025-12-20_Auto/52baf871-c8ad-481b-b3ea-d669c9572dff.mp4,2025-12-20_Auto/52baf871-c8ad-481b-b3ea-d669c9572dff.mp4,1636480,.mp4,video,d7556857f7be3770560f9857a7ff46fa5379d611ce82749f5fcbdc62271d8c20,2025-12-20T23:54:25.053Z,2025-12-20T23:54:25.055Z,52baf871-c8ad-481b-b3ea-d669c9572dff,52baf871-c8ad-481b-b3ea-d669c9572dff,false,,,ok,mp4-family
GrokVault,full-vault-scan,/Users/philipbankier/Content/Grok IMagine/greymaker/GrokVault/2025-12-20_Auto/52cdc6cb-3e18-4bca-b867-ddb40609d6af.png,2025-12-20_Auto/52cdc6cb-3e18-4bca-b867-ddb40609d6af.png,219953,.png,image,329eba965008476ef186d6ba8c3af2fae69ab1cf2bba3e0ddba1fe6947c62843,2025-12-20T22:14:12.966Z,2025-12-20T22:14:13.221Z,52cdc6cb-3e18-4bca-b867-ddb40609d6af,52cdc6cb-3e18-4bca-b867-ddb40609d6af,false,,,ok,jpeg
GrokVault,full-vault-scan,/Users/philipbankier/Content/Grok IMagine/greymaker/GrokVault/2025-12-20_Auto/52d038e4-1c8d-4171-8c6d-09f22b87b6f1.png,2025-12-20_Auto/52d038e4-1c8d-4171-8c6d-09f22b87b6f1.png,409523,.png,image,fe9df6e5cad0654dab29cb9589a012a96ec42d55445128d107f1734637bad12a,2025-12-20T04:18:38.769Z,2025-12-20T04:18:38.775Z,52d038e4-1c8d-4171-8c6d-09f22b87b6f1,52d038e4-1c8d-4171-8c6d-09f22b87b6f1,false,,,ok,jpeg
GrokVault,full-vault-scan,/Users/philipbankier/Content/Grok IMagine/greymaker/GrokVault/2025-12-20_Auto/52ef9458-e91b-471a-b1fd-0f15a9c92216.png,2025-12-20_Auto/52ef9458-e91b-471a-b1fd-0f15a9c92216.png,291497,.png,image,b7679d4d5545833a0b8ec6d9615dcdb08743247b7ee058a82b65ab1822685722,2025-12-20T21:48:59.254Z,2025-12-20T21:48:59.316Z,52ef9458-e91b-471a-b1fd-0f15a9c92216,52ef9458-e91b-471a-b1fd-0f15a9c92216,false,,,ok,jpeg
GrokVault,full-vault-scan,/Users/philipbankier/Content/Grok IMagine/greymaker/GrokVault/2025-12-20_Auto/534007ac-5671-4ae4-a059-71aa5bf6ff47.mp4,2025-12-20_Auto/534007ac-5671-4ae4-a059-71aa5bf6ff47.mp4,1026480,.mp4,video,79209b90011cc1832d568152385f477840aec5fb951a998386dc988135423f1f,2025-12-20T22:45:34.381Z,2025-12-20T22:45:34.382Z,534007ac-5671-4ae4-a059-71aa5bf6ff47,534007ac-5671-4ae4-a059-71aa5bf6ff47,false,,,ok,mp4-family
GrokVault,full-vault-scan,/Users/philipbankier/Content/Grok IMagine/greymaker/GrokVault/2025-12-20_Auto/53560956-27ee-43e8-9e72-83114044981f.png,2025-12-20_Auto/53560956-27ee-43e8-9e72-83114044981f.png,233226,.png,image,1b320061012dc209397f913dc7182af7e374e82453a82d44a3dbf5dd2575d7dd,2025-12-20T23:13:44.107Z,2025-12-20T23:13:44.172Z,53560956-27ee-43e8-9e72-83114044981f,53560956-27ee-43e8-9e72-83114044981f,false,,,ok,jpeg
GrokVault,full-vault-scan,/Users/philipbankier/Content/Grok IMagine/greymaker/GrokVault/2025-12-20_Auto/5359dcf2-de62-4507-81a6-63b0dfc7b814.png,2025-12-20_Auto/5359dcf2-de62-4507-81a6-63b0dfc7b814.png,219763,.png,image,15cfb2cea30e7191fae478496a03e51d95b0bc8c1911eee7e7fb72af16d9b63c,2025-12-20T21:02:52.078Z,2025-12-20T21:02:52.136Z,5359dcf2-de62-4507-81a6-63b0dfc7b814,5359dcf2-de62-4507-81a6-63b0dfc7b814,false,,,ok,jpeg
GrokVault,full-vault-scan,/Users/philipbankier/Content/Grok IMagine/greymaker/GrokVault/2025-12-20_Auto/5362f6e0-4fe5-423d-8a51-66972b20dbe6.png,2025-12-20_Auto/5362f6e0-4fe5-423d-8a51-66972b20dbe6.png,316170,.png,image,b3e876064bbce2e4951480c39a21441aba68924ff27be354719f3216b6e57f2e,2025-12-20T23:07:14.326Z,2025-12-20T23:07:14.410Z,5362f6e0-4fe5-423d-8a51-66972b20dbe6,5362f6e0-4fe5-423d-8a51-66972b20dbe6,false,,,ok,jpeg
GrokVault,full-vault-scan,/Users/philipbankier/Content/Grok IMagine/greymaker/GrokVault/2025-12-20_Auto/538f8f15-1298-4764-8fb1-f17f4548903f.mp4,2025-12-20_Auto/538f8f15-1298-4764-8fb1-f17f4548903f.mp4,1920722,.mp4,video,00b93dc9a89191e76ee3f416e730e84adc4aee9f473e8fd2e61071dfc1e5f489,2025-12-20T04:16:45.949Z,2025-12-20T04:16:45.951Z,538f8f15-1298-4764-8fb1-f17f4548903f,538f8f15-1298-4764-8fb1-f17f4548903f,false,,,ok,mp4-family
GrokVault,full-vault-scan,/Users/philipbankier/Content/Grok IMagine/greymaker/GrokVault/2025-12-20_Auto/53a223c9-9611-4a97-b9dd-cb0ec6d03c54.png,2025-12-20_Auto/53a223c9-9611-4a97-b9dd-cb0ec6d03c54.png,243416,.png,image,b7fa7e41f2d93b5bd111af92b2eb38faa23fc5a39f14a29f6b69f8115a2372cb,2025-12-20T05:26:57.470Z,2025-12-20T05:26:57.472Z,53a223c9-9611-4a97-b9dd-cb0ec6d03c54,53a223c9-9611-4a97-b9dd-cb0ec6d03c54,false,,,ok,jpeg
GrokVault,full-vault-scan,/Users/philipbankier/Content/Grok IMagine/greymaker/GrokVault/2025-12-20_Auto/53ee62bc-0841-4267-9677-f757e01e0057.png,2025-12-20_Auto/53ee62bc-0841-4267-9677-f757e01e0057.png,250006,.png,image,da2bfadd3b49a6609841dc9e376671a1f089f40a4da4a7cd5b8021b6b6fc84ae,2025-12-20T22:07:28.325Z,2025-12-20T22:07:28.386Z,53ee62bc-0841-4267-9677-f757e01e0057,53ee62bc-0841-4267-9677-f757e01e0057,false,,,ok,jpeg
GrokVault,full-vault-scan,/Users/philipbankier/Content/Grok IMagine/greymaker/GrokVault/2025-12-20_Auto/54612e25-b79f-4325-bf2e-a3252e43726d.png,2025-12-20_Auto/54612e25-b79f-4325-bf2e-a3252e43726d.png,243485,.png,image,21a4d258feddc9a52fc9ce67006e16070c2b1fb466aaf852bfb52cb957a8856f,2025-12-20T20:57:39.522Z,2025-12-20T20:57:39.583Z,54612e25-b79f-4325-bf2e-a3252e43726d,54612e25-b79f-4325-bf2e-a3252e43726d,false,,,ok,jpeg
GrokVault,full-vault-scan,/Users/philipbankier/Content/Grok IMagine/greymaker/GrokVault/2025-12-20_Auto/547288e5-8de9-470c-a3e5-d3bf279ce18c.png,2025-12-20_Auto/547288e5-8de9-470c-a3e5-d3bf279ce18c.png,212216,.png,image,a1668233fe2a45f7cf4d971dd515ead73ba6c04d345652aa196fae297b99bd32,2025-12-20T21:28:36.108Z,2025-12-20T21:28:36.165Z,547288e5-8de9-470c-a3e5-d3bf279ce18c,547288e5-8de9-470c-a3e5-d3bf279ce18c,false,,,ok,jpeg
GrokVault,full-vault-scan,/Users/philipbankier/Content/Grok IMagine/greymaker/GrokVault/2025-12-20_Auto/551b1e4f-2883-4b2b-9c6f-ad28ad93d33b.png,2025-12-20_Auto/551b1e4f-2883-4b2b-9c6f-ad28ad93d33b.png,367042,.png,image,99b48625affc8c578171cf8005a7cdc548df36882d3e237e18ab9c8d6d6f836e,2025-12-20T00:09:33.820Z,2025-12-20T00:09:33.827Z,551b1e4f-2883-4b2b-9c6f-ad28ad93d33b,551b1e4f-2883-4b2b-9c6f-ad28ad93d33b,false,,,ok,jpeg
GrokVault,full-vault-scan,/Users/philipbankier/Content/Grok IMagine/greymaker/GrokVault/2025-12-20_Auto/55fb3b56-99be-4b67-964e-9cffd9de8ac3.mp4,2025-12-20_Auto/55fb3b56-99be-4b67-964e-9cffd9de8ac3.mp4,2176524,.mp4,video,811e52cdd90ac42b0f8d5173a54a489d469b76e366ff0daf4da511ad932ec432,2025-12-20T00:12:18.937Z,2025-12-20T00:12:18.939Z,55fb3b56-99be-4b67-964e-9cffd9de8ac3,55fb3b56-99be-4b67-964e-9cffd9de8ac3,false,,,ok,mp4-family
GrokVault,full-vault-scan,/Users/philipbankier/Content/Grok IMagine/greymaker/GrokVault/2025-12-20_Auto/560e6553-f873-4219-829b-cb4800131b50.png,2025-12-20_Auto/560e6553-f873-4219-829b-cb4800131b50.png,312494,.png,image,a2ca4b55a954ecbbeb9cdb52c0ec621b0e2cd7fc6731f5da1a44ede24eb86718,2025-12-20T22:39:34.317Z,2025-12-20T22:39:34.382Z,560e6553-f873-4219-829b-cb4800131b50,560e6553-f873-4219-829b-cb4800131b50,false,,,ok,jpeg
GrokVault,full-vault-scan,/Users/philipbankier/Content/Grok IMagine/greymaker/GrokVault/2025-12-20_Auto/567d8f07-a93a-4f11-b82c-b6bb66a83cb6.mp4,2025-12-20_Auto/567d8f07-a93a-4f11-b82c-b6bb66a83cb6.mp4,1753107,.mp4,video,f683af34f73dcae9441e70445d3cf7d18c00cabc8ed177a808621b7bea2d8e40,2025-12-20T23:02:00.269Z,2025-12-20T23:02:00.271Z,567d8f07-a93a-4f11-b82c-b6bb66a83cb6,567d8f07-a93a-4f11-b82c-b6bb66a83cb6,false,,,ok,mp4-family
GrokVault,full-vault-scan,/Users/philipbankier/Content/Grok IMagine/greymaker/GrokVault/2025-12-20_Auto/56911743-a4c0-4bd0-a9c2-6817814c32a5.png,2025-12-20_Auto/56911743-a4c0-4bd0-a9c2-6817814c32a5.png,385249,.png,image,7e13dd289501a9020c971a9dc063f51989a0036830c6e525af718e3d9d9ff74b,2025-12-20T00:05:47.432Z,2025-12-20T00:05:47.443Z,56911743-a4c0-4bd0-a9c2-6817814c32a5,56911743-a4c0-4bd0-a9c2-6817814c32a5,false,,,ok,jpeg
GrokVault,full-vault-scan,/Users/philipbankier/Content/Grok IMagine/greymaker/GrokVault/2025-12-20_Auto/56988644-c978-42ac-8121-c5c9db7bd005.mp4,2025-12-20_Auto/56988644-c978-42ac-8121-c5c9db7bd005.mp4,1904480,.mp4,video,0fc4df52229e7c06d873f2c5850c55a5e1668dda5d8e4d3d75b702e16eef749d,2025-12-20T22:19:45.133Z,2025-12-20T22:19:45.135Z,56988644-c978-42ac-8121-c5c9db7bd005,56988644-c978-42ac-8121-c5c9db7bd005,false,,,ok,mp4-family
GrokVault,full-vault-scan,/Users/philipbankier/Content/Grok IMagine/greymaker/GrokVault/2025-12-20_Auto/56b93330-927d-4893-9020-16920dbfa4d4.png,2025-12-20_Auto/56b93330-927d-4893-9020-16920dbfa4d4.png,194627,.png,image,b5e45ea1f69e625585d94770e579f75163f7fec93a94d9b9e5e1797f3d702290,2025-12-20T04:45:26.779Z,2025-12-20T04:45:26.781Z,56b93330-927d-4893-9020-16920dbfa4d4,56b93330-927d-4893-9020-16920dbfa4d4,false,,,ok,jpeg
GrokVault,full-vault-scan,/Users/philipbankier/Content/Grok IMagine/greymaker/GrokVault/2025-12-20_Auto/56c3bb69-d5be-4282-90ea-ece5bd2e1e3f.mp4,2025-12-20_Auto/56c3bb69-d5be-4282-90ea-ece5bd2e1e3f.mp4,1688987,.mp4,video,9c6097b613302aea354f4884525a836e0728841ba7d00495e524a2d610934d8a,2025-12-20T22:21:10.522Z,2025-12-20T22:21:10.525Z,56c3bb69-d5be-4282-90ea-ece5bd2e1e3f,56c3bb69-d5be-4282-90ea-ece5bd2e1e3f,false,,,ok,mp4-family
GrokVault,full-vault-scan,/Users/philipbankier/Content/Grok IMagine/greymaker/GrokVault/2025-12-20_Auto/56ff3be6-941f-4254-a4ab-0b66031e9098.mp4,2025-12-20_Auto/56ff3be6-941f-4254-a4ab-0b66031e9098.mp4,1086223,.mp4,video,e82704e9827bbf7152a7e8b03c6a4d95d61b7801713f0f02b68a20a0e55435aa,2025-12-20T22:30:54.235Z,2025-12-20T22:30:54.237Z,56ff3be6-941f-4254-a4ab-0b66031e9098,56ff3be6-941f-4254-a4ab-0b66031e9098,false,,,ok,mp4-family
GrokVault,full-vault-scan,/Users/philipbankier/Content/Grok IMagine/greymaker/GrokVault/2025-12-20_Auto/572ea0e4-760b-475d-be9f-ca26698115f7.mp4,2025-12-20_Auto/572ea0e4-760b-475d-be9f-ca26698115f7.mp4,1808904,.mp4,video,c2dd7837e147945c403b7f8e282c1ad396ce4f9cd9f20074d6c83cc4137f1cf0,2025-12-20T21:23:32.802Z,2025-12-20T21:23:32.804Z,572ea0e4-760b-475d-be9f-ca26698115f7,572ea0e4-760b-475d-be9f-ca26698115f7,false,,hash-3,ok,mp4-family
GrokVault,full-vault-scan,/Users/philipbankier/Content/Grok IMagine/greymaker/GrokVault/2025-12-20_Auto/574a8a18-46a3-4f2e-be66-c5b9eb9cb1bc.mp4,2025-12-20_Auto/574a8a18-46a3-4f2e-be66-c5b9eb9cb1bc.mp4,1665602,.mp4,video,675dc250cc93ca1729cffda6ef153a218bd25eed630f3aa605a126bb2e7b84f8,2025-12-20T23:52:44.790Z,2025-12-20T23:52:44.792Z,574a8a18-46a3-4f2e-be66-c5b9eb9cb1bc,574a8a18-46a3-4f2e-be66-c5b9eb9cb1bc,false,,,ok,mp4-family
GrokVault,full-vault-scan,/Users/philipbankier/Content/Grok IMagine/greymaker/GrokVault/2025-12-20_Auto/575201e4-8cdc-43aa-937f-c1160027fe9c.png,2025-12-20_Auto/575201e4-8cdc-43aa-937f-c1160027fe9c.png,243756,.png,image,a8d0ec325c6215168b85673e56604784a0079fa2f9b05ba52d5653e671c476a5,2025-12-20T05:19:46.408Z,2025-12-20T05:19:46.411Z,575201e4-8cdc-43aa-937f-c1160027fe9c,575201e4-8cdc-43aa-937f-c1160027fe9c,false,,,ok,jpeg
GrokVault,full-vault-scan,/Users/philipbankier/Content/Grok IMagine/greymaker/GrokVault/2025-12-20_Auto/5768eb59-1ffa-4832-be2d-80ac55e9a1d3.mp4,2025-12-20_Auto/5768eb59-1ffa-4832-be2d-80ac55e9a1d3.mp4,2002731,.mp4,video,a21bb07173e04bda09a0ab751f0b5030d1cbaf8ad875dfcb05efb7afeaabd058,2025-12-20T04:30:42.013Z,2025-12-20T04:30:42.015Z,5768eb59-1ffa-4832-be2d-80ac55e9a1d3,5768eb59-1ffa-4832-be2d-80ac55e9a1d3,false,,,ok,mp4-family
GrokVault,full-vault-scan,/Users/philipbankier/Content/Grok IMagine/greymaker/GrokVault/2025-12-20_Auto/57914ca4-9211-44e8-871a-dedbf1e98f54.mp4,2025-12-20_Auto/57914ca4-9211-44e8-871a-dedbf1e98f54.mp4,1325605,.mp4,video,9b731286059bda9ac2cba48647c3083964496dd703623fa88861680ea5c9f491,2025-12-20T22:31:22.250Z,2025-12-20T22:31:22.251Z,57914ca4-9211-44e8-871a-dedbf1e98f54,57914ca4-9211-44e8-871a-dedbf1e98f54,false,,,ok,mp4-family
GrokVault,full-vault-scan,/Users/philipbankier/Content/Grok IMagine/greymaker/GrokVault/2025-12-20_Auto/57b5d5ad-244e-4e44-b72d-91c2f34ddaf1.png,2025-12-20_Auto/57b5d5ad-244e-4e44-b72d-91c2f34ddaf1.png,230196,.png,image,fc5a4c4ac9541607ec4061c407c9600d793eb45a356ff76cb04ce48cfe6746ad,2025-12-20T23:19:32.890Z,2025-12-20T23:19:32.955Z,57b5d5ad-244e-4e44-b72d-91c2f34ddaf1,57b5d5ad-244e-4e44-b72d-91c2f34ddaf1,false,,,ok,jpeg
GrokVault,full-vault-scan,/Users/philipbankier/Content/Grok IMagine/greymaker/GrokVault/2025-12-20_Auto/5826a73c-d11e-4647-afc2-8efa87aac9eb.png,2025-12-20_Auto/5826a73c-d11e-4647-afc2-8efa87aac9eb.png,218339,.png,image,16dff4075efaf1343c411a10a19a7cc6554ee29bac67dfaa4d04abf807ecc340,2025-12-20T21:20:57.223Z,2025-12-20T21:20:57.288Z,5826a73c-d11e-4647-afc2-8efa87aac9eb,5826a73c-d11e-4647-afc2-8efa87aac9eb,false,,,ok,jpeg
GrokVault,full-vault-scan,/Users/philipbankier/Content/Grok IMagine/greymaker/GrokVault/2025-12-20_Auto/583f4695-2764-4d22-a4ed-09ae7fcd4f1a.mp4,2025-12-20_Auto/583f4695-2764-4d22-a4ed-09ae7fcd4f1a.mp4,1356290,.mp4,video,b41c0adf6a6ef579fd25e3ad2baea6f17c8f84ef14ba4c2f325caee3387575dd,2025-12-20T22:33:30.740Z,2025-12-20T22:33:30.742Z,583f4695-2764-4d22-a4ed-09ae7fcd4f1a,583f4695-2764-4d22-a4ed-09ae7fcd4f1a,false,,,ok,mp4-family
GrokVault,full-vault-scan,/Users/philipbankier/Content/Grok IMagine/greymaker/GrokVault/2025-12-20_Auto/58835a59-33ce-40d1-8973-932eda9c381d.png,2025-12-20_Auto/58835a59-33ce-40d1-8973-932eda9c381d.png,222572,.png,image,b0f3553febf907034d4ddb6c3af4f91756a10b60fce977a7c852dc47c5569db7,2025-12-20T21:22:21.453Z,2025-12-20T21:22:21.515Z,58835a59-33ce-40d1-8973-932eda9c381d,58835a59-33ce-40d1-8973-932eda9c381d,false,,,ok,jpeg
GrokVault,full-vault-scan,/Users/philipbankier/Content/Grok IMagine/greymaker/GrokVault/2025-12-20_Auto/58860184-4922-4295-8b87-694cd6d8f7ec.png,2025-12-20_Auto/58860184-4922-4295-8b87-694cd6d8f7ec.png,279581,.png,image,e5855fde4ec7191d7994fb01bba440c2f21b60387eab8627beeb46c2cd569d9f,2025-12-20T22:56:19.102Z,2025-12-20T22:56:19.161Z,58860184-4922-4295-8b87-694cd6d8f7ec,58860184-4922-4295-8b87-694cd6d8f7ec,false,,,ok,jpeg
GrokVault,full-vault-scan,/Users/philipbankier/Content/Grok IMagine/greymaker/GrokVault/2025-12-20_Auto/58b83ebd-f759-4067-a943-f5b7dd3a6cbe.mp4,2025-12-20_Auto/58b83ebd-f759-4067-a943-f5b7dd3a6cbe.mp4,1896222,.mp4,video,569e887b25491e9aebf4668f9eba87ebe8963e9a498100ff96bec51b115d67b9,2025-12-20T22:20:55.650Z,2025-12-20T22:20:55.652Z,58b83ebd-f759-4067-a943-f5b7dd3a6cbe,58b83ebd-f759-4067-a943-f5b7dd3a6cbe,false,,,ok,mp4-family
GrokVault,full-vault-scan,/Users/philipbankier/Content/Grok IMagine/greymaker/GrokVault/2025-12-20_Auto/58e53c6e-30eb-4549-9012-d0e921f47c34.mp4,2025-12-20_Auto/58e53c6e-30eb-4549-9012-d0e921f47c34.mp4,2073336,.mp4,video,3fc31d1454453d8b061f8095c3914ea3da3d61c02ac86cbd2ab81d1cb10a22a6,2025-12-20T05:34:06.181Z,2025-12-20T05:34:06.183Z,58e53c6e-30eb-4549-9012-d0e921f47c34,58e53c6e-30eb-4549-9012-d0e921f47c34,false,,hash-4,ok,mp4-family
GrokVault,full-vault-scan,/Users/philipbankier/Content/Grok IMagine/greymaker/GrokVault/2025-12-20_Auto/58e93656-cdbc-485a-9899-6d7e297db97a.png,2025-12-20_Auto/58e93656-cdbc-485a-9899-6d7e297db97a.png,334510,.png,image,e4b5213caac10c668959d03d187237233aa03a1ea51d5156c0c468f3aa505985,2025-12-20T22:18:06.128Z,2025-12-20T22:18:06.188Z,58e93656-cdbc-485a-9899-6d7e297db97a,58e93656-cdbc-485a-9899-6d7e297db97a,false,,,ok,jpeg
GrokVault,full-vault-scan,/Users/philipbankier/Content/Grok IMagine/greymaker/GrokVault/2025-12-20_Auto/59136582-62c3-4a95-b785-97da20bb2627.png,2025-12-20_Auto/59136582-62c3-4a95-b785-97da20bb2627.png,241391,.png,image,db9f7f3f9a49c5d360954d1f6ecedd42abf18c199ca623c8c258fe0835c866fa,2025-12-20T21:36:19.035Z,2025-12-20T21:36:19.098Z,59136582-62c3-4a95-b785-97da20bb2627,59136582-62c3-4a95-b785-97da20bb2627,false,,,ok,jpeg
GrokVault,full-vault-scan,/Users/philipbankier/Content/Grok IMagine/greymaker/GrokVault/2025-12-20_Auto/592892be-1f9c-4397-87fe-992764fe6709.png,2025-12-20_Auto/592892be-1f9c-4397-87fe-992764fe6709.png,220472,.png,image,168b99755a2767d3499a896301c122cb3c102519d426e3962983740bd262719a,2025-12-20T21:19:57.494Z,2025-12-20T21:19:57.554Z,592892be-1f9c-4397-87fe-992764fe6709,592892be-1f9c-4397-87fe-992764fe6709,false,,,ok,jpeg
GrokVault,full-vault-scan,/Users/philipbankier/Content/Grok IMagine/greymaker/GrokVault/2025-12-20_Auto/5945b5df-c82d-4de1-8e6d-24465faf6553.png,2025-12-20_Auto/5945b5df-c82d-4de1-8e6d-24465faf6553.png,354708,.png,image,1f731467bb26f85f1201275680990084b0d9ff48f504c3eda6e5ae3611adb9cd,2025-12-20T00:17:29.004Z,2025-12-20T00:17:29.007Z,5945b5df-c82d-4de1-8e6d-24465faf6553,5945b5df-c82d-4de1-8e6d-24465faf6553,false,,,ok,jpeg
GrokVault,full-vault-scan,/Users/philipbankier/Content/Grok IMagine/greymaker/GrokVault/2025-12-20_Auto/59832a08-c97b-4f1f-aac9-398f44207d58.png,2025-12-20_Auto/59832a08-c97b-4f1f-aac9-398f44207d58.png,247678,.png,image,1d62f478e49100f477ddec27a767f6ca57be7c9bcbd2db821275ff49486ae85f,2025-12-20T05:24:41.178Z,2025-12-20T05:24:41.179Z,59832a08-c97b-4f1f-aac9-398f44207d58,59832a08-c97b-4f1f-aac9-398f44207d58,false,,,ok,jpeg
GrokVault,full-vault-scan,/Users/philipbankier/Content/Grok IMagine/greymaker/GrokVault/2025-12-20_Auto/59a8dc05-c4a4-4da2-98e2-13ddeee4c3ca.png,2025-12-20_Auto/59a8dc05-c4a4-4da2-98e2-13ddeee4c3ca.png,234783,.png,image,3be26821045f908ab0a105c2f88cba6c3c428311df13ada7b01eb757f8c116ad,2025-12-20T23:28:32.286Z,2025-12-20T23:28:32.347Z,59a8dc05-c4a4-4da2-98e2-13ddeee4c3ca,59a8dc05-c4a4-4da2-98e2-13ddeee4c3ca,false,,,ok,jpeg
GrokVault,full-vault-scan,/Users/philipbankier/Content/Grok IMagine/greymaker/GrokVault/2025-12-20_Auto/59ec7d75-83e3-451a-85ce-c5d037ec7bfe.mp4,2025-12-20_Auto/59ec7d75-83e3-451a-85ce-c5d037ec7bfe.mp4,2207105,.mp4,video,dfa90729a9269ba4ee8fa04cec452aefaf612756bf2bc571d5158dd5dbf644e6,2025-12-20T22:06:45.153Z,2025-12-20T22:06:45.155Z,59ec7d75-83e3-451a-85ce-c5d037ec7bfe,59ec7d75-83e3-451a-85ce-c5d037ec7bfe,false,,,ok,mp4-family
GrokVault,full-vault-scan,/Users/philipbankier/Content/Grok IMagine/greymaker/GrokVault/2025-12-20_Auto/5a06fbc7-ab84-4974-ad30-f12cb9b22f15.mp4,2025-12-20_Auto/5a06fbc7-ab84-4974-ad30-f12cb9b22f15.mp4,1635208,.mp4,video,be41852d09bc72c2a4f291a965630aa839da7cc2f5458cf28d056ca58c6e5f54,2025-12-20T22:19:01.778Z,2025-12-20T22:19:01.780Z,5a06fbc7-ab84-4974-ad30-f12cb9b22f15,5a06fbc7-ab84-4974-ad30-f12cb9b22f15,false,,,ok,mp4-family
GrokVault,full-vault-scan,/Users/philipbankier/Content/Grok IMagine/greymaker/GrokVault/2025-12-20_Auto/5a41bba1-82f5-482c-96f1-d29f922570e0.png,2025-12-20_Auto/5a41bba1-82f5-482c-96f1-d29f922570e0.png,246038,.png,image,06691fc71ea1522c80d8c54d2362904cb6b24bc7cc3e21f362ed885d5d6d9b45,2025-12-20T22:46:19.246Z,2025-12-20T22:46:19.306Z,5a41bba1-82f5-482c-96f1-d29f922570e0,5a41bba1-82f5-482c-96f1-d29f922570e0,false,,,ok,jpeg
GrokVault,full-vault-scan,/Users/philipbankier/Content/Grok IMagine/greymaker/GrokVault/2025-12-20_Auto/5a665965-b14d-4282-bb52-3bc114eb3d2d.mp4,2025-12-20_Auto/5a665965-b14d-4282-bb52-3bc114eb3d2d.mp4,2174576,.mp4,video,baa13d7b157038fe70d96e989855294f13c98cfed73bcf340a612f5d128813f4,2025-12-20T21:01:43.082Z,2025-12-20T21:01:43.084Z,5a665965-b14d-4282-bb52-3bc114eb3d2d,5a665965-b14d-4282-bb52-3bc114eb3d2d,false,,,ok,mp4-family
GrokVault,full-vault-scan,/Users/philipbankier/Content/Grok IMagine/greymaker/GrokVault/2025-12-20_Auto/5a77599d-8e13-4308-8132-1a0ab8b8e031.png,2025-12-20_Auto/5a77599d-8e13-4308-8132-1a0ab8b8e031.png,240014,.png,image,f2ed813699de8b334d5a2efd7df81fde094bc5f2a52d3d2e86da8fd8d82eb15f,2025-12-20T05:18:16.100Z,2025-12-20T05:18:16.101Z,5a77599d-8e13-4308-8132-1a0ab8b8e031,5a77599d-8e13-4308-8132-1a0ab8b8e031,false,,,ok,jpeg
GrokVault,full-vault-scan,/Users/philipbankier/Content/Grok IMagine/greymaker/GrokVault/2025-12-20_Auto/5aa27aeb-d57e-443f-a1be-724c4e822a36.mp4,2025-12-20_Auto/5aa27aeb-d57e-443f-a1be-724c4e822a36.mp4,2019513,.mp4,video,4bc19eba927b11cce9ac7ad2a473ff03abd947c3d4ffb4cc8b9471c1f7d9bdc2,2025-12-20T04:25:49.450Z,2025-12-20T04:25:49.452Z,5aa27aeb-d57e-443f-a1be-724c4e822a36,5aa27aeb-d57e-443f-a1be-724c4e822a36,false,,,ok,mp4-family
GrokVault,full-vault-scan,/Users/philipbankier/Content/Grok IMagine/greymaker/GrokVault/2025-12-20_Auto/5aec5f42-a97b-4ffc-91d2-7a6510295849.mp4,2025-12-20_Auto/5aec5f42-a97b-4ffc-91d2-7a6510295849.mp4,1884088,.mp4,video,8ae1281e860df47c6e1e79c3f1ffa58b81294c457f4484ff1fc251a5a7ce26b7,2025-12-20T23:40:25.534Z,2025-12-20T23:40:25.536Z,5aec5f42-a97b-4ffc-91d2-7a6510295849,5aec5f42-a97b-4ffc-91d2-7a6510295849,false,,,ok,mp4-family
GrokVault,full-vault-scan,/Users/philipbankier/Content/Grok IMagine/greymaker/GrokVault/2025-12-20_Auto/5af418a1-e5f0-439a-acc3-fd4287235d17.png,2025-12-20_Auto/5af418a1-e5f0-439a-acc3-fd4287235d17.png,282024,.png,image,960189a8994e090136fa7ee07d890faedd506e45fd1c26d616c558c3aaaf93dc,2025-12-20T21:46:36.646Z,2025-12-20T21:46:36.666Z,5af418a1-e5f0-439a-acc3-fd4287235d17,5af418a1-e5f0-439a-acc3-fd4287235d17,false,,,ok,jpeg
GrokVault,full-vault-scan,/Users/philipbankier/Content/Grok IMagine/greymaker/GrokVault/2025-12-20_Auto/5b1422d5-2db5-4696-abed-1ca9b8483fbf.mp4,2025-12-20_Auto/5b1422d5-2db5-4696-abed-1ca9b8483fbf.mp4,3445645,.mp4,video,ac5ffd6dd59b0c2d259665f1f626a58182753c87d377e4118b9423de86c47c99,2025-12-20T04:29:11.758Z,2025-12-20T04:29:11.761Z,5b1422d5-2db5-4696-abed-1ca9b8483fbf,5b1422d5-2db5-4696-abed-1ca9b8483fbf,false,,,ok,mp4-family
GrokVault,full-vault-scan,/Users/philipbankier/Content/Grok IMagine/greymaker/GrokVault/2025-12-20_Auto/5b1810c9-2491-4d48-a883-c627573f5239.mp4,2025-12-20_Auto/5b1810c9-2491-4d48-a883-c627573f5239.mp4,1867453,.mp4,video,ebe7bf0ccda2661f667d877504e5b9945393f680864cc138d4f9a1e5d1a71fb6,2025-12-20T23:52:30.398Z,2025-12-20T23:52:30.399Z,5b1810c9-2491-4d48-a883-c627573f5239,5b1810c9-2491-4d48-a883-c627573f5239,false,,,ok,mp4-family
GrokVault,full-vault-scan,/Users/philipbankier/Content/Grok IMagine/greymaker/GrokVault/2025-12-20_Auto/5b33717b-0db9-47a2-be86-96bad2dd9ecc.mp4,2025-12-20_Auto/5b33717b-0db9-47a2-be86-96bad2dd9ecc.mp4,2485876,.mp4,video,605cc4fb8415f75c483cb4942973440e32f7ed7b6f722485ba4cf2d912b2197c,2025-12-20T04:00:27.091Z,2025-12-20T04:00:27.093Z,5b33717b-0db9-47a2-be86-96bad2dd9ecc,5b33717b-0db9-47a2-be86-96bad2dd9ecc,false,,,ok,mp4-family
GrokVault,full-vault-scan,/Users/philipbankier/Content/Grok IMagine/greymaker/GrokVault/2025-12-20_Auto/5baa9475-085a-4433-8bb5-60339275369e.png,2025-12-20_Auto/5baa9475-085a-4433-8bb5-60339275369e.png,331105,.png,image,cb63bd8a60803336eb9a619e04bd7410b8841166a2f692182c08506240560af3,2025-12-20T23:07:29.177Z,2025-12-20T23:07:29.337Z,5baa9475-085a-4433-8bb5-60339275369e,5baa9475-085a-4433-8bb5-60339275369e,false,,,ok,jpeg
GrokVault,full-vault-scan,/Users/philipbankier/Content/Grok IMagine/greymaker/GrokVault/2025-12-20_Auto/5c13214f-0563-4114-bda4-ce8a2b91ebb6.png,2025-12-20_Auto/5c13214f-0563-4114-bda4-ce8a2b91ebb6.png,210225,.png,image,d123fb641f327c41d2eab005d9838183c4c7b57774afa9f9f5968ef89a1483c5,2025-12-20T22:45:20.991Z,2025-12-20T22:45:21.049Z,5c13214f-0563-4114-bda4-ce8a2b91ebb6,5c13214f-0563-4114-bda4-ce8a2b91ebb6,false,,,ok,jpeg
GrokVault,full-vault-scan,/Users/philipbankier/Content/Grok IMagine/greymaker/GrokVault/2025-12-20_Auto/5c148073-11a2-409d-ad30-b0a9b6d1c107.mp4,2025-12-20_Auto/5c148073-11a2-409d-ad30-b0a9b6d1c107.mp4,1199640,.mp4,video,9e2b62c275eaee223f45ce72258c621d04fd5eaed17e269c5667fdc9d8cfe930,2025-12-20T22:26:10.215Z,2025-12-20T22:26:10.216Z,5c148073-11a2-409d-ad30-b0a9b6d1c107,5c148073-11a2-409d-ad30-b0a9b6d1c107,false,,,ok,mp4-family
GrokVault,full-vault-scan,/Users/philipbankier/Content/Grok IMagine/greymaker/GrokVault/2025-12-20_Auto/5c19e84b-03fa-4ac2-956f-6fe92e78368e.mp4,2025-12-20_Auto/5c19e84b-03fa-4ac2-956f-6fe92e78368e.mp4,1671291,.mp4,video,a9f154006bd3dfe9c6e2b53b6beeab10f113cd9d0aa2c452b8ae64f3bed51f95,2025-12-20T05:33:44.115Z,2025-12-20T05:33:44.117Z,5c19e84b-03fa-4ac2-956f-6fe92e78368e,5c19e84b-03fa-4ac2-956f-6fe92e78368e,false,,,ok,mp4-family
GrokVault,full-vault-scan,/Users/philipbankier/Content/Grok IMagine/greymaker/GrokVault/2025-12-20_Auto/5c91c3ee-6e5d-421c-832b-33107b463377.png,2025-12-20_Auto/5c91c3ee-6e5d-421c-832b-33107b463377.png,243270,.png,image,37de0b08d7c494e38990adfc16441b3ed6cf9d7c853cb872f1b0832f93b619c5,2025-12-20T23:17:08.007Z,2025-12-20T23:17:08.067Z,5c91c3ee-6e5d-421c-832b-33107b463377,5c91c3ee-6e5d-421c-832b-33107b463377,false,,,ok,jpeg
GrokVault,full-vault-scan,/Users/philipbankier/Content/Grok IMagine/greymaker/GrokVault/2025-12-20_Auto/5ce704ac-02f2-41a9-af44-504f4ea7484d.png,2025-12-20_Auto/5ce704ac-02f2-41a9-af44-504f4ea7484d.png,278477,.png,image,1693f9b2c6492148d7a719da3589adb92b6d24388e7eff607b3a8a36d875970d,2025-12-20T00:11:28.014Z,2025-12-20T00:11:28.016Z,5ce704ac-02f2-41a9-af44-504f4ea7484d,5ce704ac-02f2-41a9-af44-504f4ea7484d,false,,,ok,jpeg
GrokVault,full-vault-scan,/Users/philipbankier/Content/Grok IMagine/greymaker/GrokVault/2025-12-20_Auto/5d03ce7f-9db3-4703-b91b-3c560ff3220a.mp4,2025-12-20_Auto/5d03ce7f-9db3-4703-b91b-3c560ff3220a.mp4,2622334,.mp4,video,2a3d7a38652eb32fcb491dcf876b4b29b9e731d82310acab6cae6b218f42257e,2025-12-20T21:55:26.719Z,2025-12-20T21:55:26.722Z,5d03ce7f-9db3-4703-b91b-3c560ff3220a,5d03ce7f-9db3-4703-b91b-3c560ff3220a,false,,,ok,mp4-family
GrokVault,full-vault-scan,/Users/philipbankier/Content/Grok IMagine/greymaker/GrokVault/2025-12-20_Auto/5d0d02ba-ff23-40b9-8978-564f9b0430a6.png,2025-12-20_Auto/5d0d02ba-ff23-40b9-8978-564f9b0430a6.png,335549,.png,image,c1a19e0dc81be85202cb9283ed73e686ff81dcf372d752e5c5097259ea2946b2,2025-12-20T04:08:46.839Z,2025-12-20T04:08:46.840Z,5d0d02ba-ff23-40b9-8978-564f9b0430a6,5d0d02ba-ff23-40b9-8978-564f9b0430a6,false,,,ok,jpeg
GrokVault,full-vault-scan,/Users/philipbankier/Content/Grok IMagine/greymaker/GrokVault/2025-12-20_Auto/5d39a0a9-b61a-4961-b449-4d6a4e723f20.mp4,2025-12-20_Auto/5d39a0a9-b61a-4961-b449-4d6a4e723f20.mp4,2049981,.mp4,video,bb6b0f26167e0cc20aad0069a333eec3683c3874666c10dcb1b9946d1c8313d7,2025-12-20T23:58:48.488Z,2025-12-20T23:58:48.490Z,5d39a0a9-b61a-4961-b449-4d6a4e723f20,5d39a0a9-b61a-4961-b449-4d6a4e723f20,false,,,ok,mp4-family
GrokVault,full-vault-scan,/Users/philipbankier/Content/Grok IMagine/greymaker/GrokVault/2025-12-20_Auto/5d49ff17-91d2-450d-8c29-b9e797f3dfd8.mp4,2025-12-20_Auto/5d49ff17-91d2-450d-8c29-b9e797f3dfd8.mp4,1699833,.mp4,video,d8e475896aad69de9db8b8755c6e9f2928b0a97c895d830d78454966318567db,2025-12-20T23:33:19.797Z,2025-12-20T23:33:19.799Z,5d49ff17-91d2-450d-8c29-b9e797f3dfd8,5d49ff17-91d2-450d-8c29-b9e797f3dfd8,false,,,ok,mp4-family
GrokVault,full-vault-scan,/Users/philipbankier/Content/Grok IMagine/greymaker/GrokVault/2025-12-20_Auto/5d98f149-02f9-4886-a7aa-9d3bd8655ae1.png,2025-12-20_Auto/5d98f149-02f9-4886-a7aa-9d3bd8655ae1.png,245882,.png,image,ad4e46952a4cc250611d405e7f8ad2095b01dcaad43a2a6a4fded4137a820bac,2025-12-20T21:36:03.713Z,2025-12-20T21:36:03.776Z,5d98f149-02f9-4886-a7aa-9d3bd8655ae1,5d98f149-02f9-4886-a7aa-9d3bd8655ae1,false,,,ok,jpeg
GrokVault,full-vault-scan,/Users/philipbankier/Content/Grok IMagine/greymaker/GrokVault/2025-12-20_Auto/5db36e89-0bb3-4694-af8e-43ac6dc59e1e.png,2025-12-20_Auto/5db36e89-0bb3-4694-af8e-43ac6dc59e1e.png,211481,.png,image,2b4133b1dd647d57524dfc0e0d8844ede048bf55079a456f8aa67ec4ca21d23b,2025-12-20T23:20:30.026Z,2025-12-20T23:20:30.088Z,5db36e89-0bb3-4694-af8e-43ac6dc59e1e,5db36e89-0bb3-4694-af8e-43ac6dc59e1e,false,,,ok,jpeg
GrokVault,full-vault-scan,/Users/philipbankier/Content/Grok IMagine/greymaker/GrokVault/2025-12-20_Auto/5dcd2800-dbc9-415a-be37-5bf486c653c6.mp4,2025-12-20_Auto/5dcd2800-dbc9-415a-be37-5bf486c653c6.mp4,1588237,.mp4,video,44e85f853d543dfb6ec475126bc57e6ff14b209b17a766e274093b0dae51654a,2025-12-20T04:51:27.167Z,2025-12-20T04:51:27.169Z,5dcd2800-dbc9-415a-be37-5bf486c653c6,5dcd2800-dbc9-415a-be37-5bf486c653c6,false,,,ok,mp4-family
GrokVault,full-vault-scan,/Users/philipbankier/Content/Grok IMagine/greymaker/GrokVault/2025-12-20_Auto/5de60b5c-2c0d-4747-aec6-0896d1d95d36.mp4,2025-12-20_Auto/5de60b5c-2c0d-4747-aec6-0896d1d95d36.mp4,1818290,.mp4,video,f7be89f8b51b9049f763ff2c0ac139e2f9610131f265d989df444a354ffd745a,2025-12-20T04:38:15.243Z,2025-12-20T04:38:15.245Z,5de60b5c-2c0d-4747-aec6-0896d1d95d36,5de60b5c-2c0d-4747-aec6-0896d1d95d36,false,,,ok,mp4-family
GrokVault,full-vault-scan,/Users/philipbankier/Content/Grok IMagine/greymaker/GrokVault/2025-12-20_Auto/5e19a22f-5502-4d6d-a4eb-336ee63e4e18.mp4,2025-12-20_Auto/5e19a22f-5502-4d6d-a4eb-336ee63e4e18.mp4,1324316,.mp4,video,9b161ed58c6d4008638d52fe8ecdfffa60da9259c2d6dd4a95f1ff2a5af35888,2025-12-20T22:55:06.260Z,2025-12-20T22:55:06.262Z,5e19a22f-5502-4d6d-a4eb-336ee63e4e18,5e19a22f-5502-4d6d-a4eb-336ee63e4e18,false,,,ok,mp4-family
GrokVault,full-vault-scan,/Users/philipbankier/Content/Grok IMagine/greymaker/GrokVault/2025-12-20_Auto/5e1e0fb9-c42a-4fe6-98dd-303eee8003ed.png,2025-12-20_Auto/5e1e0fb9-c42a-4fe6-98dd-303eee8003ed.png,222362,.png,image,33e8149ed6979148342b45f525d0394e34864eac3e5a2d944dee29f66d4f0b75,2025-12-20T05:30:44.064Z,2025-12-20T05:30:44.065Z,5e1e0fb9-c42a-4fe6-98dd-303eee8003ed,5e1e0fb9-c42a-4fe6-98dd-303eee8003ed,false,,,ok,jpeg
GrokVault,full-vault-scan,/Users/philipbankier/Content/Grok IMagine/greymaker/GrokVault/2025-12-20_Auto/5e345c2c-8fff-4cd7-8121-20ccf9f16470.mp4,2025-12-20_Auto/5e345c2c-8fff-4cd7-8121-20ccf9f16470.mp4,1845298,.mp4,video,4d9bc6d7f32fe7fa328cf57d0a04948109dadbf5a9bb1e103414c79835be4437,2025-12-20T21:05:05.595Z,2025-12-20T21:05:05.597Z,5e345c2c-8fff-4cd7-8121-20ccf9f16470,5e345c2c-8fff-4cd7-8121-20ccf9f16470,false,,,ok,mp4-family
GrokVault,full-vault-scan,/Users/philipbankier/Content/Grok IMagine/greymaker/GrokVault/2025-12-20_Auto/5e3b9a6b-6f79-4a84-86ee-a058d466a18f.mp4,2025-12-20_Auto/5e3b9a6b-6f79-4a84-86ee-a058d466a18f.mp4,1643552,.mp4,video,2c257813dba84f93b092f335f57e15c647c270102309b0944f8a4433a813dbd6,2025-12-20T23:34:43.964Z,2025-12-20T23:34:43.966Z,5e3b9a6b-6f79-4a84-86ee-a058d466a18f,5e3b9a6b-6f79-4a84-86ee-a058d466a18f,false,,,ok,mp4-family
GrokVault,full-vault-scan,/Users/philipbankier/Content/Grok IMagine/greymaker/GrokVault/2025-12-20_Auto/5e69b0ac-3619-4370-8623-808a465bdbea.png,2025-12-20_Auto/5e69b0ac-3619-4370-8623-808a465bdbea.png,308582,.png,image,76d904df346065e1c0c59db143c719ba20afbe577f768fd84847cc49313ce1d5,2025-12-20T00:09:55.919Z,2025-12-20T00:09:55.922Z,5e69b0ac-3619-4370-8623-808a465bdbea,5e69b0ac-3619-4370-8623-808a465bdbea,false,,,ok,jpeg
GrokVault,full-vault-scan,/Users/philipbankier/Content/Grok IMagine/greymaker/GrokVault/2025-12-20_Auto/5e889fee-17bb-4ae6-b025-f05dc2fe9c52.mp4,2025-12-20_Auto/5e889fee-17bb-4ae6-b025-f05dc2fe9c52.mp4,1846436,.mp4,video,861a9e92cfb42648582da3d2c8d5eb3545eafb1b196ed01c2ba8e674758d7a03,2025-12-20T21:25:43.449Z,2025-12-20T21:25:43.451Z,5e889fee-17bb-4ae6-b025-f05dc2fe9c52,5e889fee-17bb-4ae6-b025-f05dc2fe9c52,false,,hash-7,ok,mp4-family
GrokVault,full-vault-scan,/Users/philipbankier/Content/Grok IMagine/greymaker/GrokVault/2025-12-20_Auto/5ee5ddb9-a359-4703-b7c5-9212283af6ba.png,2025-12-20_Auto/5ee5ddb9-a359-4703-b7c5-9212283af6ba.png,249619,.png,image,a9dbf89775cc5a1fbf628603fad26f713ec2084463a1fe6e5025cff67645ec8f,2025-12-20T04:56:22.505Z,2025-12-20T04:56:22.506Z,5ee5ddb9-a359-4703-b7c5-9212283af6ba,5ee5ddb9-a359-4703-b7c5-9212283af6ba,false,,,ok,jpeg
GrokVault,full-vault-scan,/Users/philipbankier/Content/Grok IMagine/greymaker/GrokVault/2025-12-20_Auto/5efac301-da04-4664-a3a2-624ca112dff6.mp4,2025-12-20_Auto/5efac301-da04-4664-a3a2-624ca112dff6.mp4,1377971,.mp4,video,7f121c630838f5aeaca5e4420919d3b8d30667d945720d350290f948ba1b4b7d,2025-12-20T23:38:17.875Z,2025-12-20T23:38:17.876Z,5efac301-da04-4664-a3a2-624ca112dff6,5efac301-da04-4664-a3a2-624ca112dff6,false,,,ok,mp4-family
GrokVault,full-vault-scan,/Users/philipbankier/Content/Grok IMagine/greymaker/GrokVault/2025-12-20_Auto/5f5f23f3-1e6c-4f82-9573-49bbdd1e53fa.png,2025-12-20_Auto/5f5f23f3-1e6c-4f82-9573-49bbdd1e53fa.png,266708,.png,image,6a16e3b846d15aeb0c8814e10d0c0bfa531cf8b0edf8fc8585744052eb98d26e,2025-12-20T00:08:47.710Z,2025-12-20T00:08:47.712Z,5f5f23f3-1e6c-4f82-9573-49bbdd1e53fa,5f5f23f3-1e6c-4f82-9573-49bbdd1e53fa,false,,,ok,jpeg
GrokVault,full-vault-scan,/Users/philipbankier/Content/Grok IMagine/greymaker/GrokVault/2025-12-20_Auto/5fe48180-0945-4e9d-a812-4cf39ee4b458.png,2025-12-20_Auto/5fe48180-0945-4e9d-a812-4cf39ee4b458.png,400072,.png,image,3471bf0c5d40fa96cff1dcf84e1c03d65649fbee934ef9e588b220b51fee1860,2025-12-20T00:00:08.658Z,2025-12-20T00:00:08.662Z,5fe48180-0945-4e9d-a812-4cf39ee4b458,5fe48180-0945-4e9d-a812-4cf39ee4b458,false,,,ok,jpeg
GrokVault,full-vault-scan,/Users/philipbankier/Content/Grok IMagine/greymaker/GrokVault/2025-12-20_Auto/6028c6f5-f679-418f-8763-f126002a86c6.png,2025-12-20_Auto/6028c6f5-f679-418f-8763-f126002a86c6.png,237291,.png,image,58a58c2716e74186e472dd2f2cdf6a34cf15713d5b82ff24b9f4cdb756478fd5,2025-12-20T05:32:36.410Z,2025-12-20T05:32:36.411Z,6028c6f5-f679-418f-8763-f126002a86c6,6028c6f5-f679-418f-8763-f126002a86c6,false,,,ok,jpeg
GrokVault,full-vault-scan,/Users/philipbankier/Content/Grok IMagine/greymaker/GrokVault/2025-12-20_Auto/609b23b7-7bb5-4323-b4ec-e1218f698251.png,2025-12-20_Auto/609b23b7-7bb5-4323-b4ec-e1218f698251.png,253715,.png,image,59df1073b712496a1cfac994e41ba40652e3db5571dce00a4d46fdbfe830d223,2025-12-20T05:11:51.030Z,2025-12-20T05:11:51.032Z,609b23b7-7bb5-4323-b4ec-e1218f698251,609b23b7-7bb5-4323-b4ec-e1218f698251,false,,,ok,jpeg
GrokVault,full-vault-scan,/Users/philipbankier/Content/Grok IMagine/greymaker/GrokVault/2025-12-20_Auto/60aa42ec-4cd9-4a06-9526-310467f4d786.png,2025-12-20_Auto/60aa42ec-4cd9-4a06-9526-310467f4d786.png,235318,.png,image,ff081adf9f8ef8cd9c5d73be96dcfbbc298491cf8ff1a1c470d2c5f03eb22474,2025-12-20T22:07:00.009Z,2025-12-20T22:07:00.067Z,60aa42ec-4cd9-4a06-9526-310467f4d786,60aa42ec-4cd9-4a06-9526-310467f4d786,false,,,ok,jpeg
GrokVault,full-vault-scan,/Users/philipbankier/Content/Grok IMagine/greymaker/GrokVault/2025-12-20_Auto/60c913cf-a2a3-4ece-b848-645631201382.png,2025-12-20_Auto/60c913cf-a2a3-4ece-b848-645631201382.png,256225,.png,image,6eec00d0cbb6086a41327b7379b9de52a1e234ee486996e7f574653c8d20565c,2025-12-20T04:02:41.908Z,2025-12-20T04:02:41.909Z,60c913cf-a2a3-4ece-b848-645631201382,60c913cf-a2a3-4ece-b848-645631201382,false,,,ok,jpeg
GrokVault,full-vault-scan,/Users/philipbankier/Content/Grok IMagine/greymaker/GrokVault/2025-12-20_Auto/60d9c29d-5565-4e5a-bcb7-0113ea444c12.png,2025-12-20_Auto/60d9c29d-5565-4e5a-bcb7-0113ea444c12.png,230163,.png,image,96723fabee94bd140a041dd679989768175aedf9ae9aa374c41343f11d8951a4,2025-12-20T22:18:49.492Z,2025-12-20T22:18:49.557Z,60d9c29d-5565-4e5a-bcb7-0113ea444c12,60d9c29d-5565-4e5a-bcb7-0113ea444c12,false,,,ok,jpeg
GrokVault,full-vault-scan,/Users/philipbankier/Content/Grok IMagine/greymaker/GrokVault/2025-12-20_Auto/611b159d-b904-491b-9d45-5359a768bdbb.mp4,2025-12-20_Auto/611b159d-b904-491b-9d45-5359a768bdbb.mp4,1156083,.mp4,video,e928ea4cff0db833fa87f6ae28a8635ed3e12046fc4076cd21bb29b16e09eb20,2025-12-20T22:47:14.716Z,2025-12-20T22:47:14.718Z,611b159d-b904-491b-9d45-5359a768bdbb,611b159d-b904-491b-9d45-5359a768bdbb,false,,,ok,mp4-family
GrokVault,full-vault-scan,/Users/philipbankier/Content/Grok IMagine/greymaker/GrokVault/2025-12-20_Auto/6167e29a-f753-4e38-9794-08319b94537e.png,2025-12-20_Auto/6167e29a-f753-4e38-9794-08319b94537e.png,386151,.png,image,40a411b9fd361ca8b96da07108c7ca205d3f7e6899cf556211b8a3c52d46ed5c,2025-12-20T03:55:55.035Z,2025-12-20T03:55:55.038Z,6167e29a-f753-4e38-9794-08319b94537e,6167e29a-f753-4e38-9794-08319b94537e,false,,,ok,jpeg
GrokVault,full-vault-scan,/Users/philipbankier/Content/Grok IMagine/greymaker/GrokVault/2025-12-20_Auto/616f8bc5-32cf-4ed3-9b89-fca081dbd937.mp4,2025-12-20_Auto/616f8bc5-32cf-4ed3-9b89-fca081dbd937.mp4,2007679,.mp4,video,08665a5bcd3345808a561c62df190c23ef06fddcb66cf9b54d3e359cbfd5277f,2025-12-20T05:12:36.644Z,2025-12-20T05:12:36.645Z,616f8bc5-32cf-4ed3-9b89-fca081dbd937,616f8bc5-32cf-4ed3-9b89-fca081dbd937,false,,,ok,mp4-family
GrokVault,full-vault-scan,/Users/philipbankier/Content/Grok IMagine/greymaker/GrokVault/2025-12-20_Auto/61ed2f96-f7a6-47dd-83f1-34445935b0cc.mp4,2025-12-20_Auto/61ed2f96-f7a6-47dd-83f1-34445935b0cc.mp4,1846436,.mp4,video,861a9e92cfb42648582da3d2c8d5eb3545eafb1b196ed01c2ba8e674758d7a03,2025-12-20T05:47:29.424Z,2025-12-20T05:47:29.425Z,61ed2f96-f7a6-47dd-83f1-34445935b0cc,61ed2f96-f7a6-47dd-83f1-34445935b0cc,false,,hash-7,ok,mp4-family
GrokVault,full-vault-scan,/Users/philipbankier/Content/Grok IMagine/greymaker/GrokVault/2025-12-20_Auto/6210ab2c-b142-4041-aec8-d7482ebc1206.png,2025-12-20_Auto/6210ab2c-b142-4041-aec8-d7482ebc1206.png,212256,.png,image,07700c14305279305ab13af6fbdd33a80211b1552e0cbb6be8086d0253349821,2025-12-20T22:27:08.226Z,2025-12-20T22:27:08.299Z,6210ab2c-b142-4041-aec8-d7482ebc1206,6210ab2c-b142-4041-aec8-d7482ebc1206,false,,,ok,jpeg
GrokVault,full-vault-scan,/Users/philipbankier/Content/Grok IMagine/greymaker/GrokVault/2025-12-20_Auto/626442b3-d07c-4803-b601-5245edb46cdb.png,2025-12-20_Auto/626442b3-d07c-4803-b601-5245edb46cdb.png,276362,.png,image,27e7b56c377e3e091d58804ca0f1d14c8225bc80fe8cf19529b3a62b131a23ef,2025-12-20T21:35:05.949Z,2025-12-20T21:35:06.026Z,626442b3-d07c-4803-b601-5245edb46cdb,626442b3-d07c-4803-b601-5245edb46cdb,false,,,ok,jpeg
GrokVault,full-vault-scan,/Users/philipbankier/Content/Grok IMagine/greymaker/GrokVault/2025-12-20_Auto/6284a01c-e173-4030-a89f-7e88864c9170.png,2025-12-20_Auto/6284a01c-e173-4030-a89f-7e88864c9170.png,240667,.png,image,e129f0b997941537ec67aabb7a6624346b7b01fe447d66815a0c6406df00cee2,2025-12-20T05:15:13.568Z,2025-12-20T05:15:13.570Z,6284a01c-e173-4030-a89f-7e88864c9170,6284a01c-e173-4030-a89f-7e88864c9170,false,,,ok,jpeg
GrokVault,full-vault-scan,/Users/philipbankier/Content/Grok IMagine/greymaker/GrokVault/2025-12-20_Auto/63e3f84c-3575-45f3-8421-233b39400bc4.png,2025-12-20_Auto/63e3f84c-3575-45f3-8421-233b39400bc4.png,238495,.png,image,7d35cf81590ba499a8ba3f6cbab659fe99e1f00ea8a61e3b71c2d63d6f8f4562,2025-12-20T05:19:02.226Z,2025-12-20T05:19:02.228Z,63e3f84c-3575-45f3-8421-233b39400bc4,63e3f84c-3575-45f3-8421-233b39400bc4,false,,,ok,jpeg
GrokVault,full-vault-scan,/Users/philipbankier/Content/Grok IMagine/greymaker/GrokVault/2025-12-20_Auto/63eabf1f-8c05-4b84-a5f9-1957ce6289c1.png,2025-12-20_Auto/63eabf1f-8c05-4b84-a5f9-1957ce6289c1.png,324057,.png,image,a2885e5abb09597a950f2ebf268d21d099fc91348d604d800382c8556bac1c77,2025-12-20T22:41:31.020Z,2025-12-20T22:41:31.090Z,63eabf1f-8c05-4b84-a5f9-1957ce6289c1,63eabf1f-8c05-4b84-a5f9-1957ce6289c1,false,,,ok,jpeg
GrokVault,full-vault-scan,/Users/philipbankier/Content/Grok IMagine/greymaker/GrokVault/2025-12-20_Auto/642d1da6-fc2b-40be-a33d-121d5eedf1ae.mp4,2025-12-20_Auto/642d1da6-fc2b-40be-a33d-121d5eedf1ae.mp4,1982453,.mp4,video,925d843b7084e3523bdec4d3adb19ffc4a962f40b35b2482d141088ef5c30023,2025-12-20T22:53:26.112Z,2025-12-20T22:53:26.113Z,642d1da6-fc2b-40be-a33d-121d5eedf1ae,642d1da6-fc2b-40be-a33d-121d5eedf1ae,false,,,ok,mp4-family
GrokVault,full-vault-scan,/Users/philipbankier/Content/Grok IMagine/greymaker/GrokVault/2025-12-20_Auto/6466b3ff-4823-40de-9a00-943418c225cc.mp4,2025-12-20_Auto/6466b3ff-4823-40de-9a00-943418c225cc.mp4,2344932,.mp4,video,88e23932d147e15f86930c0cc33ac34a46a9821704b4bf208133517e48e646be,2025-12-20T04:07:14.141Z,2025-12-20T04:07:14.143Z,6466b3ff-4823-40de-9a00-943418c225cc,6466b3ff-4823-40de-9a00-943418c225cc,false,,,ok,mp4-family
GrokVault,full-vault-scan,/Users/philipbankier/Content/Grok IMagine/greymaker/GrokVault/2025-12-20_Auto/6535fb6c-2a0e-4185-a24e-9f7b286ef051.mp4,2025-12-20_Auto/6535fb6c-2a0e-4185-a24e-9f7b286ef051.mp4,1108163,.mp4,video,20ad69d6277e8fd4aeef7e3d930e3fdcefa4202dc08eb4b3f2222d04bbd6cf3e,2025-12-20T22:47:00.856Z,2025-12-20T22:47:00.857Z,6535fb6c-2a0e-4185-a24e-9f7b286ef051,6535fb6c-2a0e-4185-a24e-9f7b286ef051,false,,,ok,mp4-family
GrokVault,full-vault-scan,/Users/philipbankier/Content/Grok IMagine/greymaker/GrokVault/2025-12-20_Auto/657549cb-9a68-4150-97e2-ac76531272f9.mp4,2025-12-20_Auto/657549cb-9a68-4150-97e2-ac76531272f9.mp4,1109079,.mp4,video,5f43d85a34ae5956294af58d49271bd378b164a1be61e6e775b34300ab0831dd,2025-12-20T22:25:00.490Z,2025-12-20T22:25:00.491Z,657549cb-9a68-4150-97e2-ac76531272f9,657549cb-9a68-4150-97e2-ac76531272f9,false,,,ok,mp4-family
GrokVault,full-vault-scan,/Users/philipbankier/Content/Grok IMagine/greymaker/GrokVault/2025-12-20_Auto/6608908b-829a-45e4-85a2-c7e3efd37f38.mp4,2025-12-20_Auto/6608908b-829a-45e4-85a2-c7e3efd37f38.mp4,1752441,.mp4,video,bcd812b54ff924abe0ac8a242a5309eff56b93f76a35d125305da84e7ced35ef,2025-12-20T23:47:02.579Z,2025-12-20T23:47:02.583Z,6608908b-829a-45e4-85a2-c7e3efd37f38,6608908b-829a-45e4-85a2-c7e3efd37f38,false,,,ok,mp4-family
GrokVault,full-vault-scan,/Users/philipbankier/Content/Grok IMagine/greymaker/GrokVault/2025-12-20_Auto/663849f2-e964-4333-bad1-a4037463d907.png,2025-12-20_Auto/663849f2-e964-4333-bad1-a4037463d907.png,323873,.png,image,1c9db8e403eaaee5e86331bee9f61670a828fa3e44371d17650301caa956ad15,2025-12-20T04:33:20.898Z,2025-12-20T04:33:20.900Z,663849f2-e964-4333-bad1-a4037463d907,663849f2-e964-4333-bad1-a4037463d907,false,,,ok,jpeg
GrokVault,full-vault-scan,/Users/philipbankier/Content/Grok IMagine/greymaker/GrokVault/2025-12-20_Auto/6757ad44-07bd-4e2e-b650-74b5449f69ac.mp4,2025-12-20_Auto/6757ad44-07bd-4e2e-b650-74b5449f69ac.mp4,2322583,.mp4,video,387f533068e154008e78e8054a47bed32cbf172ac003451d8ed3c02457e96b4c,2025-12-20T22:53:40.064Z,2025-12-20T22:53:40.067Z,6757ad44-07bd-4e2e-b650-74b5449f69ac,6757ad44-07bd-4e2e-b650-74b5449f69ac,false,,,ok,mp4-family
GrokVault,full-vault-scan,/Users/philipbankier/Content/Grok IMagine/greymaker/GrokVault/2025-12-20_Auto/675a022f-edac-4486-b214-dad3162e3eeb.mp4,2025-12-20_Auto/675a022f-edac-4486-b214-dad3162e3eeb.mp4,1630965,.mp4,video,90f715943fab894aa9e9ff71f36978c85d62a32f26ede30303dd724326792f2b,2025-12-20T22:43:39.931Z,2025-12-20T22:43:39.933Z,675a022f-edac-4486-b214-dad3162e3eeb,675a022f-edac-4486-b214-dad3162e3eeb,false,,,ok,mp4-family
GrokVault,full-vault-scan,/Users/philipbankier/Content/Grok IMagine/greymaker/GrokVault/2025-12-20_Auto/678b5d0b-0955-44d3-8664-9cf5378613c6.mp4,2025-12-20_Auto/678b5d0b-0955-44d3-8664-9cf5378613c6.mp4,1402059,.mp4,video,a2cb4f61e1367fe263ee36fec5cce770edcd677a07cce9c8cbc85108021186c1,2025-12-20T04:44:40.206Z,2025-12-20T04:44:40.208Z,678b5d0b-0955-44d3-8664-9cf5378613c6,678b5d0b-0955-44d3-8664-9cf5378613c6,false,,,ok,mp4-family
GrokVault,full-vault-scan,/Users/philipbankier/Content/Grok IMagine/greymaker/GrokVault/2025-12-20_Auto/67b96ee9-49e7-4cdd-8e57-9ea964a73219.png,2025-12-20_Auto/67b96ee9-49e7-4cdd-8e57-9ea964a73219.png,209857,.png,image,66f9ff18a8ee515a7dfcf60d3b3701d1dcc82f232aa50b229efb16de42ace51f,2025-12-20T21:56:38.473Z,2025-12-20T21:56:38.532Z,67b96ee9-49e7-4cdd-8e57-9ea964a73219,67b96ee9-49e7-4cdd-8e57-9ea964a73219,false,,,ok,jpeg
GrokVault,full-vault-scan,/Users/philipbankier/Content/Grok IMagine/greymaker/GrokVault/2025-12-20_Auto/67baea2c-0feb-4108-b7d6-2019933e5650.mp4,2025-12-20_Auto/67baea2c-0feb-4108-b7d6-2019933e5650.mp4,1240410,.mp4,video,f3f6542c920f26fe12271a13e903ca16ca43c49c2d05e7a22b5eb69d63894e8e,2025-12-20T22:48:55.174Z,2025-12-20T22:48:55.176Z,67baea2c-0feb-4108-b7d6-2019933e5650,67baea2c-0feb-4108-b7d6-2019933e5650,false,,,ok,mp4-family
GrokVault,full-vault-scan,/Users/philipbankier/Content/Grok IMagine/greymaker/GrokVault/2025-12-20_Auto/67fc2373-0cb4-4fb8-aa69-7cab7e071ecf.png,2025-12-20_Auto/67fc2373-0cb4-4fb8-aa69-7cab7e071ecf.png,365167,.png,image,06a9bdf4e05ebb09a8dda73269a320004c2194f038b42d5360f95ed923ebd261,2025-12-20T00:16:42.799Z,2025-12-20T00:16:42.814Z,67fc2373-0cb4-4fb8-aa69-7cab7e071ecf,67fc2373-0cb4-4fb8-aa69-7cab7e071ecf,false,,,ok,jpeg
GrokVault,full-vault-scan,/Users/philipbankier/Content/Grok IMagine/greymaker/GrokVault/2025-12-20_Auto/689c99db-7784-44e2-a56e-4a682b375cb4.mp4,2025-12-20_Auto/689c99db-7784-44e2-a56e-4a682b375cb4.mp4,1249169,.mp4,video,413d4efc6a2264ab24dc182a02012065c3f4da570d6ef7833dd64832b86d4361,2025-12-20T04:39:23.357Z,2025-12-20T04:39:23.359Z,689c99db-7784-44e2-a56e-4a682b375cb4,689c99db-7784-44e2-a56e-4a682b375cb4,false,,,ok,mp4-family
GrokVault,full-vault-scan,/Users/philipbankier/Content/Grok IMagine/greymaker/GrokVault/2025-12-20_Auto/6910f5db-a431-49ae-890c-b173910323eb.mp4,2025-12-20_Auto/6910f5db-a431-49ae-890c-b173910323eb.mp4,1312825,.mp4,video,5b5e0aec7392378c1411d04b96860eb182af6f66294f5cc77830075777910477,2025-12-20T21:15:10.878Z,2025-12-20T21:15:10.880Z,6910f5db-a431-49ae-890c-b173910323eb,6910f5db-a431-49ae-890c-b173910323eb,false,,,ok,mp4-family
GrokVault,full-vault-scan,/Users/philipbankier/Content/Grok IMagine/greymaker/GrokVault/2025-12-20_Auto/6913af74-db01-4aa4-8bb0-1b3da9222af3.mp4,2025-12-20_Auto/6913af74-db01-4aa4-8bb0-1b3da9222af3.mp4,1353698,.mp4,video,2943bfe9b1c2b8eb584518ae1c9ae509ed438c66fbe92c77f7a6892589eee63c,2025-12-20T22:30:40.161Z,2025-12-20T22:30:40.162Z,6913af74-db01-4aa4-8bb0-1b3da9222af3,6913af74-db01-4aa4-8bb0-1b3da9222af3,false,,,ok,mp4-family
GrokVault,full-vault-scan,/Users/philipbankier/Content/Grok IMagine/greymaker/GrokVault/2025-12-20_Auto/698272e8-4372-4748-ad48-e22dad4299eb.mp4,2025-12-20_Auto/698272e8-4372-4748-ad48-e22dad4299eb.mp4,1882364,.mp4,video,318bbefb82db840cfc313a01a5aa813943cfe5cb339485021c931d8363d492cc,2025-12-20T20:56:08.628Z,2025-12-20T20:56:08.629Z,698272e8-4372-4748-ad48-e22dad4299eb,698272e8-4372-4748-ad48-e22dad4299eb,false,,,ok,mp4-family
GrokVault,full-vault-scan,/Users/philipbankier/Content/Grok IMagine/greymaker/GrokVault/2025-12-20_Auto/6992ca91-02bd-4b27-927f-41dff9b9afbd.png,2025-12-20_Auto/6992ca91-02bd-4b27-927f-41dff9b9afbd.png,237528,.png,image,588c8f164a2a8e19611431611646fcf4f3d79f1c164a396a5375cc5eb2c37a5b,2025-12-20T20:57:15.930Z,2025-12-20T20:57:15.994Z,6992ca91-02bd-4b27-927f-41dff9b9afbd,6992ca91-02bd-4b27-927f-41dff9b9afbd,false,,,ok,jpeg
GrokVault,full-vault-scan,/Users/philipbankier/Content/Grok IMagine/greymaker/GrokVault/2025-12-20_Auto/69a3d80a-ede0-4718-aaa5-24bd30a898ad.mp4,2025-12-20_Auto/69a3d80a-ede0-4718-aaa5-24bd30a898ad.mp4,1680784,.mp4,video,1597c465ab5176356d39729d53430df3c2dff51f151efb131cb3b2257b73ee3c,2025-12-20T04:30:19.966Z,2025-12-20T04:30:19.971Z,69a3d80a-ede0-4718-aaa5-24bd30a898ad,69a3d80a-ede0-4718-aaa5-24bd30a898ad,false,,,ok,mp4-family
GrokVault,full-vault-scan,/Users/philipbankier/Content/Grok IMagine/greymaker/GrokVault/2025-12-20_Auto/69c10ce3-b3c2-424e-99cc-f6bc2dafa329.png,2025-12-20_Auto/69c10ce3-b3c2-424e-99cc-f6bc2dafa329.png,233515,.png,image,567e7388854daf381125051c1497038fbcc72c194cc397f48de5a51152f5cf07,2025-12-20T21:43:28.367Z,2025-12-20T21:43:28.429Z,69c10ce3-b3c2-424e-99cc-f6bc2dafa329,69c10ce3-b3c2-424e-99cc-f6bc2dafa329,false,,,ok,jpeg
GrokVault,full-vault-scan,/Users/philipbankier/Content/Grok IMagine/greymaker/GrokVault/2025-12-20_Auto/69d94301-b276-412d-b856-e886d262dab3.mp4,2025-12-20_Auto/69d94301-b276-412d-b856-e886d262dab3.mp4,2178052,.mp4,video,4bbee753a20a3321ace89b1dd7e45bc598045b459219f6c635767b880a9269ef,2025-12-20T20:59:31.102Z,2025-12-20T20:59:31.105Z,69d94301-b276-412d-b856-e886d262dab3,69d94301-b276-412d-b856-e886d262dab3,false,,,ok,mp4-family
GrokVault,full-vault-scan,/Users/philipbankier/Content/Grok IMagine/greymaker/GrokVault/2025-12-20_Auto/6a278169-694d-4099-8422-e96a0b8d0b9d.png,2025-12-20_Auto/6a278169-694d-4099-8422-e96a0b8d0b9d.png,219583,.png,image,e15c2690dbb64cea277786ba1b31f8782151677d56c86235c6779b0a354a76ff,2025-12-20T05:31:52.331Z,2025-12-20T05:31:52.332Z,6a278169-694d-4099-8422-e96a0b8d0b9d,6a278169-694d-4099-8422-e96a0b8d0b9d,false,,,ok,jpeg
GrokVault,full-vault-scan,/Users/philipbankier/Content/Grok IMagine/greymaker/GrokVault/2025-12-20_Auto/6a380a1a-3156-4b40-b22f-9b847eb318b2.png,2025-12-20_Auto/6a380a1a-3156-4b40-b22f-9b847eb318b2.png,282544,.png,image,e0eb5f0db120553b3cdb77aac02d1f864fc64b7177e7d5979e7e0dc74661e279,2025-12-20T22:12:03.113Z,2025-12-20T22:12:03.381Z,6a380a1a-3156-4b40-b22f-9b847eb318b2,6a380a1a-3156-4b40-b22f-9b847eb318b2,false,,,ok,jpeg
GrokVault,full-vault-scan,/Users/philipbankier/Content/Grok IMagine/greymaker/GrokVault/2025-12-20_Auto/6aee7373-75e5-4157-96e7-1d4256af0459.mp4,2025-12-20_Auto/6aee7373-75e5-4157-96e7-1d4256af0459.mp4,2092129,.mp4,video,32764a8758f612a590a7a3aa3bb5613432306b47675546ccc62f0dc48fa8530e,2025-12-20T20:58:00.609Z,2025-12-20T20:58:00.612Z,6aee7373-75e5-4157-96e7-1d4256af0459,6aee7373-75e5-4157-96e7-1d4256af0459,false,,,ok,mp4-family
GrokVault,full-vault-scan,/Users/philipbankier/Content/Grok IMagine/greymaker/GrokVault/2025-12-20_Auto/6af1a702-c40e-47f3-a360-f65bd2124a29.png,2025-12-20_Auto/6af1a702-c40e-47f3-a360-f65bd2124a29.png,271755,.png,image,5ff0feecc2084777143341fe7dbe47c632fd79ad8333f113ed22c4cc05f0aea2,2025-12-20T23:31:11.796Z,2025-12-20T23:31:11.864Z,6af1a702-c40e-47f3-a360-f65bd2124a29,6af1a702-c40e-47f3-a360-f65bd2124a29,false,,,ok,jpeg
GrokVault,full-vault-scan,/Users/philipbankier/Content/Grok IMagine/greymaker/GrokVault/2025-12-20_Auto/6b07cd38-519e-4e84-b9b9-03bf1f1310db.png,2025-12-20_Auto/6b07cd38-519e-4e84-b9b9-03bf1f1310db.png,273513,.png,image,b36cd890c61400e67ceb0dd73f5a728e58e26c64d432f11669f8e047db83d345,2025-12-20T04:04:36.210Z,2025-12-20T04:04:36.214Z,6b07cd38-519e-4e84-b9b9-03bf1f1310db,6b07cd38-519e-4e84-b9b9-03bf1f1310db,false,,,ok,jpeg
GrokVault,full-vault-scan,/Users/philipbankier/Content/Grok IMagine/greymaker/GrokVault/2025-12-20_Auto/6b0bea40-39f7-4dcd-90ab-f602e273a0bc.mp4,2025-12-20_Auto/6b0bea40-39f7-4dcd-90ab-f602e273a0bc.mp4,1833514,.mp4,video,b8df673216d66a1a4d47ac30dad26368867da0055d7b3068326e27e9eda854d1,2025-12-20T23:41:07.454Z,2025-12-20T23:41:07.455Z,6b0bea40-39f7-4dcd-90ab-f602e273a0bc,6b0bea40-39f7-4dcd-90ab-f602e273a0bc,false,,,ok,mp4-family
GrokVault,full-vault-scan,/Users/philipbankier/Content/Grok IMagine/greymaker/GrokVault/2025-12-20_Auto/6b26feb3-1c1c-469c-8bcb-900e0a9ed6e9.png,2025-12-20_Auto/6b26feb3-1c1c-469c-8bcb-900e0a9ed6e9.png,264310,.png,image,c67d2d839dddd57dbf5bc74e78f2dad9a75b9a2e49e6fe392c7f1306547c6721,2025-12-20T23:23:39.592Z,2025-12-20T23:23:39.664Z,6b26feb3-1c1c-469c-8bcb-900e0a9ed6e9,6b26feb3-1c1c-469c-8bcb-900e0a9ed6e9,false,,,ok,jpeg
GrokVault,full-vault-scan,/Users/philipbankier/Content/Grok IMagine/greymaker/GrokVault/2025-12-20_Auto/6b52ba0a-ae7e-4da2-9565-4ab266785777.mp4,2025-12-20_Auto/6b52ba0a-ae7e-4da2-9565-4ab266785777.mp4,1339678,.mp4,video,2dae071c9aaf5a5ba0b5b89345c5c47aefc4ea8c5463463fb9285404536dbe25,2025-12-20T23:02:14.256Z,2025-12-20T23:02:14.258Z,6b52ba0a-ae7e-4da2-9565-4ab266785777,6b52ba0a-ae7e-4da2-9565-4ab266785777,false,,,ok,mp4-family
GrokVault,full-vault-scan,/Users/philipbankier/Content/Grok IMagine/greymaker/GrokVault/2025-12-20_Auto/6bc122c5-004a-44d7-9611-7e44c209edfd.png,2025-12-20_Auto/6bc122c5-004a-44d7-9611-7e44c209edfd.png,231375,.png,image,e592e46c3f214085465c071576fadd103ffdf76ee056003906f9006c14352428,2025-12-20T21:43:56.663Z,2025-12-20T21:43:56.724Z,6bc122c5-004a-44d7-9611-7e44c209edfd,6bc122c5-004a-44d7-9611-7e44c209edfd,false,,,ok,jpeg
GrokVault,full-vault-scan,/Users/philipbankier/Content/Grok IMagine/greymaker/GrokVault/2025-12-20_Auto/6bd357e6-aeb6-446c-ace9-5575d67af6a4.png,2025-12-20_Auto/6bd357e6-aeb6-446c-ace9-5575d67af6a4.png,235333,.png,image,b852e4aeabb33b4e91173aba2831cdd48a40d3472282c7308770145f434472d4,2025-12-20T21:19:29.078Z,2025-12-20T21:19:29.139Z,6bd357e6-aeb6-446c-ace9-5575d67af6a4,6bd357e6-aeb6-446c-ace9-5575d67af6a4,false,,,ok,jpeg
GrokVault,full-vault-scan,/Users/philipbankier/Content/Grok IMagine/greymaker/GrokVault/2025-12-20_Auto/6bd47cc3-9d07-4ba3-8690-249588edf46e.png,2025-12-20_Auto/6bd47cc3-9d07-4ba3-8690-249588edf46e.png,226682,.png,image,f2f81915de1a463edd6272701e3fc584f1a850790b12206eb099923164ab008e,2025-12-20T23:20:46.252Z,2025-12-20T23:20:46.318Z,6bd47cc3-9d07-4ba3-8690-249588edf46e,6bd47cc3-9d07-4ba3-8690-249588edf46e,false,,,ok,jpeg
GrokVault,full-vault-scan,/Users/philipbankier/Content/Grok IMagine/greymaker/GrokVault/2025-12-20_Auto/6bdec6b7-3ab1-4ad4-ae27-48ed32185582.png,2025-12-20_Auto/6bdec6b7-3ab1-4ad4-ae27-48ed32185582.png,239268,.png,image,f3f28426a29e032f05a6df1a040f0949b134bc1e9528b1c0e7a0520fb2d5061a,2025-12-20T21:26:40.649Z,2025-12-20T21:26:40.709Z,6bdec6b7-3ab1-4ad4-ae27-48ed32185582,6bdec6b7-3ab1-4ad4-ae27-48ed32185582,false,,,ok,jpeg
GrokVault,full-vault-scan,/Users/philipbankier/Content/Grok IMagine/greymaker/GrokVault/2025-12-20_Auto/6c05cb23-fd68-4998-8300-9ea4191bbd20.png,2025-12-20_Auto/6c05cb23-fd68-4998-8300-9ea4191bbd20.png,217759,.png,image,f81060d6007df144e9eb884cdfa436a1d9b3e86d8ffa39ad1ebd19928d70d3e6,2025-12-20T21:39:24.259Z,2025-12-20T21:39:24.315Z,6c05cb23-fd68-4998-8300-9ea4191bbd20,6c05cb23-fd68-4998-8300-9ea4191bbd20,false,,,ok,jpeg
GrokVault,full-vault-scan,/Users/philipbankier/Content/Grok IMagine/greymaker/GrokVault/2025-12-20_Auto/6c30fe63-79e7-4f1f-bd92-6da993d28add.png,2025-12-20_Auto/6c30fe63-79e7-4f1f-bd92-6da993d28add.png,219427,.png,image,499b89b914d35c22f5fcc5e2c462227f0a74799a0b9da2b52e7365652c6654b4,2025-12-20T21:44:54.777Z,2025-12-20T21:44:54.836Z,6c30fe63-79e7-4f1f-bd92-6da993d28add,6c30fe63-79e7-4f1f-bd92-6da993d28add,false,,,ok,jpeg
GrokVault,full-vault-scan,/Users/philipbankier/Content/Grok IMagine/greymaker/GrokVault/2025-12-20_Auto/6c4b5ef9-8055-417d-a3ef-35ecfe457ca2.png,2025-12-20_Auto/6c4b5ef9-8055-417d-a3ef-35ecfe457ca2.png,245849,.png,image,cb369190a476727e6a2190b65cd62f03cfc37630bfb3892435e04f4a1a8e153a,2025-12-20T04:56:44.553Z,2025-12-20T04:56:44.556Z,6c4b5ef9-8055-417d-a3ef-35ecfe457ca2,6c4b5ef9-8055-417d-a3ef-35ecfe457ca2,false,,,ok,jpeg
GrokVault,full-vault-scan,/Users/philipbankier/Content/Grok IMagine/greymaker/GrokVault/2025-12-20_Auto/6c55fc99-ddd5-4020-94c1-5e174020d9a5.png,2025-12-20_Auto/6c55fc99-ddd5-4020-94c1-5e174020d9a5.png,271394,.png,image,a56408c53ef92cce3b06357a1d25a1e8613009164826858928ea2fdd8b7d8916,2025-12-20T21:45:53.074Z,2025-12-20T21:45:53.140Z,6c55fc99-ddd5-4020-94c1-5e174020d9a5,6c55fc99-ddd5-4020-94c1-5e174020d9a5,false,,,ok,jpeg
GrokVault,full-vault-scan,/Users/philipbankier/Content/Grok IMagine/greymaker/GrokVault/2025-12-20_Auto/6c61f4b8-3045-4da9-95b8-a2608afd261d.png,2025-12-20_Auto/6c61f4b8-3045-4da9-95b8-a2608afd261d.png,200434,.png,image,4cbc23068299004eaf3d328db3d3e862c0b4c3da829680930ea647f29137d6fe,2025-12-20T21:25:00.858Z,2025-12-20T21:25:00.918Z,6c61f4b8-3045-4da9-95b8-a2608afd261d,6c61f4b8-3045-4da9-95b8-a2608afd261d,false,,,ok,jpeg
GrokVault,full-vault-scan,/Users/philipbankier/Content/Grok IMagine/greymaker/GrokVault/2025-12-20_Auto/6cc400e2-9f73-4165-80db-40cce223b19f.mp4,2025-12-20_Auto/6cc400e2-9f73-4165-80db-40cce223b19f.mp4,1352068,.mp4,video,ef43548fb6a6dd098cee5ab78f13dea7d58ad0a9ca275aaa55fdf0642ecc14bc,2025-12-20T04:00:51.126Z,2025-12-20T04:00:51.128Z,6cc400e2-9f73-4165-80db-40cce223b19f,6cc400e2-9f73-4165-80db-40cce223b19f,false,,,ok,mp4-family
GrokVault,full-vault-scan,/Users/philipbankier/Content/Grok IMagine/greymaker/GrokVault/2025-12-20_Auto/6cd5245e-233e-42e3-a82d-85d5593e5c62_hd.mp4,2025-12-20_Auto/6cd5245e-233e-42e3-a82d-85d5593e5c62_hd.mp4,5149857,.mp4,video,fe89bc922a22ed4a127efdd45f6418881a5de465971d0de845d84dc98a300966,2025-12-20T05:39:22.411Z,2025-12-20T05:39:22.462Z,6cd5245e-233e-42e3-a82d-85d5593e5c62,6cd5245e-233e-42e3-a82d-85d5593e5c62,false,,,ok,mp4-family
GrokVault,full-vault-scan,/Users/philipbankier/Content/Grok IMagine/greymaker/GrokVault/2025-12-20_Auto/6d10d981-8214-4073-9c53-402cd161a05b.png,2025-12-20_Auto/6d10d981-8214-4073-9c53-402cd161a05b.png,193043,.png,image,f4096f511595b89469c6b6aca290bc95c96fbbd44bb898ca2191362ac33393df,2025-12-20T22:25:56.538Z,2025-12-20T22:25:56.608Z,6d10d981-8214-4073-9c53-402cd161a05b,6d10d981-8214-4073-9c53-402cd161a05b,false,,,ok,jpeg
GrokVault,full-vault-scan,/Users/philipbankier/Content/Grok IMagine/greymaker/GrokVault/2025-12-20_Auto/6d4d4e07-bcf6-4f92-b2f0-a61ddf4b7ad3.mp4,2025-12-20_Auto/6d4d4e07-bcf6-4f92-b2f0-a61ddf4b7ad3.mp4,1834341,.mp4,video,e2a99109787e1aebfeeb13b7e41747ee3289bb3c71f457eb87bb1ec28e847948,2025-12-20T21:08:14.006Z,2025-12-20T21:08:14.008Z,6d4d4e07-bcf6-4f92-b2f0-a61ddf4b7ad3,6d4d4e07-bcf6-4f92-b2f0-a61ddf4b7ad3,false,,hash-8,ok,mp4-family
GrokVault,full-vault-scan,/Users/philipbankier/Content/Grok IMagine/greymaker/GrokVault/2025-12-20_Auto/6d5adfbb-785e-4aad-a23a-a8d3304ae147.mp4,2025-12-20_Auto/6d5adfbb-785e-4aad-a23a-a8d3304ae147.mp4,1506333,.mp4,video,a2be5996cc1f97a09a6733e04600b0576b3f01f5a764f7e469ed4c19c16e730a,2025-12-20T22:29:58.071Z,2025-12-20T22:29:58.073Z,6d5adfbb-785e-4aad-a23a-a8d3304ae147,6d5adfbb-785e-4aad-a23a-a8d3304ae147,false,,,ok,mp4-family
GrokVault,full-vault-scan,/Users/philipbankier/Content/Grok IMagine/greymaker/GrokVault/2025-12-20_Auto/6d607f76-7490-4bb0-92c0-7300a0e6cde4.png,2025-12-20_Auto/6d607f76-7490-4bb0-92c0-7300a0e6cde4.png,273380,.png,image,265abf6c2ac042c5c440055be0c69f2deaf057077737e08145d8a4baa421c495,2025-12-20T21:52:49.632Z,2025-12-20T21:52:49.693Z,6d607f76-7490-4bb0-92c0-7300a0e6cde4,6d607f76-7490-4bb0-92c0-7300a0e6cde4,false,,,ok,jpeg
GrokVault,full-vault-scan,/Users/philipbankier/Content/Grok IMagine/greymaker/GrokVault/2025-12-20_Auto/6d883c12-c9c2-4fef-a037-963350df04b1.png,2025-12-20_Auto/6d883c12-c9c2-4fef-a037-963350df04b1.png,231950,.png,image,d2425743f14ae7a3ad63514942c97a2f3e4564d35e370aa43cf6a9bb574d751f,2025-12-20T05:05:48.068Z,2025-12-20T05:05:48.070Z,6d883c12-c9c2-4fef-a037-963350df04b1,6d883c12-c9c2-4fef-a037-963350df04b1,false,,,ok,jpeg
GrokVault,full-vault-scan,/Users/philipbankier/Content/Grok IMagine/greymaker/GrokVault/2025-12-20_Auto/6e1ceb70-a45d-4654-bbaa-7adef821f061.mp4,2025-12-20_Auto/6e1ceb70-a45d-4654-bbaa-7adef821f061.mp4,1011610,.mp4,video,825ace5076e577ac177d4bc99d343e392d61a30c9a52da95b1b4f780be8f63f5,2025-12-20T22:29:00.858Z,2025-12-20T22:29:00.858Z,6e1ceb70-a45d-4654-bbaa-7adef821f061,6e1ceb70-a45d-4654-bbaa-7adef821f061,false,,,ok,mp4-family
GrokVault,full-vault-scan,/Users/philipbankier/Content/Grok IMagine/greymaker/GrokVault/2025-12-20_Auto/6e274dc6-fdaf-40e1-821f-1120876134ec.png,2025-12-20_Auto/6e274dc6-fdaf-40e1-821f-1120876134ec.png,261499,.png,image,ed54d6e701192ebbd0ed9554b74b055c048706c01858447a9ce2480b41aa5ff9,2025-12-20T21:34:21.611Z,2025-12-20T21:34:21.695Z,6e274dc6-fdaf-40e1-821f-1120876134ec,6e274dc6-fdaf-40e1-821f-1120876134ec,false,,,ok,jpeg
GrokVault,full-vault-scan,/Users/philipbankier/Content/Grok IMagine/greymaker/GrokVault/2025-12-20_Auto/6ea101b1-c191-4de1-b75e-b73b5b1bd7c2.png,2025-12-20_Auto/6ea101b1-c191-4de1-b75e-b73b5b1bd7c2.png,386518,.png,image,d645e2a9f49e4367b41f91130e9bf9db87bf9ecb29a9240245ae9779bf3850fe,2025-12-20T03:56:41.110Z,2025-12-20T03:56:41.116Z,6ea101b1-c191-4de1-b75e-b73b5b1bd7c2,6ea101b1-c191-4de1-b75e-b73b5b1bd7c2,false,,,ok,jpeg
GrokVault,full-vault-scan,/Users/philipbankier/Content/Grok IMagine/greymaker/GrokVault/2025-12-20_Auto/6ec642bd-762e-449d-8d48-47244f3db156.mp4,2025-12-20_Auto/6ec642bd-762e-449d-8d48-47244f3db156.mp4,1457518,.mp4,video,760ba37fd6a2ea36e77cace936480209fdc1781d8d352a8f74efb0c3c6e8cf8e,2025-12-20T23:45:37.419Z,2025-12-20T23:45:37.420Z,6ec642bd-762e-449d-8d48-47244f3db156,6ec642bd-762e-449d-8d48-47244f3db156,false,,,ok,mp4-family
GrokVault,full-vault-scan,/Users/philipbankier/Content/Grok IMagine/greymaker/GrokVault/2025-12-20_Auto/6edc0995-ec9b-435c-af11-e2828a437159.png,2025-12-20_Auto/6edc0995-ec9b-435c-af11-e2828a437159.png,377500,.png,image,c11e17be2924ecaae9616446f7e9bce4492471a6ded4e560e07ae5b973f2f41f,2025-12-20T04:17:52.601Z,2025-12-20T04:17:52.606Z,6edc0995-ec9b-435c-af11-e2828a437159,6edc0995-ec9b-435c-af11-e2828a437159,false,,,ok,jpeg
GrokVault,full-vault-scan,/Users/philipbankier/Content/Grok IMagine/greymaker/GrokVault/2025-12-20_Auto/6ede0f4f-9ac7-4a52-9e86-9b6949800ff5.png,2025-12-20_Auto/6ede0f4f-9ac7-4a52-9e86-9b6949800ff5.png,230282,.png,image,15bc0a08ff3f22d87bc8a44d05e7d7f069b93a47dd64f3b894931148a1241c40,2025-12-20T21:56:09.709Z,2025-12-20T21:56:09.768Z,6ede0f4f-9ac7-4a52-9e86-9b6949800ff5,6ede0f4f-9ac7-4a52-9e86-9b6949800ff5,false,,,ok,jpeg
GrokVault,full-vault-scan,/Users/philipbankier/Content/Grok IMagine/greymaker/GrokVault/2025-12-20_Auto/6f8ab408-b4ba-48da-a7be-3af192ede6d9.png,2025-12-20_Auto/6f8ab408-b4ba-48da-a7be-3af192ede6d9.png,212042,.png,image,7e83f7d8b52406f73e7ac6e15a6cd83cb271d4a300f369cc7449df2cc19a32c1,2025-12-20T23:26:20.057Z,2025-12-20T23:26:20.116Z,6f8ab408-b4ba-48da-a7be-3af192ede6d9,6f8ab408-b4ba-48da-a7be-3af192ede6d9,false,,,ok,jpeg
GrokVault,full-vault-scan,/Users/philipbankier/Content/Grok IMagine/greymaker/GrokVault/2025-12-20_Auto/6fd344d3-19a8-49c4-aba0-2fe8a743dd70.png,2025-12-20_Auto/6fd344d3-19a8-49c4-aba0-2fe8a743dd70.png,286049,.png,image,cd11897397906f516db5e35bcdfd2efe07d56d1d2716154b2fe08a5efecb9e30,2025-12-20T22:04:06.153Z,2025-12-20T22:04:06.218Z,6fd344d3-19a8-49c4-aba0-2fe8a743dd70,6fd344d3-19a8-49c4-aba0-2fe8a743dd70,false,,,ok,jpeg
GrokVault,full-vault-scan,/Users/philipbankier/Content/Grok IMagine/greymaker/GrokVault/2025-12-20_Auto/6fe1b10e-89c4-4673-b121-8166f64e0fef.png,2025-12-20_Auto/6fe1b10e-89c4-4673-b121-8166f64e0fef.png,257552,.png,image,9aeed7da6361ecaf275136a9a923c512aa6363b71d76a7729afaa887b0bfdc50,2025-12-20T21:50:54.837Z,2025-12-20T21:50:54.897Z,6fe1b10e-89c4-4673-b121-8166f64e0fef,6fe1b10e-89c4-4673-b121-8166f64e0fef,false,,,ok,jpeg
GrokVault,full-vault-scan,/Users/philipbankier/Content/Grok IMagine/greymaker/GrokVault/2025-12-20_Auto/6ffdd6cc-5e7d-4964-a33d-cad8b3b61631.mp4,2025-12-20_Auto/6ffdd6cc-5e7d-4964-a33d-cad8b3b61631.mp4,1196509,.mp4,video,8de4b57b9ac6aef37ad0feb3e54dd3576888f687df0c8b2c3ecdb103996b5fbd,2025-12-20T22:51:46.360Z,2025-12-20T22:51:46.361Z,6ffdd6cc-5e7d-4964-a33d-cad8b3b61631,6ffdd6cc-5e7d-4964-a33d-cad8b3b61631,false,,,ok,mp4-family
GrokVault,full-vault-scan,/Users/philipbankier/Content/Grok IMagine/greymaker/GrokVault/2025-12-20_Auto/7012ebb4-c2c9-46b7-a058-631eb71b4547.mp4,2025-12-20_Auto/7012ebb4-c2c9-46b7-a058-631eb71b4547.mp4,1273932,.mp4,video,d88b4900e1319805507f071e4798e3a19d77220262f7665be23a378e1c0dd66b,2025-12-20T23:05:05.172Z,2025-12-20T23:05:05.173Z,7012ebb4-c2c9-46b7-a058-631eb71b4547,7012ebb4-c2c9-46b7-a058-631eb71b4547,false,,,ok,mp4-family
GrokVault,full-vault-scan,/Users/philipbankier/Content/Grok IMagine/greymaker/GrokVault/2025-12-20_Auto/7043736e-b0f9-49f5-8030-9cec85125c98.mp4,2025-12-20_Auto/7043736e-b0f9-49f5-8030-9cec85125c98.mp4,2291322,.mp4,video,84d577f8fa265384b4163b145fa2ccd03b398c6c20114079c4058e085bccc7ef,2025-12-20T04:59:00.410Z,2025-12-20T04:59:00.412Z,7043736e-b0f9-49f5-8030-9cec85125c98,7043736e-b0f9-49f5-8030-9cec85125c98,false,,,ok,mp4-family
GrokVault,full-vault-scan,/Users/philipbankier/Content/Grok IMagine/greymaker/GrokVault/2025-12-20_Auto/70649d31-89d2-41f7-ab28-cc3a3c3ae684.png,2025-12-20_Auto/70649d31-89d2-41f7-ab28-cc3a3c3ae684.png,272237,.png,image,0a7e8517373bbeab3a6581a6bd952cd3e158974af2521c21f8f508fc126c9405,2025-12-20T21:35:20.974Z,2025-12-20T21:35:21.041Z,70649d31-89d2-41f7-ab28-cc3a3c3ae684,70649d31-89d2-41f7-ab28-cc3a3c3ae684,false,,,ok,jpeg
GrokVault,full-vault-scan,/Users/philipbankier/Content/Grok IMagine/greymaker/GrokVault/2025-12-20_Auto/706f7db7-c5cb-43a6-bc74-5b9fd973dbdf.png,2025-12-20_Auto/706f7db7-c5cb-43a6-bc74-5b9fd973dbdf.png,243868,.png,image,572f1e4f7b15c974afc3933f7cc18fa0e6f38db0689db8583bb021a7e29db7b5,2025-12-20T23:23:24.426Z,2025-12-20T23:23:24.492Z,706f7db7-c5cb-43a6-bc74-5b9fd973dbdf,706f7db7-c5cb-43a6-bc74-5b9fd973dbdf,false,,,ok,jpeg
GrokVault,full-vault-scan,/Users/philipbankier/Content/Grok IMagine/greymaker/GrokVault/2025-12-20_Auto/70c0bbcb-ccdb-4b98-b50d-a93598c6c416.mp4,2025-12-20_Auto/70c0bbcb-ccdb-4b98-b50d-a93598c6c416.mp4,1510481,.mp4,video,b8ccac327857bc9913f89b2dfbb3e2e65416c52073562f8556b3963a124634ec,2025-12-20T23:48:42.118Z,2025-12-20T23:48:42.120Z,70c0bbcb-ccdb-4b98-b50d-a93598c6c416,70c0bbcb-ccdb-4b98-b50d-a93598c6c416,false,,,ok,mp4-family
GrokVault,full-vault-scan,/Users/philipbankier/Content/Grok IMagine/greymaker/GrokVault/2025-12-20_Auto/70c9ab4e-ca3b-4768-9def-8f7af0df2d9a.png,2025-12-20_Auto/70c9ab4e-ca3b-4768-9def-8f7af0df2d9a.png,214601,.png,image,ebbc280afc6fb0b1398070f98d21192c3685d83a97e179c2e2f3d1081e0de3d0,2025-12-20T23:14:13.275Z,2025-12-20T23:14:13.334Z,70c9ab4e-ca3b-4768-9def-8f7af0df2d9a,70c9ab4e-ca3b-4768-9def-8f7af0df2d9a,false,,,ok,jpeg
GrokVault,full-vault-scan,/Users/philipbankier/Content/Grok IMagine/greymaker/GrokVault/2025-12-20_Auto/71027c4f-7159-46c5-aec4-ad912c7cafc1.mp4,2025-12-20_Auto/71027c4f-7159-46c5-aec4-ad912c7cafc1.mp4,1604193,.mp4,video,5df75b53ec02092c3334d8dbb2bc269c454e48a45579f68b846b9c258658a7e4,2025-12-20T04:37:31.205Z,2025-12-20T04:37:31.207Z,71027c4f-7159-46c5-aec4-ad912c7cafc1,71027c4f-7159-46c5-aec4-ad912c7cafc1,false,,,ok,mp4-family
GrokVault,full-vault-scan,/Users/philipbankier/Content/Grok IMagine/greymaker/GrokVault/2025-12-20_Auto/7110d94e-fb60-43fc-9bad-3135fb728ef9.mp4,2025-12-20_Auto/7110d94e-fb60-43fc-9bad-3135fb728ef9.mp4,1941532,.mp4,video,87e02fda6c5c9d6e66101f4fb4cc70ea46bce1b9406fc7b2485445b253947451,2025-12-20T20:59:06.742Z,2025-12-20T20:59:06.744Z,7110d94e-fb60-43fc-9bad-3135fb728ef9,7110d94e-fb60-43fc-9bad-3135fb728ef9,false,,,ok,mp4-family
GrokVault,full-vault-scan,/Users/philipbankier/Content/Grok IMagine/greymaker/GrokVault/2025-12-20_Auto/711fbd6e-b360-422b-aa6e-a76daab609cb.mp4,2025-12-20_Auto/711fbd6e-b360-422b-aa6e-a76daab609cb.mp4,3223828,.mp4,video,46e599263ba341d10a53d5f45cb94f15e2eea0ab4864fb52b7705ca7599f53af,2025-12-20T00:12:18.942Z,2025-12-20T00:12:18.944Z,711fbd6e-b360-422b-aa6e-a76daab609cb,711fbd6e-b360-422b-aa6e-a76daab609cb,false,,,ok,mp4-family
GrokVault,full-vault-scan,/Users/philipbankier/Content/Grok IMagine/greymaker/GrokVault/2025-12-20_Auto/7139cd96-df61-446d-8b29-1839f72e3f84.png,2025-12-20_Auto/7139cd96-df61-446d-8b29-1839f72e3f84.png,311104,.png,image,7c3fa91d69b74260e10b9a6dbb243e8d1f183730dcc5867655cb4f33c6a98088,2025-12-20T22:40:46.877Z,2025-12-20T22:40:46.946Z,7139cd96-df61-446d-8b29-1839f72e3f84,7139cd96-df61-446d-8b29-1839f72e3f84,false,,,ok,jpeg
GrokVault,full-vault-scan,/Users/philipbankier/Content/Grok IMagine/greymaker/GrokVault/2025-12-20_Auto/71b95787-8c3c-4355-ab27-7512119decfc.png,2025-12-20_Auto/71b95787-8c3c-4355-ab27-7512119decfc.png,231025,.png,image,575da443279db63b83ae248986a67e5de6db8a664697c419452cefcbe6a7d8cc,2025-12-20T05:28:27.726Z,2025-12-20T05:28:27.727Z,71b95787-8c3c-4355-ab27-7512119decfc,71b95787-8c3c-4355-ab27-7512119decfc,false,,,ok,jpeg
GrokVault,full-vault-scan,/Users/philipbankier/Content/Grok IMagine/greymaker/GrokVault/2025-12-20_Auto/71ee758f-7ce2-4c60-a4c8-279d4a77b980.mp4,2025-12-20_Auto/71ee758f-7ce2-4c60-a4c8-279d4a77b980.mp4,2266042,.mp4,video,4181f3d78da1bb190dd22bab0528038befd8fc42081b8aba7e1ef737553208ee,2025-12-20T21:55:40.717Z,2025-12-20T21:55:40.719Z,71ee758f-7ce2-4c60-a4c8-279d4a77b980,71ee758f-7ce2-4c60-a4c8-279d4a77b980,false,,,ok,mp4-family
GrokVault,full-vault-scan,/Users/philipbankier/Content/Grok IMagine/greymaker/GrokVault/2025-12-20_Auto/71f86d8d-46c5-482f-9698-f303f5f0fa3c.mp4,2025-12-20_Auto/71f86d8d-46c5-482f-9698-f303f5f0fa3c.mp4,1504782,.mp4,video,9e35ecef40c3d97516cd2c561070ca8dd241b7b3687a20ce098171aca9e1377d,2025-12-20T23:43:15.883Z,2025-12-20T23:43:15.885Z,71f86d8d-46c5-482f-9698-f303f5f0fa3c,71f86d8d-46c5-482f-9698-f303f5f0fa3c,false,,,ok,mp4-family
GrokVault,full-vault-scan,/Users/philipbankier/Content/Grok IMagine/greymaker/GrokVault/2025-12-20_Auto/720b874b-c090-430f-a780-a5add4d9e845.png,2025-12-20_Auto/720b874b-c090-430f-a780-a5add4d9e845.png,282663,.png,image,a12a94e5c5615f65e9fbc61b30c8a259c1cd93c09c3163443fe5248a2469e8f1,2025-12-20T23:08:12.661Z,2025-12-20T23:08:12.721Z,720b874b-c090-430f-a780-a5add4d9e845,720b874b-c090-430f-a780-a5add4d9e845,false,,,ok,jpeg
GrokVault,full-vault-scan,/Users/philipbankier/Content/Grok IMagine/greymaker/GrokVault/2025-12-20_Auto/725674c7-1f5d-4dd5-83b0-845c30db3425.mp4,2025-12-20_Auto/725674c7-1f5d-4dd5-83b0-845c30db3425.mp4,1358941,.mp4,video,3ef8d056e0ada53c1ec4d33b13271ed9ccc9699ca38d5a718b66f86980185e11,2025-12-20T22:54:52.561Z,2025-12-20T22:54:52.563Z,725674c7-1f5d-4dd5-83b0-845c30db3425,725674c7-1f5d-4dd5-83b0-845c30db3425,false,,,ok,mp4-family
GrokVault,full-vault-scan,/Users/philipbankier/Content/Grok IMagine/greymaker/GrokVault/2025-12-20_Auto/7267b41b-db62-4ae8-b822-580006e999d4.png,2025-12-20_Auto/7267b41b-db62-4ae8-b822-580006e999d4.png,403443,.png,image,5d63bc606cb86b26a3917b0a46db19594e8b6651b874bc27fd64e1bfd548c8b3,2025-12-20T00:22:45.673Z,2025-12-20T00:22:45.677Z,7267b41b-db62-4ae8-b822-580006e999d4,7267b41b-db62-4ae8-b822-580006e999d4,false,,,ok,jpeg
GrokVault,full-vault-scan,/Users/philipbankier/Content/Grok IMagine/greymaker/GrokVault/2025-12-20_Auto/726b1e88-fe2d-4a29-8c8c-7b5f201ae0d4.png,2025-12-20_Auto/726b1e88-fe2d-4a29-8c8c-7b5f201ae0d4.png,214712,.png,image,c0fb4f62e2b48f4ca515e1f6321abb2d95cf9f1f5b6268f2e2d93020ac54bb99,2025-12-20T23:05:19.716Z,2025-12-20T23:05:19.776Z,726b1e88-fe2d-4a29-8c8c-7b5f201ae0d4,726b1e88-fe2d-4a29-8c8c-7b5f201ae0d4,false,,,ok,jpeg
GrokVault,full-vault-scan,/Users/philipbankier/Content/Grok IMagine/greymaker/GrokVault/2025-12-20_Auto/72a5dc8c-e0ae-4271-a26e-786b26d7a7a9.png,2025-12-20_Auto/72a5dc8c-e0ae-4271-a26e-786b26d7a7a9.png,339234,.png,image,8905441ce8e085f136b8d9c9323d3d437d02612f4eed3bf3ad0e01a1bd1b3a35,2025-12-20T00:12:58.254Z,2025-12-20T00:12:58.258Z,72a5dc8c-e0ae-4271-a26e-786b26d7a7a9,72a5dc8c-e0ae-4271-a26e-786b26d7a7a9,false,,,ok,jpeg
GrokVault,full-vault-scan,/Users/philipbankier/Content/Grok IMagine/greymaker/GrokVault/2025-12-20_Auto/72bd9335-11c9-487d-b4cf-608b7e98b610.mp4,2025-12-20_Auto/72bd9335-11c9-487d-b4cf-608b7e98b610.mp4,1761812,.mp4,video,51d986596ff4aaeb6af2495cbd28f9c7745dd01f388f7af1ef9833073dc89804,2025-12-20T23:52:58.888Z,2025-12-20T23:52:58.889Z,72bd9335-11c9-487d-b4cf-608b7e98b610,72bd9335-11c9-487d-b4cf-608b7e98b610,false,,,ok,mp4-family
GrokVault,full-vault-scan,/Users/philipbankier/Content/Grok IMagine/greymaker/GrokVault/2025-12-20_Auto/731ffb06-5894-43c5-9fc5-1c872aa60989.mp4,2025-12-20_Auto/731ffb06-5894-43c5-9fc5-1c872aa60989.mp4,1592352,.mp4,video,3606d9b38964bfeb63b7bd8a7579b4a2d74160a271473b6946ae5a0d7c8852ac,2025-12-20T23:56:50.407Z,2025-12-20T23:56:50.408Z,731ffb06-5894-43c5-9fc5-1c872aa60989,731ffb06-5894-43c5-9fc5-1c872aa60989,false,,,ok,mp4-family
GrokVault,full-vault-scan,/Users/philipbankier/Content/Grok IMagine/greymaker/GrokVault/2025-12-20_Auto/743ba1fe-c137-4237-a48a-47b3b5d0fbee.mp4,2025-12-20_Auto/743ba1fe-c137-4237-a48a-47b3b5d0fbee.mp4,1514884,.mp4,video,ed4e802384cbc2f39a5028dc31159a3b656f4a49c7fc7622018c2532058f9c80,2025-12-20T04:14:29.580Z,2025-12-20T04:14:29.581Z,743ba1fe-c137-4237-a48a-47b3b5d0fbee,743ba1fe-c137-4237-a48a-47b3b5d0fbee,false,,,ok,mp4-family
GrokVault,full-vault-scan,/Users/philipbankier/Content/Grok IMagine/greymaker/GrokVault/2025-12-20_Auto/7475d6f7-1c70-440e-8865-7a872c0cb331_hd.mp4,2025-12-20_Auto/7475d6f7-1c70-440e-8865-7a872c0cb331_hd.mp4,2345312,.mp4,video,9c30e61112f2df525e3d140762b5a5dd7f79b79842a5ab6ac9afd00b66230666,2025-12-20T05:36:31.422Z,2025-12-20T05:36:31.453Z,7475d6f7-1c70-440e-8865-7a872c0cb331,7475d6f7-1c70-440e-8865-7a872c0cb331,false,,,ok,mp4-family
GrokVault,full-vault-scan,/Users/philipbankier/Content/Grok IMagine/greymaker/GrokVault/2025-12-20_Auto/748a0db2-562f-4fda-918e-690995268c8f.mp4,2025-12-20_Auto/748a0db2-562f-4fda-918e-690995268c8f.mp4,1503958,.mp4,video,6dd48d801546fddb40fa933ccb17669149092b998044ae27b9cc28a9cace1987,2025-12-20T22:19:30.936Z,2025-12-20T22:19:30.938Z,748a0db2-562f-4fda-918e-690995268c8f,748a0db2-562f-4fda-918e-690995268c8f,false,,,ok,mp4-family
GrokVault,full-vault-scan,/Users/philipbankier/Content/Grok IMagine/greymaker/GrokVault/2025-12-20_Auto/74faa532-bdbb-45be-a6e0-5c6b6e1ba849.png,2025-12-20_Auto/74faa532-bdbb-45be-a6e0-5c6b6e1ba849.png,216131,.png,image,fb50146af2ad31b8bd39bbc3d666a3b6f86c5e8591a88c98f10c2829f3b8e4cc,2025-12-20T21:40:07.592Z,2025-12-20T21:40:07.651Z,74faa532-bdbb-45be-a6e0-5c6b6e1ba849,74faa532-bdbb-45be-a6e0-5c6b6e1ba849,false,,,ok,jpeg
GrokVault,full-vault-scan,/Users/philipbankier/Content/Grok IMagine/greymaker/GrokVault/2025-12-20_Auto/7523eb9a-da61-4a89-9fb8-d7cf74aca78a.mp4,2025-12-20_Auto/7523eb9a-da61-4a89-9fb8-d7cf74aca78a.mp4,1418807,.mp4,video,b2a0b5fe994e5fbbae1b96106315cde8933a256baa78b8ec52bfc8650fe1ffa4,2025-12-20T22:44:38.179Z,2025-12-20T22:44:38.181Z,7523eb9a-da61-4a89-9fb8-d7cf74aca78a,7523eb9a-da61-4a89-9fb8-d7cf74aca78a,false,,,ok,mp4-family
GrokVault,full-vault-scan,/Users/philipbankier/Content/Grok IMagine/greymaker/GrokVault/2025-12-20_Auto/75e08b23-0932-41f3-947b-be6c73f20e99.png,2025-12-20_Auto/75e08b23-0932-41f3-947b-be6c73f20e99.png,273118,.png,image,20a66c45abeceb2d2ec3b5ac1334dbd89723206ba63780059832ffaf314ed19c,2025-12-20T21:51:08.779Z,2025-12-20T21:51:08.839Z,75e08b23-0932-41f3-947b-be6c73f20e99,75e08b23-0932-41f3-947b-be6c73f20e99,false,,,ok,jpeg
GrokVault,full-vault-scan,/Users/philipbankier/Content/Grok IMagine/greymaker/GrokVault/2025-12-20_Auto/76155085-0400-4b1b-9705-f1fbedef2aab.png,2025-12-20_Auto/76155085-0400-4b1b-9705-f1fbedef2aab.png,396778,.png,image,dac0ac8b5a87652c3f2dac52dbb6abcd3f3eeacb55afc9913075dd6d7abf8fc6,2025-12-20T23:09:37.737Z,2025-12-20T23:09:37.812Z,76155085-0400-4b1b-9705-f1fbedef2aab,76155085-0400-4b1b-9705-f1fbedef2aab,false,,,ok,jpeg
GrokVault,full-vault-scan,/Users/philipbankier/Content/Grok IMagine/greymaker/GrokVault/2025-12-20_Auto/768fe23f-497e-40bd-8006-0e5d65faec46.png,2025-12-20_Auto/768fe23f-497e-40bd-8006-0e5d65faec46.png,246278,.png,image,e36cfd7cece1a74821eefd650cae9a0de91a798cf214200627126980b55121d5,2025-12-20T22:50:35.515Z,2025-12-20T22:50:35.575Z,768fe23f-497e-40bd-8006-0e5d65faec46,768fe23f-497e-40bd-8006-0e5d65faec46,false,,,ok,jpeg
GrokVault,full-vault-scan,/Users/philipbankier/Content/Grok IMagine/greymaker/GrokVault/2025-12-20_Auto/7713f214-7df1-43f9-a8ce-3101e60be12f.png,2025-12-20_Auto/7713f214-7df1-43f9-a8ce-3101e60be12f.png,314302,.png,image,ea466cb535ad3f1732de6497b59ec9304798d78f5273424b902b6d6f7f9bce0f,2025-12-20T00:14:26.461Z,2025-12-20T00:14:26.464Z,7713f214-7df1-43f9-a8ce-3101e60be12f,7713f214-7df1-43f9-a8ce-3101e60be12f,false,,,ok,jpeg
GrokVault,full-vault-scan,/Users/philipbankier/Content/Grok IMagine/greymaker/GrokVault/2025-12-20_Auto/7724c65c-f4a4-4483-9fcc-05909a0873ae.png,2025-12-20_Auto/7724c65c-f4a4-4483-9fcc-05909a0873ae.png,271419,.png,image,32961578038ecdde22bae0f5bd0795a8dd16041a9a59356ab64550fa343e55f6,2025-12-20T23:22:11.441Z,2025-12-20T23:22:11.516Z,7724c65c-f4a4-4483-9fcc-05909a0873ae,7724c65c-f4a4-4483-9fcc-05909a0873ae,false,,,ok,jpeg
GrokVault,full-vault-scan,/Users/philipbankier/Content/Grok IMagine/greymaker/GrokVault/2025-12-20_Auto/773de61a-ba57-4d53-a71b-09b57a709ad7.mp4,2025-12-20_Auto/773de61a-ba57-4d53-a71b-09b57a709ad7.mp4,1866633,.mp4,video,22f969e5d3421f3b49b4008be5c61b0958e4c93416a12a1d392d22243bfaf130,2025-12-20T22:11:33.995Z,2025-12-20T22:11:33.997Z,773de61a-ba57-4d53-a71b-09b57a709ad7,773de61a-ba57-4d53-a71b-09b57a709ad7,false,,,ok,mp4-family
GrokVault,full-vault-scan,/Users/philipbankier/Content/Grok IMagine/greymaker/GrokVault/2025-12-20_Auto/77b46153-94a6-46cc-a819-901847b8d15e.mp4,2025-12-20_Auto/77b46153-94a6-46cc-a819-901847b8d15e.mp4,3824144,.mp4,video,dbe6a42a47559eda96a343ab19c123f0c883ea72470093eb1436a3b7057ac12a,2025-12-20T04:21:16.568Z,2025-12-20T04:21:16.571Z,77b46153-94a6-46cc-a819-901847b8d15e,77b46153-94a6-46cc-a819-901847b8d15e,false,,,ok,mp4-family
GrokVault,full-vault-scan,/Users/philipbankier/Content/Grok IMagine/greymaker/GrokVault/2025-12-20_Auto/77dac53a-76cb-4a2d-a79c-a47cb1159d75.png,2025-12-20_Auto/77dac53a-76cb-4a2d-a79c-a47cb1159d75.png,289437,.png,image,10fec2fe91e57e5d9ddaf2968eb9eced9509b923022b999fe3ab7f277e4b0b2e,2025-12-20T22:50:50.656Z,2025-12-20T22:50:50.715Z,77dac53a-76cb-4a2d-a79c-a47cb1159d75,77dac53a-76cb-4a2d-a79c-a47cb1159d75,false,,,ok,jpeg
GrokVault,full-vault-scan,/Users/philipbankier/Content/Grok IMagine/greymaker/GrokVault/2025-12-20_Auto/780bd692-f69d-4007-8a38-98810f2d0823.png,2025-12-20_Auto/780bd692-f69d-4007-8a38-98810f2d0823.png,260611,.png,image,37fae1b53881958206b60dd7b010a976fced8afba4bb4b973e6217a901abb7a5,2025-12-20T20:55:01.858Z,2025-12-20T20:55:01.916Z,780bd692-f69d-4007-8a38-98810f2d0823,780bd692-f69d-4007-8a38-98810f2d0823,false,,,ok,jpeg
GrokVault,full-vault-scan,/Users/philipbankier/Content/Grok IMagine/greymaker/GrokVault/2025-12-20_Auto/7825d298-fcac-4b88-9aba-0180985ec52f.mp4,2025-12-20_Auto/7825d298-fcac-4b88-9aba-0180985ec52f.mp4,1821304,.mp4,video,408748221ca6a47c9590c8b8728778cc0726c42ec2731cddb252b8d9c4b4248e,2025-12-20T23:39:14.189Z,2025-12-20T23:39:14.191Z,7825d298-fcac-4b88-9aba-0180985ec52f,7825d298-fcac-4b88-9aba-0180985ec52f,false,,,ok,mp4-family
GrokVault,full-vault-scan,/Users/philipbankier/Content/Grok IMagine/greymaker/GrokVault/2025-12-20_Auto/7840bd5b-bc35-4dd6-a328-1991d077d2ef.png,2025-12-20_Auto/7840bd5b-bc35-4dd6-a328-1991d077d2ef.png,203074,.png,image,6bae2ec8c1386d41f2a8f185c1e33abaac421f181a1d4187cffea51331c62598,2025-12-20T21:19:14.663Z,2025-12-20T21:19:14.720Z,7840bd5b-bc35-4dd6-a328-1991d077d2ef,7840bd5b-bc35-4dd6-a328-1991d077d2ef,false,,,ok,jpeg
GrokVault,full-vault-scan,/Users/philipbankier/Content/Grok IMagine/greymaker/GrokVault/2025-12-20_Auto/7889dcdd-c3a8-42be-8ce9-9fd2fe5ae82d.png,2025-12-20_Auto/7889dcdd-c3a8-42be-8ce9-9fd2fe5ae82d.png,243842,.png,image,cf5c35fa2542faf73b6a43a756ac8d9ab7642088a1aaf542114ff6d58f3202e5,2025-12-20T05:13:45.389Z,2025-12-20T05:13:45.400Z,7889dcdd-c3a8-42be-8ce9-9fd2fe5ae82d,7889dcdd-c3a8-42be-8ce9-9fd2fe5ae82d,false,,,ok,jpeg
GrokVault,full-vault-scan,/Users/philipbankier/Content/Grok IMagine/greymaker/GrokVault/2025-12-20_Auto/788aaafa-6076-41cc-9846-515328560b68.png,2025-12-20_Auto/788aaafa-6076-41cc-9846-515328560b68.png,209510,.png,image,c0bdfcef390d6ca25645a5a2569f5b67c2f33405ce2297bb8be81600f059b455,2025-12-20T23:17:51.389Z,2025-12-20T23:17:51.448Z,788aaafa-6076-41cc-9846-515328560b68,788aaafa-6076-41cc-9846-515328560b68,false,,,ok,jpeg
GrokVault,full-vault-scan,/Users/philipbankier/Content/Grok IMagine/greymaker/GrokVault/2025-12-20_Auto/78ad570d-b6da-4b06-89af-7270d2fc4a14.png,2025-12-20_Auto/78ad570d-b6da-4b06-89af-7270d2fc4a14.png,237333,.png,image,fec496c236de3b4f423b46d7900119eadd8fcaa41210d653240f02312046a9ae,2025-12-20T03:23:54.942Z,2025-12-20T03:23:54.944Z,78ad570d-b6da-4b06-89af-7270d2fc4a14,78ad570d-b6da-4b06-89af-7270d2fc4a14,false,,,ok,jpeg
GrokVault,full-vault-scan,/Users/philipbankier/Content/Grok IMagine/greymaker/GrokVault/2025-12-20_Auto/78bfb21a-3b6c-446f-8b8d-4b46f20d4f22.png,2025-12-20_Auto/78bfb21a-3b6c-446f-8b8d-4b46f20d4f22.png,234269,.png,image,71ff469938be253bc8acd92bfeaa026be844101962d0cfce39832c0954835cf9,2025-12-20T04:01:35.815Z,2025-12-20T04:01:35.816Z,78bfb21a-3b6c-446f-8b8d-4b46f20d4f22,78bfb21a-3b6c-446f-8b8d-4b46f20d4f22,false,,,ok,jpeg
GrokVault,full-vault-scan,/Users/philipbankier/Content/Grok IMagine/greymaker/GrokVault/2025-12-20_Auto/78d1d65e-679e-437f-8488-21890f8e98f2.png,2025-12-20_Auto/78d1d65e-679e-437f-8488-21890f8e98f2.png,261432,.png,image,558ba073b09fa2b1836c9787d7322bf4134d1aadaf40fda7436802231a1b4c26,2025-12-20T21:30:45.292Z,2025-12-20T21:30:45.354Z,78d1d65e-679e-437f-8488-21890f8e98f2,78d1d65e-679e-437f-8488-21890f8e98f2,false,,,ok,jpeg
GrokVault,full-vault-scan,/Users/philipbankier/Content/Grok IMagine/greymaker/GrokVault/2025-12-20_Auto/79270305-69a9-4ffe-ba93-53a458654dc7.png,2025-12-20_Auto/79270305-69a9-4ffe-ba93-53a458654dc7.png,197241,.png,image,e818a75b97c13934710a2061af0ed500ba2bee03c852b593007e8bfbfc111868,2025-12-20T22:24:01.684Z,2025-12-20T22:24:01.743Z,79270305-69a9-4ffe-ba93-53a458654dc7,79270305-69a9-4ffe-ba93-53a458654dc7,false,,,ok,jpeg
GrokVault,full-vault-scan,/Users/philipbankier/Content/Grok IMagine/greymaker/GrokVault/2025-12-20_Auto/7939a337-0cfd-42bd-a217-48cb067c542e_hd.mp4,2025-12-20_Auto/7939a337-0cfd-42bd-a217-48cb067c542e_hd.mp4,3272356,.mp4,video,768315df639a2ab7e38a278f73abdbaf2f614a8c271778159e4e70d1de82a333,2025-12-20T05:35:04.424Z,2025-12-20T05:35:04.588Z,7939a337-0cfd-42bd-a217-48cb067c542e,7939a337-0cfd-42bd-a217-48cb067c542e,false,,,ok,mp4-family
GrokVault,full-vault-scan,/Users/philipbankier/Content/Grok IMagine/greymaker/GrokVault/2025-12-20_Auto/794645b7-8e7a-4b48-9f37-3930c42a0a2e.png,2025-12-20_Auto/794645b7-8e7a-4b48-9f37-3930c42a0a2e.png,277909,.png,image,4b2f553dabca3fe28c77f3358a627e94d326ef4589bed9662888ac13c8ecb6f7,2025-12-20T04:34:07.071Z,2025-12-20T04:34:07.073Z,794645b7-8e7a-4b48-9f37-3930c42a0a2e,794645b7-8e7a-4b48-9f37-3930c42a0a2e,false,,,ok,jpeg
GrokVault,full-vault-scan,/Users/philipbankier/Content/Grok IMagine/greymaker/GrokVault/2025-12-20_Auto/79c619a6-50bf-40f9-991d-dc91e90acf78.png,2025-12-20_Auto/79c619a6-50bf-40f9-991d-dc91e90acf78.png,311715,.png,image,de8e5d4975f0c943558e28957a93df4492ed9690fada5172a0461c6da39562c7,2025-12-20T00:08:25.698Z,2025-12-20T00:08:25.702Z,79c619a6-50bf-40f9-991d-dc91e90acf78,79c619a6-50bf-40f9-991d-dc91e90acf78,false,,,ok,jpeg
GrokVault,full-vault-scan,/Users/philipbankier/Content/Grok IMagine/greymaker/GrokVault/2025-12-20_Auto/7a7e4d87-526d-4127-b9c7-27c7f98a9d4e.png,2025-12-20_Auto/7a7e4d87-526d-4127-b9c7-27c7f98a9d4e.png,235480,.png,image,ad5530ac5c2017b96cbd6891dfd80e5da102f93e91c72ddb7fa276905bd57685,2025-12-20T23:26:49.499Z,2025-12-20T23:26:49.558Z,7a7e4d87-526d-4127-b9c7-27c7f98a9d4e,7a7e4d87-526d-4127-b9c7-27c7f98a9d4e,false,,,ok,jpeg
GrokVault,full-vault-scan,/Users/philipbankier/Content/Grok IMagine/greymaker/GrokVault/2025-12-20_Auto/7aa7f20c-30c8-4907-831b-72bb7a7c64c9.mp4,2025-12-20_Auto/7aa7f20c-30c8-4907-831b-72bb7a7c64c9.mp4,1477901,.mp4,video,be5005b74e258286b9ce3ab63eddf7825aa1ae8d4337a63f6ccd2cfee83eee84,2025-12-20T22:43:26.160Z,2025-12-20T22:43:26.162Z,7aa7f20c-30c8-4907-831b-72bb7a7c64c9,7aa7f20c-30c8-4907-831b-72bb7a7c64c9,false,,,ok,mp4-family
GrokVault,full-vault-scan,/Users/philipbankier/Content/Grok IMagine/greymaker/GrokVault/2025-12-20_Auto/7adbf172-a203-4a5c-a1fa-87048e906dd4.mp4,2025-12-20_Auto/7adbf172-a203-4a5c-a1fa-87048e906dd4.mp4,1769411,.mp4,video,fdcb8b10884277d0fb631924fb04f69eeca965985a1274fdaa03346827026eba,2025-12-20T22:20:27.653Z,2025-12-20T22:20:27.655Z,7adbf172-a203-4a5c-a1fa-87048e906dd4,7adbf172-a203-4a5c-a1fa-87048e906dd4,false,,,ok,mp4-family
GrokVault,full-vault-scan,/Users/philipbankier/Content/Grok IMagine/greymaker/GrokVault/2025-12-20_Auto/7b4b35e8-e4dd-4cad-a488-edf03a0ea9af.mp4,2025-12-20_Auto/7b4b35e8-e4dd-4cad-a488-edf03a0ea9af.mp4,1584938,.mp4,video,681a0e01107c8605f1ed26a4c53c6730726526a361f6f8c1a561fb4f99bd36ed,2025-12-20T23:46:05.567Z,2025-12-20T23:46:05.568Z,7b4b35e8-e4dd-4cad-a488-edf03a0ea9af,7b4b35e8-e4dd-4cad-a488-edf03a0ea9af,false,,,ok,mp4-family
GrokVault,full-vault-scan,/Users/philipbankier/Content/Grok IMagine/greymaker/GrokVault/2025-12-20_Auto/7b90da36-87f2-4173-9f5a-9f0afd024c3e.png,2025-12-20_Auto/7b90da36-87f2-4173-9f5a-9f0afd024c3e.png,241759,.png,image,75739961611b6f74afb58f058792913afdbd839be50fba648a30f3af31601504,2025-12-20T23:29:30.167Z,2025-12-20T23:29:30.234Z,7b90da36-87f2-4173-9f5a-9f0afd024c3e,7b90da36-87f2-4173-9f5a-9f0afd024c3e,false,,,ok,jpeg
GrokVault,full-vault-scan,/Users/philipbankier/Content/Grok IMagine/greymaker/GrokVault/2025-12-20_Auto/7c176e1c-bd3d-42fd-a46e-fe21f1d8f590.png,2025-12-20_Auto/7c176e1c-bd3d-42fd-a46e-fe21f1d8f590.png,220915,.png,image,36b0f80a9d9f517501f84cafe83587e0133e9d266fcbd4c440b65160bd6c6cc4,2025-12-20T21:07:21.390Z,2025-12-20T21:07:21.447Z,7c176e1c-bd3d-42fd-a46e-fe21f1d8f590,7c176e1c-bd3d-42fd-a46e-fe21f1d8f590,false,,,ok,jpeg
GrokVault,full-vault-scan,/Users/philipbankier/Content/Grok IMagine/greymaker/GrokVault/2025-12-20_Auto/7c1ea19c-823a-425b-84aa-37f590e27272.png,2025-12-20_Auto/7c1ea19c-823a-425b-84aa-37f590e27272.png,296117,.png,image,e053273e1b2ad7623b1097341defdc9febad30534c84b78996bfcd142c484f6f,2025-12-20T22:03:37.340Z,2025-12-20T22:03:37.415Z,7c1ea19c-823a-425b-84aa-37f590e27272,7c1ea19c-823a-425b-84aa-37f590e27272,false,,,ok,jpeg
GrokVault,full-vault-scan,/Users/philipbankier/Content/Grok IMagine/greymaker/GrokVault/2025-12-20_Auto/7c74d416-ef08-4b57-aecb-261703713d3e.png,2025-12-20_Auto/7c74d416-ef08-4b57-aecb-261703713d3e.png,381617,.png,image,29761e0fb146e64e5486f7f8e7fd0a5183e1480a6af7bb817f41bfbd7da04571,2025-12-20T04:36:23.405Z,2025-12-20T04:36:23.409Z,7c74d416-ef08-4b57-aecb-261703713d3e,7c74d416-ef08-4b57-aecb-261703713d3e,false,,,ok,jpeg
GrokVault,full-vault-scan,/Users/philipbankier/Content/Grok IMagine/greymaker/GrokVault/2025-12-20_Auto/7cb2f37a-6fb0-4510-bd46-33be88155381.png,2025-12-20_Auto/7cb2f37a-6fb0-4510-bd46-33be88155381.png,174735,.png,image,59d1da4fb5bb2d7154d079d5b5878c98d26341c01a7087291efff766ff215efe,2025-12-20T05:09:34.674Z,2025-12-20T05:09:34.675Z,7cb2f37a-6fb0-4510-bd46-33be88155381,7cb2f37a-6fb0-4510-bd46-33be88155381,false,,,ok,jpeg
GrokVault,full-vault-scan,/Users/philipbankier/Content/Grok IMagine/greymaker/GrokVault/2025-12-20_Auto/7ce54359-51d5-473c-9e6f-c43802bb230c.mp4,2025-12-20_Auto/7ce54359-51d5-473c-9e6f-c43802bb230c.mp4,1860328,.mp4,video,025d0141d7287292581a283f1fbed8244c55c082ef745fe7401e753b531eb636,2025-12-20T04:38:59.408Z,2025-12-20T04:38:59.410Z,7ce54359-51d5-473c-9e6f-c43802bb230c,7ce54359-51d5-473c-9e6f-c43802bb230c,false,,,ok,mp4-family
GrokVault,full-vault-scan,/Users/philipbankier/Content/Grok IMagine/greymaker/GrokVault/2025-12-20_Auto/7cf17415-ab30-40c9-b7bb-1801660e48ad.png,2025-12-20_Auto/7cf17415-ab30-40c9-b7bb-1801660e48ad.png,291283,.png,image,1f6063864f51b41fdee49498635e309f3ecf017b093fad8a72bbf62f82b74799,2025-12-20T21:46:07.833Z,2025-12-20T21:46:07.903Z,7cf17415-ab30-40c9-b7bb-1801660e48ad,7cf17415-ab30-40c9-b7bb-1801660e48ad,false,,,ok,jpeg
GrokVault,full-vault-scan,/Users/philipbankier/Content/Grok IMagine/greymaker/GrokVault/2025-12-20_Auto/7d21d895-cb65-473c-83ea-69885d382aca.png,2025-12-20_Auto/7d21d895-cb65-473c-83ea-69885d382aca.png,325339,.png,image,77c33487a871713b061dc2ae59e7f97dbb4b1b78000dfd5e31916d3f09326c34,2025-12-20T04:09:08.865Z,2025-12-20T04:09:08.867Z,7d21d895-cb65-473c-83ea-69885d382aca,7d21d895-cb65-473c-83ea-69885d382aca,false,,,ok,jpeg
GrokVault,full-vault-scan,/Users/philipbankier/Content/Grok IMagine/greymaker/GrokVault/2025-12-20_Auto/7e123d45-4f24-4d29-8be1-8792c04eb8da.mp4,2025-12-20_Auto/7e123d45-4f24-4d29-8be1-8792c04eb8da.mp4,2759127,.mp4,video,02dcce4a55e27918fec0a419548b07ef73f1d5a853c462f7643cb88f0f4ae2f8,2025-12-20T00:15:34.020Z,2025-12-20T00:15:34.022Z,7e123d45-4f24-4d29-8be1-8792c04eb8da,7e123d45-4f24-4d29-8be1-8792c04eb8da,false,,,ok,mp4-family
GrokVault,full-vault-scan,/Users/philipbankier/Content/Grok IMagine/greymaker/GrokVault/2025-12-20_Auto/7e3731d7-ad54-4dca-83fd-8d727df37412.mp4,2025-12-20_Auto/7e3731d7-ad54-4dca-83fd-8d727df37412.mp4,1745395,.mp4,video,bd9494d924886e785902c3d5d4a3619b0c81894524b9978a92f0869f70c25d19,2025-12-20T23:44:12.079Z,2025-12-20T23:44:12.081Z,7e3731d7-ad54-4dca-83fd-8d727df37412,7e3731d7-ad54-4dca-83fd-8d727df37412,false,,,ok,mp4-family
GrokVault,full-vault-scan,/Users/philipbankier/Content/Grok IMagine/greymaker/GrokVault/2025-12-20_Auto/7e386184-0bc8-4d02-9d95-f2cdd589e870.png,2025-12-20_Auto/7e386184-0bc8-4d02-9d95-f2cdd589e870.png,260417,.png,image,0b3f762cd6ba2cd797005e562290046dc3d4be50cb025e8d93425367a0f3554b,2025-12-20T05:15:37.616Z,2025-12-20T05:15:37.621Z,7e386184-0bc8-4d02-9d95-f2cdd589e870,7e386184-0bc8-4d02-9d95-f2cdd589e870,false,,,ok,jpeg
GrokVault,full-vault-scan,/Users/philipbankier/Content/Grok IMagine/greymaker/GrokVault/2025-12-20_Auto/7e4afde0-fffa-4396-a03e-3d8310f48e9a.png,2025-12-20_Auto/7e4afde0-fffa-4396-a03e-3d8310f48e9a.png,372045,.png,image,e6e17874f99b1d3e765c882613345acb86b66294ae81ba659d5ec1e2e7a837d4,2025-12-20T21:56:24.550Z,2025-12-20T21:56:24.638Z,7e4afde0-fffa-4396-a03e-3d8310f48e9a,7e4afde0-fffa-4396-a03e-3d8310f48e9a,false,,,ok,jpeg
GrokVault,full-vault-scan,/Users/philipbankier/Content/Grok IMagine/greymaker/GrokVault/2025-12-20_Auto/7e9b625d-586b-4306-b771-e4dada6d392f.png,2025-12-20_Auto/7e9b625d-586b-4306-b771-e4dada6d392f.png,402749,.png,image,0e37c2970bc028b2a51f11f106657f19d30eeb1ffd94d8c2c1cb3f868451578f,2025-12-20T00:04:17.242Z,2025-12-20T00:04:17.250Z,7e9b625d-586b-4306-b771-e4dada6d392f,7e9b625d-586b-4306-b771-e4dada6d392f,false,,,ok,jpeg
GrokVault,full-vault-scan,/Users/philipbankier/Content/Grok IMagine/greymaker/GrokVault/2025-12-20_Auto/7f432a9b-c953-45cb-8d7c-bd9b3ff0ba27.png,2025-12-20_Auto/7f432a9b-c953-45cb-8d7c-bd9b3ff0ba27.png,202835,.png,image,6d2ce8107d4a14cc2830d562e7ac810eceebc3781772649ddbbac8f659d5c8cf,2025-12-20T21:20:12.253Z,2025-12-20T21:20:12.311Z,7f432a9b-c953-45cb-8d7c-bd9b3ff0ba27,7f432a9b-c953-45cb-8d7c-bd9b3ff0ba27,false,,,ok,jpeg
GrokVault,full-vault-scan,/Users/philipbankier/Content/Grok IMagine/greymaker/GrokVault/2025-12-20_Auto/7f614060-5e6e-44fe-b770-16d0cf0fb679.png,2025-12-20_Auto/7f614060-5e6e-44fe-b770-16d0cf0fb679.png,303926,.png,image,d5693cff006e9424bcc1ea001ea70206ede85459c59306f74ec23537fef5c421,2025-12-20T22:34:28.405Z,2025-12-20T22:34:28.485Z,7f614060-5e6e-44fe-b770-16d0cf0fb679,7f614060-5e6e-44fe-b770-16d0cf0fb679,false,,,ok,jpeg
GrokVault,full-vault-scan,/Users/philipbankier/Content/Grok IMagine/greymaker/GrokVault/2025-12-20_Auto/7fada2e2-1a09-4178-9c9c-9883e57a29b9.mp4,2025-12-20_Auto/7fada2e2-1a09-4178-9c9c-9883e57a29b9.mp4,1254829,.mp4,video,4e16342dcb745f93334ebeba75db2862a7b9657ad31a9b7fd3d9bf7e161ee64e,2025-12-20T22:59:37.640Z,2025-12-20T22:59:37.642Z,7fada2e2-1a09-4178-9c9c-9883e57a29b9,7fada2e2-1a09-4178-9c9c-9883e57a29b9,false,,,ok,mp4-family
GrokVault,full-vault-scan,/Users/philipbankier/Content/Grok IMagine/greymaker/GrokVault/2025-12-20_Auto/7fe10a1a-7af5-4f07-8b72-b2ee082a27d0.png,2025-12-20_Auto/7fe10a1a-7af5-4f07-8b72-b2ee082a27d0.png,256527,.png,image,5c11ddafe67fd913e168f0210e7119800322b7c5cae24325663692992d28db97,2025-12-20T23:25:05.865Z,2025-12-20T23:25:05.927Z,7fe10a1a-7af5-4f07-8b72-b2ee082a27d0,7fe10a1a-7af5-4f07-8b72-b2ee082a27d0,false,,,ok,jpeg
GrokVault,full-vault-scan,/Users/philipbankier/Content/Grok IMagine/greymaker/GrokVault/2025-12-20_Auto/7fe4258b-99c0-4fcf-b064-5dbb60d13ed0.mp4,2025-12-20_Auto/7fe4258b-99c0-4fcf-b064-5dbb60d13ed0.mp4,1446101,.mp4,video,ae2601d263abf67af0540c98c41aaef200c386b26284972b3a9f2972e8ffedcb,2025-12-20T04:42:01.971Z,2025-12-20T04:42:01.973Z,7fe4258b-99c0-4fcf-b064-5dbb60d13ed0,7fe4258b-99c0-4fcf-b064-5dbb60d13ed0,false,,,ok,mp4-family
GrokVault,full-vault-scan,/Users/philipbankier/Content/Grok IMagine/greymaker/GrokVault/2025-12-20_Auto/7ff4fd1f-ca1c-45a1-a813-ddfc6a74edcf.png,2025-12-20_Auto/7ff4fd1f-ca1c-45a1-a813-ddfc6a74edcf.png,256688,.png,image,214b54021756772d18c31bdccde6bde7ac48c25af10744e556712adc6b6da088,2025-12-20T22:41:59.722Z,2025-12-20T22:41:59.789Z,7ff4fd1f-ca1c-45a1-a813-ddfc6a74edcf,7ff4fd1f-ca1c-45a1-a813-ddfc6a74edcf,false,,,ok,jpeg
GrokVault,full-vault-scan,/Users/philipbankier/Content/Grok IMagine/greymaker/GrokVault/2025-12-20_Auto/80573074-6139-444e-adbe-0cc4af05f75e.mp4,2025-12-20_Auto/80573074-6139-444e-adbe-0cc4af05f75e.mp4,1481195,.mp4,video,02be831396582a605871ab043b4532e92f24b5a4c7280f5b1fe2ee65e846f977,2025-12-20T22:48:41.098Z,2025-12-20T22:48:41.099Z,80573074-6139-444e-adbe-0cc4af05f75e,80573074-6139-444e-adbe-0cc4af05f75e,false,,,ok,mp4-family
GrokVault,full-vault-scan,/Users/philipbankier/Content/Grok IMagine/greymaker/GrokVault/2025-12-20_Auto/80a09785-219d-474c-8a0a-8a45522e6e67.png,2025-12-20_Auto/80a09785-219d-474c-8a0a-8a45522e6e67.png,287103,.png,image,95ac2dc419ed6f0cf4e48bbf08fa48e0c9c117152cc4e77d869db3f55b3351b9,2025-12-20T04:03:05.999Z,2025-12-20T04:03:06.001Z,80a09785-219d-474c-8a0a-8a45522e6e67,80a09785-219d-474c-8a0a-8a45522e6e67,false,,,ok,jpeg
GrokVault,full-vault-scan,/Users/philipbankier/Content/Grok IMagine/greymaker/GrokVault/2025-12-20_Auto/81b42f17-b1e5-4a92-829e-009a105779de.mp4,2025-12-20_Auto/81b42f17-b1e5-4a92-829e-009a105779de.mp4,1132308,.mp4,video,7afbd4be783201328b2b915ccb15d5d37294c49d132f6fa061ac0da9b7e6b31b,2025-12-20T05:08:25.917Z,2025-12-20T05:08:25.921Z,81b42f17-b1e5-4a92-829e-009a105779de,81b42f17-b1e5-4a92-829e-009a105779de,false,,,ok,mp4-family
GrokVault,full-vault-scan,/Users/philipbankier/Content/Grok IMagine/greymaker/GrokVault/2025-12-20_Auto/81da59a2-27ba-40c3-9b89-26131c1f7c33.mp4,2025-12-20_Auto/81da59a2-27ba-40c3-9b89-26131c1f7c33.mp4,1203209,.mp4,video,f797d5ca3ff5a59b2a763a1d694fe540d645bc112f54633c35c4cc366d8489e1,2025-12-20T04:35:14.771Z,2025-12-20T04:35:14.772Z,81da59a2-27ba-40c3-9b89-26131c1f7c33,81da59a2-27ba-40c3-9b89-26131c1f7c33,false,,,ok,mp4-family
GrokVault,full-vault-scan,/Users/philipbankier/Content/Grok IMagine/greymaker/GrokVault/2025-12-20_Auto/82196863-a480-4403-972b-83cedbf62f24.mp4,2025-12-20_Auto/82196863-a480-4403-972b-83cedbf62f24.mp4,835189,.mp4,video,c0dc785bce13097e5735777c093463af57a8802c60e2c71350e842a5ac525036,2025-12-20T23:43:29.778Z,2025-12-20T23:43:29.779Z,82196863-a480-4403-972b-83cedbf62f24,82196863-a480-4403-972b-83cedbf62f24,false,,,ok,mp4-family
GrokVault,full-vault-scan,/Users/philipbankier/Content/Grok IMagine/greymaker/GrokVault/2025-12-20_Auto/82dd648d-9f6c-4491-8c4a-b15cdf7511ae.png,2025-12-20_Auto/82dd648d-9f6c-4491-8c4a-b15cdf7511ae.png,210715,.png,image,4eb6094bad9e610d613f100fa2ef37406b3373d26f55b863d0532f9f488a363e,2025-12-20T23:13:29.816Z,2025-12-20T23:13:29.881Z,82dd648d-9f6c-4491-8c4a-b15cdf7511ae,82dd648d-9f6c-4491-8c4a-b15cdf7511ae,false,,,ok,jpeg
GrokVault,full-vault-scan,/Users/philipbankier/Content/Grok IMagine/greymaker/GrokVault/2025-12-20_Auto/83647cd6-afcd-4dfd-8f33-115fa9edaf5c.mp4,2025-12-20_Auto/83647cd6-afcd-4dfd-8f33-115fa9edaf5c.mp4,3123795,.mp4,video,27c843c0a683d20b777e564b4781b69037a3f227e7831b3b653d586879010fba,2025-12-20T00:18:36.515Z,2025-12-20T00:18:36.517Z,83647cd6-afcd-4dfd-8f33-115fa9edaf5c,83647cd6-afcd-4dfd-8f33-115fa9edaf5c,false,,,ok,mp4-family
GrokVault,full-vault-scan,/Users/philipbankier/Content/Grok IMagine/greymaker/GrokVault/2025-12-20_Auto/83bbfc45-17ad-46fc-ad3f-4b579005ee54.mp4,2025-12-20_Auto/83bbfc45-17ad-46fc-ad3f-4b579005ee54.mp4,934193,.mp4,video,dedf4c40b2fd3fc58d883edf93fd369c5cde52f52bad3db09e654cfc76b96a96,2025-12-20T23:48:56.093Z,2025-12-20T23:48:56.094Z,83bbfc45-17ad-46fc-ad3f-4b579005ee54,83bbfc45-17ad-46fc-ad3f-4b579005ee54,false,,,ok,mp4-family
GrokVault,full-vault-scan,/Users/philipbankier/Content/Grok IMagine/greymaker/GrokVault/2025-12-20_Auto/83bdeb49-8321-4b6a-8a6c-e09dd040e04f.mp4,2025-12-20_Auto/83bdeb49-8321-4b6a-8a6c-e09dd040e04f.mp4,1975675,.mp4,video,9378abbda4897e9f1cbcd3f388aefd67c7bfa87b47bcde02a9fe548c7a4ec310,2025-12-20T21:17:49.245Z,2025-12-20T21:17:49.246Z,83bdeb49-8321-4b6a-8a6c-e09dd040e04f,83bdeb49-8321-4b6a-8a6c-e09dd040e04f,false,,,ok,mp4-family
GrokVault,full-vault-scan,/Users/philipbankier/Content/Grok IMagine/greymaker/GrokVault/2025-12-20_Auto/84164396-488f-4df6-be45-3f2c9a9fac9f.mp4,2025-12-20_Auto/84164396-488f-4df6-be45-3f2c9a9fac9f.mp4,1493098,.mp4,video,8f985dcb9ad40fe165b57b7a677f9b86c3e1aa98ecca4d32fd03896dc0dabdcd,2025-12-20T22:14:56.183Z,2025-12-20T22:14:56.184Z,84164396-488f-4df6-be45-3f2c9a9fac9f,84164396-488f-4df6-be45-3f2c9a9fac9f,false,,,ok,mp4-family
GrokVault,full-vault-scan,/Users/philipbankier/Content/Grok IMagine/greymaker/GrokVault/2025-12-20_Auto/843bce5c-b306-4919-8862-20067bc75c8f.png,2025-12-20_Auto/843bce5c-b306-4919-8862-20067bc75c8f.png,334432,.png,image,83136b844d8b801107013ab23af6e72574e4227c06b358e74ad24c17883d967f,2025-12-20T00:06:31.509Z,2025-12-20T00:06:31.517Z,843bce5c-b306-4919-8862-20067bc75c8f,843bce5c-b306-4919-8862-20067bc75c8f,false,,,ok,jpeg
GrokVault,full-vault-scan,/Users/philipbankier/Content/Grok IMagine/greymaker/GrokVault/2025-12-20_Auto/84da33e9-4516-40e9-8be3-3d5011543354.png,2025-12-20_Auto/84da33e9-4516-40e9-8be3-3d5011543354.png,242306,.png,image,bb5011de59fc2fed1bdc7936b088b2554051937394ab34a9b32b9879821fdfc3,2025-12-20T23:28:16.478Z,2025-12-20T23:28:16.537Z,84da33e9-4516-40e9-8be3-3d5011543354,84da33e9-4516-40e9-8be3-3d5011543354,false,,,ok,jpeg
GrokVault,full-vault-scan,/Users/philipbankier/Content/Grok IMagine/greymaker/GrokVault/2025-12-20_Auto/84fc08e9-d3ca-4b08-885c-5725c65ff995.mp4,2025-12-20_Auto/84fc08e9-d3ca-4b08-885c-5725c65ff995.mp4,1548572,.mp4,video,1c3318e2310619ca94ca00d05a7e14ae9a0322ab77ab67080b902e454386df0c,2025-12-20T23:42:47.805Z,2025-12-20T23:42:47.806Z,84fc08e9-d3ca-4b08-885c-5725c65ff995,84fc08e9-d3ca-4b08-885c-5725c65ff995,false,,,ok,mp4-family
GrokVault,full-vault-scan,/Users/philipbankier/Content/Grok IMagine/greymaker/GrokVault/2025-12-20_Auto/8568dd8a-9b18-4c45-9191-c6f9df16fe8a.mp4,2025-12-20_Auto/8568dd8a-9b18-4c45-9191-c6f9df16fe8a.mp4,2017588,.mp4,video,548b1f4cb8ee1bc3b91689756179a27354fe45255c40260e388c83bb347fee55,2025-12-20T21:42:15.775Z,2025-12-20T21:42:15.777Z,8568dd8a-9b18-4c45-9191-c6f9df16fe8a,8568dd8a-9b18-4c45-9191-c6f9df16fe8a,false,,,ok,mp4-family
GrokVault,full-vault-scan,/Users/philipbankier/Content/Grok IMagine/greymaker/GrokVault/2025-12-20_Auto/85c68bb4-0e92-43b1-ae07-312a6a8666ed.png,2025-12-20_Auto/85c68bb4-0e92-43b1-ae07-312a6a8666ed.png,314990,.png,image,ad41a60319a8ef4ec1dea31f914f23ddd07bb921552110b9892cdce2a939e33a,2025-12-20T22:37:09.092Z,2025-12-20T22:37:09.164Z,85c68bb4-0e92-43b1-ae07-312a6a8666ed,85c68bb4-0e92-43b1-ae07-312a6a8666ed,false,,,ok,jpeg
GrokVault,full-vault-scan,/Users/philipbankier/Content/Grok IMagine/greymaker/GrokVault/2025-12-20_Auto/8620ae4f-b128-4ec4-a4e4-98dcce4d6726.mp4,2025-12-20_Auto/8620ae4f-b128-4ec4-a4e4-98dcce4d6726.mp4,1855081,.mp4,video,b3e0a2f07a2d927bc9be3f306ee77c876902b21759b3cd8329a4e3b94221ff38,2025-12-20T21:01:21.024Z,2025-12-20T21:01:21.026Z,8620ae4f-b128-4ec4-a4e4-98dcce4d6726,8620ae4f-b128-4ec4-a4e4-98dcce4d6726,false,,,ok,mp4-family
GrokVault,full-vault-scan,/Users/philipbankier/Content/Grok IMagine/greymaker/GrokVault/2025-12-20_Auto/86377665-53fc-4c98-bbab-80d5f368a1a7.png,2025-12-20_Auto/86377665-53fc-4c98-bbab-80d5f368a1a7.png,229980,.png,image,815744b7eca689ba15811f75ee697877b65bd6cc7d0f008da6b5010af4f0c64f,2025-12-20T04:14:06.082Z,2025-12-20T04:14:06.084Z,86377665-53fc-4c98-bbab-80d5f368a1a7,86377665-53fc-4c98-bbab-80d5f368a1a7,false,,,ok,jpeg
GrokVault,full-vault-scan,/Users/philipbankier/Content/Grok IMagine/greymaker/GrokVault/2025-12-20_Auto/863f7bc2-e238-40d6-8841-5c24c737400c.mp4,2025-12-20_Auto/863f7bc2-e238-40d6-8841-5c24c737400c.mp4,1770439,.mp4,video,4f71c85c9f4623ccca27bd73b550ecc8c52ae1c3ff7a31ea31d4ff3a06d01610,2025-12-20T22:11:20.450Z,2025-12-20T22:11:20.452Z,863f7bc2-e238-40d6-8841-5c24c737400c,863f7bc2-e238-40d6-8841-5c24c737400c,false,,,ok,mp4-family
GrokVault,full-vault-scan,/Users/philipbankier/Content/Grok IMagine/greymaker/GrokVault/2025-12-20_Auto/86481f74-1b4a-4637-bbb1-7e06d2acb540.png,2025-12-20_Auto/86481f74-1b4a-4637-bbb1-7e06d2acb540.png,249677,.png,image,21974c5a09ce6b8a6be55d7c30799f686588fb74873d9bc58df75b7401be86e5,2025-12-20T21:05:28.836Z,2025-12-20T21:05:28.899Z,86481f74-1b4a-4637-bbb1-7e06d2acb540,86481f74-1b4a-4637-bbb1-7e06d2acb540,false,,,ok,jpeg
GrokVault,full-vault-scan,/Users/philipbankier/Content/Grok IMagine/greymaker/GrokVault/2025-12-20_Auto/866ac345-54e4-434e-a234-777cd229011e.mp4,2025-12-20_Auto/866ac345-54e4-434e-a234-777cd229011e.mp4,1066742,.mp4,video,4f9567256e963d8c755ec76f8e6b7c146320c681a7cadfc6d21c13fc448e5093,2025-12-20T23:52:01.131Z,2025-12-20T23:52:01.132Z,866ac345-54e4-434e-a234-777cd229011e,866ac345-54e4-434e-a234-777cd229011e,false,,,ok,mp4-family
GrokVault,full-vault-scan,/Users/philipbankier/Content/Grok IMagine/greymaker/GrokVault/2025-12-20_Auto/869fb833-35ed-4771-862f-2d7257aeb10c.png,2025-12-20_Auto/869fb833-35ed-4771-862f-2d7257aeb10c.png,220569,.png,image,c4a6e19e35ebd5ccc3aa42606ca212a7b58e63bb206e322fba26d50616bec807,2025-12-20T21:59:45.943Z,2025-12-20T21:59:46.018Z,869fb833-35ed-4771-862f-2d7257aeb10c,869fb833-35ed-4771-862f-2d7257aeb10c,false,,,ok,jpeg
GrokVault,full-vault-scan,/Users/philipbankier/Content/Grok IMagine/greymaker/GrokVault/2025-12-20_Auto/86a3ac18-f5df-4825-b4b4-99b132c5c6cc.png,2025-12-20_Auto/86a3ac18-f5df-4825-b4b4-99b132c5c6cc.png,233451,.png,image,442547ffe49a153d3e1b353d6d17b2592c3f307c42c3041f391b10030b28d26b,2025-12-20T23:24:51.586Z,2025-12-20T23:24:51.645Z,86a3ac18-f5df-4825-b4b4-99b132c5c6cc,86a3ac18-f5df-4825-b4b4-99b132c5c6cc,false,,,ok,jpeg
GrokVault,full-vault-scan,/Users/philipbankier/Content/Grok IMagine/greymaker/GrokVault/2025-12-20_Auto/86b7f44a-6468-43e5-8d42-f7fe0aaf2d66.mp4,2025-12-20_Auto/86b7f44a-6468-43e5-8d42-f7fe0aaf2d66.mp4,1166238,.mp4,video,61a169788de74dfd48d67f3f96691c1b22c1c0e48830404194933450929fc758,2025-12-20T04:50:18.972Z,2025-12-20T04:50:18.974Z,86b7f44a-6468-43e5-8d42-f7fe0aaf2d66,86b7f44a-6468-43e5-8d42-f7fe0aaf2d66,false,,,ok,mp4-family
GrokVault,full-vault-scan,/Users/philipbankier/Content/Grok IMagine/greymaker/GrokVault/2025-12-20_Auto/86bda4a2-5d7a-4e44-a5e2-9d347d8819e2.mp4,2025-12-20_Auto/86bda4a2-5d7a-4e44-a5e2-9d347d8819e2.mp4,1452544,.mp4,video,7178fd96835f316840c42922ad7ffa45b8992c4e0f5f563ad4bee30e522bebee,2025-12-20T04:46:56.430Z,2025-12-20T04:46:56.431Z,86bda4a2-5d7a-4e44-a5e2-9d347d8819e2,86bda4a2-5d7a-4e44-a5e2-9d347d8819e2,false,,,ok,mp4-family
GrokVault,full-vault-scan,/Users/philipbankier/Content/Grok IMagine/greymaker/GrokVault/2025-12-20_Auto/86c021a3-d719-4783-984e-f27dc68f2132.mp4,2025-12-20_Auto/86c021a3-d719-4783-984e-f27dc68f2132.mp4,1354554,.mp4,video,abda1e2aa48601e21103398a4ab73037c3bbeb0431b70925ba6ca180b37c1480,2025-12-20T23:45:51.692Z,2025-12-20T23:45:51.693Z,86c021a3-d719-4783-984e-f27dc68f2132,86c021a3-d719-4783-984e-f27dc68f2132,false,,,ok,mp4-family
GrokVault,full-vault-scan,/Users/philipbankier/Content/Grok IMagine/greymaker/GrokVault/2025-12-20_Auto/86d29d43-1c17-4842-bf3f-e39b7600bde8.png,2025-12-20_Auto/86d29d43-1c17-4842-bf3f-e39b7600bde8.png,238103,.png,image,5873b550bcdce8d598967d6e81d94cdc718654bb2014108d55f601d456d67a79,2025-12-20T21:59:03.025Z,2025-12-20T21:59:03.103Z,86d29d43-1c17-4842-bf3f-e39b7600bde8,86d29d43-1c17-4842-bf3f-e39b7600bde8,false,,,ok,jpeg
GrokVault,full-vault-scan,/Users/philipbankier/Content/Grok IMagine/greymaker/GrokVault/2025-12-20_Auto/87c5b7db-c5b7-4ef7-b999-04d076051f3c.png,2025-12-20_Auto/87c5b7db-c5b7-4ef7-b999-04d076051f3c.png,238466,.png,image,e16c552bc838716a7f009d70abc166035c2911116f0adb0be2d4559a3196b7db,2025-12-20T21:01:00.349Z,2025-12-20T21:01:00.410Z,87c5b7db-c5b7-4ef7-b999-04d076051f3c,87c5b7db-c5b7-4ef7-b999-04d076051f3c,false,,,ok,jpeg
GrokVault,full-vault-scan,/Users/philipbankier/Content/Grok IMagine/greymaker/GrokVault/2025-12-20_Auto/8879117e-7115-4ebc-86cb-7112c0971417.png,2025-12-20_Auto/8879117e-7115-4ebc-86cb-7112c0971417.png,226580,.png,image,355d7f14070f1517fe094418b4e874c4d5ced5bca83eb796b326f99a47e4c3ad,2025-12-20T21:26:55.052Z,2025-12-20T21:26:55.109Z,8879117e-7115-4ebc-86cb-7112c0971417,8879117e-7115-4ebc-86cb-7112c0971417,false,,,ok,jpeg
GrokVault,full-vault-scan,/Users/philipbankier/Content/Grok IMagine/greymaker/GrokVault/2025-12-20_Auto/88cbf3e8-407d-483d-b785-ebeaaad1eabb.png,2025-12-20_Auto/88cbf3e8-407d-483d-b785-ebeaaad1eabb.png,341738,.png,image,6ef3787c15737298e92824e87b2fa4c4fe011c3310ccf036b505bc7c95e95fa0,2025-12-20T00:06:09.440Z,2025-12-20T00:06:09.447Z,88cbf3e8-407d-483d-b785-ebeaaad1eabb,88cbf3e8-407d-483d-b785-ebeaaad1eabb,false,,,ok,jpeg
GrokVault,full-vault-scan,/Users/philipbankier/Content/Grok IMagine/greymaker/GrokVault/2025-12-20_Auto/8930777b-0c1a-49b9-9f11-e062de65ffbc.png,2025-12-20_Auto/8930777b-0c1a-49b9-9f11-e062de65ffbc.png,210504,.png,image,29ee0e97f28bdee99a2a9dada30266d63175c4743383d8a23cf171f878f36c69,2025-12-20T23:13:58.869Z,2025-12-20T23:13:58.929Z,8930777b-0c1a-49b9-9f11-e062de65ffbc,8930777b-0c1a-49b9-9f11-e062de65ffbc,false,,,ok,jpeg
GrokVault,full-vault-scan,/Users/philipbankier/Content/Grok IMagine/greymaker/GrokVault/2025-12-20_Auto/8959c22c-d974-4fd5-961a-d843bc20fa8e.png,2025-12-20_Auto/8959c22c-d974-4fd5-961a-d843bc20fa8e.png,229680,.png,image,b9888b0dabaa8e3ef112f71819602a7d3a35716ae10240b3d8f10353900d7a19,2025-12-20T05:22:02.757Z,2025-12-20T05:22:02.760Z,8959c22c-d974-4fd5-961a-d843bc20fa8e,8959c22c-d974-4fd5-961a-d843bc20fa8e,false,,,ok,jpeg
GrokVault,full-vault-scan,/Users/philipbankier/Content/Grok IMagine/greymaker/GrokVault/2025-12-20_Auto/89f26e3b-020d-4d4a-a49f-e69b3b2022c2.mp4,2025-12-20_Auto/89f26e3b-020d-4d4a-a49f-e69b3b2022c2.mp4,1448630,.mp4,video,4c0c9619535540af217ab9e7518f0fcd7f017777f5c768c18b30050e02f7e145,2025-12-20T22:44:08.638Z,2025-12-20T22:44:08.639Z,89f26e3b-020d-4d4a-a49f-e69b3b2022c2,89f26e3b-020d-4d4a-a49f-e69b3b2022c2,false,,,ok,mp4-family
GrokVault,full-vault-scan,/Users/philipbankier/Content/Grok IMagine/greymaker/GrokVault/2025-12-20_Auto/8a1104a7-8700-4c94-86b7-fc521b478335.png,2025-12-20_Auto/8a1104a7-8700-4c94-86b7-fc521b478335.png,225141,.png,image,5f3b7c8a7861511cc07f819d64254519ebf6847dd03ce218aae9ec22bd7e786d,2025-12-20T23:29:16.035Z,2025-12-20T23:29:16.095Z,8a1104a7-8700-4c94-86b7-fc521b478335,8a1104a7-8700-4c94-86b7-fc521b478335,false,,,ok,jpeg
GrokVault,full-vault-scan,/Users/philipbankier/Content/Grok IMagine/greymaker/GrokVault/2025-12-20_Auto/8a319b9d-7305-49a4-8bcd-124b0c86cd48.png,2025-12-20_Auto/8a319b9d-7305-49a4-8bcd-124b0c86cd48.png,214975,.png,image,97a1036bf0c1c1e62d47dd870dbcb65fac3039967bf930a396bfbc8ce72c68a4,2025-12-20T23:11:19.456Z,2025-12-20T23:11:19.496Z,8a319b9d-7305-49a4-8bcd-124b0c86cd48,8a319b9d-7305-49a4-8bcd-124b0c86cd48,false,,,ok,jpeg
GrokVault,full-vault-scan,/Users/philipbankier/Content/Grok IMagine/greymaker/GrokVault/2025-12-20_Auto/8a77879a-5621-413e-84a9-359a438e5556.png,2025-12-20_Auto/8a77879a-5621-413e-84a9-359a438e5556.png,323302,.png,image,937539bc73a32226b503b00d005e9ae259df07a95d51ebc633fcbeaee431d400,2025-12-20T22:42:43.326Z,2025-12-20T22:42:43.397Z,8a77879a-5621-413e-84a9-359a438e5556,8a77879a-5621-413e-84a9-359a438e5556,false,,,ok,jpeg
GrokVault,full-vault-scan,/Users/philipbankier/Content/Grok IMagine/greymaker/GrokVault/2025-12-20_Auto/8a83dfe3-749f-4929-ae7d-da48c7f98891.mp4,2025-12-20_Auto/8a83dfe3-749f-4929-ae7d-da48c7f98891.mp4,1662977,.mp4,video,1b88d189b7f61fb8b97fc6bfb5f26adcc6a0ff01b32d89c90d42128060521ce0,2025-12-20T04:24:17.091Z,2025-12-20T04:24:17.092Z,8a83dfe3-749f-4929-ae7d-da48c7f98891,8a83dfe3-749f-4929-ae7d-da48c7f98891,false,,,ok,mp4-family
GrokVault,full-vault-scan,/Users/philipbankier/Content/Grok IMagine/greymaker/GrokVault/2025-12-20_Auto/8ad1baf8-a3b9-40bb-927d-4c6c238cd00f.png,2025-12-20_Auto/8ad1baf8-a3b9-40bb-927d-4c6c238cd00f.png,244887,.png,image,de49cc86fbd86fa53ed75697a1b8f1075172b805d1895dd407346840e82ca9c5,2025-12-20T04:22:01.243Z,2025-12-20T04:22:01.244Z,8ad1baf8-a3b9-40bb-927d-4c6c238cd00f,8ad1baf8-a3b9-40bb-927d-4c6c238cd00f,false,,,ok,jpeg
GrokVault,full-vault-scan,/Users/philipbankier/Content/Grok IMagine/greymaker/GrokVault/2025-12-20_Auto/8af711a4-d163-49b4-ab4d-09af708a8868.png,2025-12-20_Auto/8af711a4-d163-49b4-ab4d-09af708a8868.png,356401,.png,image,72f9bcada06aa0ac778860da7c829964ea16a3edecb207c0ce83667155ac627c,2025-12-20T00:05:23.377Z,2025-12-20T00:05:23.383Z,8af711a4-d163-49b4-ab4d-09af708a8868,8af711a4-d163-49b4-ab4d-09af708a8868,false,,,ok,jpeg
GrokVault,full-vault-scan,/Users/philipbankier/Content/Grok IMagine/greymaker/GrokVault/2025-12-20_Auto/8b1f4462-d5dc-4e29-bb8d-5a217f1bb88e.mp4,2025-12-20_Auto/8b1f4462-d5dc-4e29-bb8d-5a217f1bb88e.mp4,1451332,.mp4,video,467e0e96f784374e8af583004058d6b318967d05406dabc2671e37b4e477fd0f,2025-12-20T23:40:53.388Z,2025-12-20T23:40:53.389Z,8b1f4462-d5dc-4e29-bb8d-5a217f1bb88e,8b1f4462-d5dc-4e29-bb8d-5a217f1bb88e,false,,,ok,mp4-family
GrokVault,full-vault-scan,/Users/philipbankier/Content/Grok IMagine/greymaker/GrokVault/2025-12-20_Auto/8b80640c-918e-4bb6-aa55-573fc38001d2.png,2025-12-20_Auto/8b80640c-918e-4bb6-aa55-573fc38001d2.png,266454,.png,image,2b88a98d85fd1b33fd977be0fdeed98f40dfe87a934c4b8e46a5b2a5a9162f26,2025-12-20T04:10:39.150Z,2025-12-20T04:10:39.153Z,8b80640c-918e-4bb6-aa55-573fc38001d2,8b80640c-918e-4bb6-aa55-573fc38001d2,false,,,ok,jpeg
GrokVault,full-vault-scan,/Users/philipbankier/Content/Grok IMagine/greymaker/GrokVault/2025-12-20_Auto/8ca12fe0-ee90-4865-9fdf-e095dcd8e57a.png,2025-12-20_Auto/8ca12fe0-ee90-4865-9fdf-e095dcd8e57a.png,372305,.png,image,6c0bb601b2aea3c267a35f6b494b7b460264dbbaca256e52f48333630ab780b0,2025-12-20T00:02:24.929Z,2025-12-20T00:02:24.932Z,8ca12fe0-ee90-4865-9fdf-e095dcd8e57a,8ca12fe0-ee90-4865-9fdf-e095dcd8e57a,false,filename-3,hash-9,ok,jpeg
GrokVault,full-vault-scan,/Users/philipbankier/Content/Grok IMagine/greymaker/GrokVault/2025-12-20_Auto/8cd9c3f8-0679-4ba3-bdb0-26d89532665f.png,2025-12-20_Auto/8cd9c3f8-0679-4ba3-bdb0-26d89532665f.png,226937,.png,image,66b525271c16820426a0b89d361ca917dc15409e35ffa1604266c6dff6433939,2025-12-20T22:58:28.050Z,2025-12-20T22:58:28.109Z,8cd9c3f8-0679-4ba3-bdb0-26d89532665f,8cd9c3f8-0679-4ba3-bdb0-26d89532665f,false,,,ok,jpeg
GrokVault,full-vault-scan,/Users/philipbankier/Content/Grok IMagine/greymaker/GrokVault/2025-12-20_Auto/8ce74613-ab03-4957-b175-078cf61f9989.png,2025-12-20_Auto/8ce74613-ab03-4957-b175-078cf61f9989.png,235576,.png,image,c9807962b2b19967546311272b5f8879df5d33c0dae3ff23a1d1d9b1c0f26106,2025-12-20T20:53:55.032Z,2025-12-20T20:53:55.284Z,8ce74613-ab03-4957-b175-078cf61f9989,8ce74613-ab03-4957-b175-078cf61f9989,false,,,ok,jpeg
GrokVault,full-vault-scan,/Users/philipbankier/Content/Grok IMagine/greymaker/GrokVault/2025-12-20_Auto/8cfd0312-10c0-4460-bd9b-2c63042915df.png,2025-12-20_Auto/8cfd0312-10c0-4460-bd9b-2c63042915df.png,204823,.png,image,52ad8565077163f5adee98c13298504be73c3b9b0a6e5e34385d2cf77ad03106,2025-12-20T21:21:25.380Z,2025-12-20T21:21:25.439Z,8cfd0312-10c0-4460-bd9b-2c63042915df,8cfd0312-10c0-4460-bd9b-2c63042915df,false,,,ok,jpeg
GrokVault,full-vault-scan,/Users/philipbankier/Content/Grok IMagine/greymaker/GrokVault/2025-12-20_Auto/8d1859f0-0fec-401f-a0f3-743aa998627a.png,2025-12-20_Auto/8d1859f0-0fec-401f-a0f3-743aa998627a.png,387445,.png,image,131492df549158e5c8b43f039caa4348dcd5d8b7f0dd0cea36eb806593764c9a,2025-12-20T03:57:49.281Z,2025-12-20T03:57:49.285Z,8d1859f0-0fec-401f-a0f3-743aa998627a,8d1859f0-0fec-401f-a0f3-743aa998627a,false,,,ok,jpeg
GrokVault,full-vault-scan,/Users/philipbankier/Content/Grok IMagine/greymaker/GrokVault/2025-12-20_Auto/8d60e1a8-025a-4d01-ac91-cdc0407f46cd.mp4,2025-12-20_Auto/8d60e1a8-025a-4d01-ac91-cdc0407f46cd.mp4,2627371,.mp4,video,2ca83e571dff005e85130d9744287de6eff950d5de4f7fa92956f6a15e48e126,2025-12-20T21:37:43.017Z,2025-12-20T21:37:43.021Z,8d60e1a8-025a-4d01-ac91-cdc0407f46cd,8d60e1a8-025a-4d01-ac91-cdc0407f46cd,false,,,ok,mp4-family
GrokVault,full-vault-scan,/Users/philipbankier/Content/Grok IMagine/greymaker/GrokVault/2025-12-20_Auto/8ea74dea-507a-43e4-aa3f-473f40f446ad.mp4,2025-12-20_Auto/8ea74dea-507a-43e4-aa3f-473f40f446ad.mp4,1276287,.mp4,video,ae759930b0e93162e7711d830cd70d5ecadd212f7de1397c499399cae8b563c0,2025-12-20T22:28:18.148Z,2025-12-20T22:28:18.149Z,8ea74dea-507a-43e4-aa3f-473f40f446ad,8ea74dea-507a-43e4-aa3f-473f40f446ad,false,,,ok,mp4-family
GrokVault,full-vault-scan,/Users/philipbankier/Content/Grok IMagine/greymaker/GrokVault/2025-12-20_Auto/8eb8f0d3-462d-4918-a2db-b675eaf7f1f9.mp4,2025-12-20_Auto/8eb8f0d3-462d-4918-a2db-b675eaf7f1f9.mp4,3472045,.mp4,video,f7bdad83f08d127441436e0a47a691a401e8bed57fa274af4e3d00afb1e82eb5,2025-12-20T04:20:52.542Z,2025-12-20T04:20:52.545Z,8eb8f0d3-462d-4918-a2db-b675eaf7f1f9,8eb8f0d3-462d-4918-a2db-b675eaf7f1f9,false,,,ok,mp4-family
GrokVault,full-vault-scan,/Users/philipbankier/Content/Grok IMagine/greymaker/GrokVault/2025-12-20_Auto/8f2571ca-9ade-4e8f-8dcd-14f01a02bb93.png,2025-12-20_Auto/8f2571ca-9ade-4e8f-8dcd-14f01a02bb93.png,227503,.png,image,c995e0ca60f32cd590c2b134d90acee14d65bc58450609c4d8937fd5ec722a69,2025-12-20T21:16:23.308Z,2025-12-20T21:16:23.366Z,8f2571ca-9ade-4e8f-8dcd-14f01a02bb93,8f2571ca-9ade-4e8f-8dcd-14f01a02bb93,false,,,ok,jpeg
GrokVault,full-vault-scan,/Users/philipbankier/Content/Grok IMagine/greymaker/GrokVault/2025-12-20_Auto/8f33d6df-b760-48df-85e6-951065eed0c5.png,2025-12-20_Auto/8f33d6df-b760-48df-85e6-951065eed0c5.png,320701,.png,image,df6cb62d33a7d2389cf11ef175a39fcbeef45a2ae5baef643558c8f8d9ade1b2,2025-12-20T22:02:39.405Z,2025-12-20T22:02:39.528Z,8f33d6df-b760-48df-85e6-951065eed0c5,8f33d6df-b760-48df-85e6-951065eed0c5,false,,,ok,jpeg
GrokVault,full-vault-scan,/Users/philipbankier/Content/Grok IMagine/greymaker/GrokVault/2025-12-20_Auto/8f621143-27b3-4df5-a105-83224614264b.png,2025-12-20_Auto/8f621143-27b3-4df5-a105-83224614264b.png,251194,.png,image,65e55257f8f71309cfa0d481e3323ea76218ad83d7b4a63e4761d364b185d794,2025-12-20T04:04:14.157Z,2025-12-20T04:04:14.159Z,8f621143-27b3-4df5-a105-83224614264b,8f621143-27b3-4df5-a105-83224614264b,false,,,ok,jpeg
GrokVault,full-vault-scan,/Users/philipbankier/Content/Grok IMagine/greymaker/GrokVault/2025-12-20_Auto/8f9058d7-9f11-4dca-a264-a598fe3d2756.png,2025-12-20_Auto/8f9058d7-9f11-4dca-a264-a598fe3d2756.png,329543,.png,image,bdc59d80817dd69264921e7be1b64a63e36c62c7ae619395d4b94559b7f2cbab,2025-12-20T21:50:25.627Z,2025-12-20T21:50:25.695Z,8f9058d7-9f11-4dca-a264-a598fe3d2756,8f9058d7-9f11-4dca-a264-a598fe3d2756,false,,,ok,jpeg
GrokVault,full-vault-scan,/Users/philipbankier/Content/Grok IMagine/greymaker/GrokVault/2025-12-20_Auto/8fea9b01-29f7-41eb-bfb1-cc2667f28a7f.png,2025-12-20_Auto/8fea9b01-29f7-41eb-bfb1-cc2667f28a7f.png,261904,.png,image,03040622f764fe25b82c886c5529c47ded79c427e508f7e47eca043bfdb13898,2025-12-20T21:38:26.827Z,2025-12-20T21:38:26.894Z,8fea9b01-29f7-41eb-bfb1-cc2667f28a7f,8fea9b01-29f7-41eb-bfb1-cc2667f28a7f,false,,,ok,jpeg
GrokVault,full-vault-scan,/Users/philipbankier/Content/Grok IMagine/greymaker/GrokVault/2025-12-20_Auto/9029384f-e6a4-4129-b7de-0b0c334efaa5.png,2025-12-20_Auto/9029384f-e6a4-4129-b7de-0b0c334efaa5.png,202113,.png,image,1475aa1fc15dda9c3796044c4aaa3ab48d8d5481a3ca83558b100d332a5ad9d0,2025-12-20T22:00:01.383Z,2025-12-20T22:00:01.454Z,9029384f-e6a4-4129-b7de-0b0c334efaa5,9029384f-e6a4-4129-b7de-0b0c334efaa5,false,,,ok,jpeg
GrokVault,full-vault-scan,/Users/philipbankier/Content/Grok IMagine/greymaker/GrokVault/2025-12-20_Auto/9056a91f-f19d-4241-ba64-30dbe67c8925.mp4,2025-12-20_Auto/9056a91f-f19d-4241-ba64-30dbe67c8925.mp4,3511923,.mp4,video,9d06223850756db12904d7a0a3b7f1dce2ed6f6744fbd6784db575e754c48ec0,2025-12-20T04:18:16.301Z,2025-12-20T04:18:16.303Z,9056a91f-f19d-4241-ba64-30dbe67c8925,9056a91f-f19d-4241-ba64-30dbe67c8925,false,,,ok,mp4-family
GrokVault,full-vault-scan,/Users/philipbankier/Content/Grok IMagine/greymaker/GrokVault/2025-12-20_Auto/90a2cf6b-3834-4764-a914-d7755819b138.mp4,2025-12-20_Auto/90a2cf6b-3834-4764-a914-d7755819b138.mp4,1512059,.mp4,video,a7550490fa02ee9033e000403f6d5ef97a1edcd3952351cd72c73eac2239e54f,2025-12-20T04:55:13.750Z,2025-12-20T04:55:13.752Z,90a2cf6b-3834-4764-a914-d7755819b138,90a2cf6b-3834-4764-a914-d7755819b138,false,,,ok,mp4-family
GrokVault,full-vault-scan,/Users/philipbankier/Content/Grok IMagine/greymaker/GrokVault/2025-12-20_Auto/90d3ae0a-cda1-46d7-9625-25a24eda9a0a.png,2025-12-20_Auto/90d3ae0a-cda1-46d7-9625-25a24eda9a0a.png,283738,.png,image,f69262206eb05651e6b4580bbf39ac1668393b17479bf1a065a10007587a408b,2025-12-20T22:02:10.588Z,2025-12-20T22:02:10.657Z,90d3ae0a-cda1-46d7-9625-25a24eda9a0a,90d3ae0a-cda1-46d7-9625-25a24eda9a0a,false,,,ok,jpeg
GrokVault,full-vault-scan,/Users/philipbankier/Content/Grok IMagine/greymaker/GrokVault/2025-12-20_Auto/90dca47a-dce2-4fd3-8e2d-f5f6a76ef413.png,2025-12-20_Auto/90dca47a-dce2-4fd3-8e2d-f5f6a76ef413.png,238095,.png,image,e3598409a4267bb7a42695c444a151da38342ce02500a4d5a776ade9e21f958c,2025-12-20T05:31:06.145Z,2025-12-20T05:31:06.147Z,90dca47a-dce2-4fd3-8e2d-f5f6a76ef413,90dca47a-dce2-4fd3-8e2d-f5f6a76ef413,false,,,ok,jpeg
GrokVault,full-vault-scan,/Users/philipbankier/Content/Grok IMagine/greymaker/GrokVault/2025-12-20_Auto/90ea03be-d53f-4901-a00c-ff3e58678942.png,2025-12-20_Auto/90ea03be-d53f-4901-a00c-ff3e58678942.png,232051,.png,image,c03cd8c45db34f496a89268ab146c9467bea8eef1c88a4c981522f4bef66ff7a,2025-12-20T22:16:09.431Z,2025-12-20T22:16:09.681Z,90ea03be-d53f-4901-a00c-ff3e58678942,90ea03be-d53f-4901-a00c-ff3e58678942,false,,,ok,jpeg
GrokVault,full-vault-scan,/Users/philipbankier/Content/Grok IMagine/greymaker/GrokVault/2025-12-20_Auto/911fb2ad-6588-470d-b6a7-d232ee1b2fb5.mp4,2025-12-20_Auto/911fb2ad-6588-470d-b6a7-d232ee1b2fb5.mp4,1141508,.mp4,video,8e8ce10393b861282f1502c2798753996d40b919277082105e5a9b6726634221,2025-12-20T23:59:50.026Z,2025-12-20T23:59:50.027Z,911fb2ad-6588-470d-b6a7-d232ee1b2fb5,911fb2ad-6588-470d-b6a7-d232ee1b2fb5,false,,,ok,mp4-family
GrokVault,full-vault-scan,/Users/philipbankier/Content/Grok IMagine/greymaker/GrokVault/2025-12-20_Auto/9124d897-8c98-4100-b446-ddcb65189da8.mp4,2025-12-20_Auto/9124d897-8c98-4100-b446-ddcb65189da8.mp4,1055539,.mp4,video,1587238e0cf2208a2e028d9280d08788e07513ebca54052327e134986ee2aa27,2025-12-20T22:56:03.568Z,2025-12-20T22:56:03.569Z,9124d897-8c98-4100-b446-ddcb65189da8,9124d897-8c98-4100-b446-ddcb65189da8,false,,,ok,mp4-family
GrokVault,full-vault-scan,/Users/philipbankier/Content/Grok IMagine/greymaker/GrokVault/2025-12-20_Auto/91c63679-e7a8-4ad2-bed3-c5cb0665e17e.png,2025-12-20_Auto/91c63679-e7a8-4ad2-bed3-c5cb0665e17e.png,353080,.png,image,7ed62ab66c949067e96dc0679fe4a8eb5624bdd52f353dab3763c89b6f1d3836,2025-12-20T21:47:18.449Z,2025-12-20T21:47:18.509Z,91c63679-e7a8-4ad2-bed3-c5cb0665e17e,91c63679-e7a8-4ad2-bed3-c5cb0665e17e,false,,,ok,jpeg
GrokVault,full-vault-scan,/Users/philipbankier/Content/Grok IMagine/greymaker/GrokVault/2025-12-20_Auto/91cbf7fb-0acc-4401-840a-f4363257e549.png,2025-12-20_Auto/91cbf7fb-0acc-4401-840a-f4363257e549.png,200923,.png,image,c6fa7ae1b2d66a36e454f0131991ca19f0c0894381b9ed0f247f3d29d01fcff2,2025-12-20T04:12:15.749Z,2025-12-20T04:12:15.752Z,91cbf7fb-0acc-4401-840a-f4363257e549,91cbf7fb-0acc-4401-840a-f4363257e549,false,,,ok,jpeg
GrokVault,full-vault-scan,/Users/philipbankier/Content/Grok IMagine/greymaker/GrokVault/2025-12-20_Auto/91fbc40c-3569-4472-bd82-67bbfcf32ca4.mp4,2025-12-20_Auto/91fbc40c-3569-4472-bd82-67bbfcf32ca4.mp4,2560088,.mp4,video,fc38bb52a9112c0a6948793a351f321bd4b6e517225f108fb321131970b76a98,2025-12-20T22:05:17.450Z,2025-12-20T22:05:17.453Z,91fbc40c-3569-4472-bd82-67bbfcf32ca4,91fbc40c-3569-4472-bd82-67bbfcf32ca4,false,,,ok,mp4-family
GrokVault,full-vault-scan,/Users/philipbankier/Content/Grok IMagine/greymaker/GrokVault/2025-12-20_Auto/928d2dca-eb0d-458e-ad15-9a2f1343c5c5.png,2025-12-20_Auto/928d2dca-eb0d-458e-ad15-9a2f1343c5c5.png,228477,.png,image,b174f080d347e31ce544d4a4ee68ba734c5325e483f840394157d4c35a15b468,2025-12-20T23:22:55.059Z,2025-12-20T23:22:55.120Z,928d2dca-eb0d-458e-ad15-9a2f1343c5c5,928d2dca-eb0d-458e-ad15-9a2f1343c5c5,false,,,ok,jpeg
GrokVault,full-vault-scan,/Users/philipbankier/Content/Grok IMagine/greymaker/GrokVault/2025-12-20_Auto/92ab2a80-d2d8-4806-b2c1-4749292c00c5.png,2025-12-20_Auto/92ab2a80-d2d8-4806-b2c1-4749292c00c5.png,245781,.png,image,d89a0e07e418b20b73dc7d0ef3d0b8a50a3fb69c18f2d70279e17d4436f65f88,2025-12-20T04:49:11.330Z,2025-12-20T04:49:11.334Z,92ab2a80-d2d8-4806-b2c1-4749292c00c5,92ab2a80-d2d8-4806-b2c1-4749292c00c5,false,,,ok,jpeg
GrokVault,full-vault-scan,/Users/philipbankier/Content/Grok IMagine/greymaker/GrokVault/2025-12-20_Auto/931ebad5-0917-4184-a423-c1008531abe2.png,2025-12-20_Auto/931ebad5-0917-4184-a423-c1008531abe2.png,261361,.png,image,e96d2c97c4a90ac4bb303a2aaf37315c91736d355d5798fc8f07442d8d8a22b2,2025-12-20T21:46:21.699Z,2025-12-20T21:46:21.756Z,931ebad5-0917-4184-a423-c1008531abe2,931ebad5-0917-4184-a423-c1008531abe2,false,,,ok,jpeg
GrokVault,full-vault-scan,/Users/philipbankier/Content/Grok IMagine/greymaker/GrokVault/2025-12-20_Auto/93b21435-786a-4753-b96e-f2bb66398847.mp4,2025-12-20_Auto/93b21435-786a-4753-b96e-f2bb66398847.mp4,1970037,.mp4,video,0aa869d76e9cfadc4a3badaf4cb57dea7fa3f580a925b93b3ab119cac0e0a80f,2025-12-20T05:00:54.676Z,2025-12-20T05:00:54.678Z,93b21435-786a-4753-b96e-f2bb66398847,93b21435-786a-4753-b96e-f2bb66398847,false,,,ok,mp4-family
GrokVault,full-vault-scan,/Users/philipbankier/Content/Grok IMagine/greymaker/GrokVault/2025-12-20_Auto/93ff68d5-fcb7-4fb9-b4bb-7cf2da819fa8.png,2025-12-20_Auto/93ff68d5-fcb7-4fb9-b4bb-7cf2da819fa8.png,272481,.png,image,d6fe473750050a447031792a9d10ef2f6bb7bee8005a7bf211dfa890d9312875,2025-12-20T04:13:43.980Z,2025-12-20T04:13:43.993Z,93ff68d5-fcb7-4fb9-b4bb-7cf2da819fa8,93ff68d5-fcb7-4fb9-b4bb-7cf2da819fa8,false,,,ok,jpeg
GrokVault,full-vault-scan,/Users/philipbankier/Content/Grok IMagine/greymaker/GrokVault/2025-12-20_Auto/942adfa3-816e-4aec-9c51-649e3da25124.png,2025-12-20_Auto/942adfa3-816e-4aec-9c51-649e3da25124.png,289890,.png,image,2d28b67b98d466abd3f1f3585da41a78cb6a519fa1aa63133c74dbec144e3c77,2025-12-20T23:08:26.417Z,2025-12-20T23:08:26.477Z,942adfa3-816e-4aec-9c51-649e3da25124,942adfa3-816e-4aec-9c51-649e3da25124,false,,,ok,jpeg
GrokVault,full-vault-scan,/Users/philipbankier/Content/Grok IMagine/greymaker/GrokVault/2025-12-20_Auto/9434916e-68eb-46ef-9c8c-d8c1a0dc3e14.mp4,2025-12-20_Auto/9434916e-68eb-46ef-9c8c-d8c1a0dc3e14.mp4,1188114,.mp4,video,119f7a670c97ecd6aba091fa89fe94475df53767e08de75e84e04c8dac702ebd,2025-12-20T23:57:47.484Z,2025-12-20T23:57:47.485Z,9434916e-68eb-46ef-9c8c-d8c1a0dc3e14,9434916e-68eb-46ef-9c8c-d8c1a0dc3e14,false,,,ok,mp4-family
GrokVault,full-vault-scan,/Users/philipbankier/Content/Grok IMagine/greymaker/GrokVault/2025-12-20_Auto/94558952-3a4d-44a8-aec3-dc54f464c7e1.mp4,2025-12-20_Auto/94558952-3a4d-44a8-aec3-dc54f464c7e1.mp4,1876178,.mp4,video,c5d261b5c1cd9b0946ba270ac1c7e96150c89d502045783207be0f5afa7e93ff,2025-12-20T22:08:40.257Z,2025-12-20T22:08:40.259Z,94558952-3a4d-44a8-aec3-dc54f464c7e1,94558952-3a4d-44a8-aec3-dc54f464c7e1,false,,,ok,mp4-family
GrokVault,full-vault-scan,/Users/philipbankier/Content/Grok IMagine/greymaker/GrokVault/2025-12-20_Auto/94701f4d-655a-4484-915a-b1ab07fe7d07.png,2025-12-20_Auto/94701f4d-655a-4484-915a-b1ab07fe7d07.png,221219,.png,image,47b1c658b8ab4e41d05c298252a48577f218dddae3aa540b3e6cf8e9576294b7,2025-12-20T21:57:07.435Z,2025-12-20T21:57:07.494Z,94701f4d-655a-4484-915a-b1ab07fe7d07,94701f4d-655a-4484-915a-b1ab07fe7d07,false,,,ok,jpeg
GrokVault,full-vault-scan,/Users/philipbankier/Content/Grok IMagine/greymaker/GrokVault/2025-12-20_Auto/947e16f8-d11e-4198-8df4-be218eab5669.mp4,2025-12-20_Auto/947e16f8-d11e-4198-8df4-be218eab5669.mp4,1725822,.mp4,video,4890b2d127dc4de97697b152d22c83abbc36741454e5c92fcbec20adb3ba1221,2025-12-20T22:22:49.831Z,2025-12-20T22:22:49.833Z,947e16f8-d11e-4198-8df4-be218eab5669,947e16f8-d11e-4198-8df4-be218eab5669,false,,,ok,mp4-family
GrokVault,full-vault-scan,/Users/philipbankier/Content/Grok IMagine/greymaker/GrokVault/2025-12-20_Auto/94c95edd-36cb-4d91-8a91-17959af52fb4.png,2025-12-20_Auto/94c95edd-36cb-4d91-8a91-17959af52fb4.png,238710,.png,image,c0981970ca1cbca2ef826b06d536067371d66d149fc4143f20933b062e9f1970,2025-12-20T22:04:20.481Z,2025-12-20T22:04:20.541Z,94c95edd-36cb-4d91-8a91-17959af52fb4,94c95edd-36cb-4d91-8a91-17959af52fb4,false,,,ok,jpeg
GrokVault,full-vault-scan,/Users/philipbankier/Content/Grok IMagine/greymaker/GrokVault/2025-12-20_Auto/94d7e2f6-b490-46cf-8cb8-ac268d50122c.png,2025-12-20_Auto/94d7e2f6-b490-46cf-8cb8-ac268d50122c.png,294519,.png,image,d009d4df44a252024da11062787ced9b8ac1f404ff3b7cb8204ab43aa7411c48,2025-12-20T05:06:34.166Z,2025-12-20T05:06:34.168Z,94d7e2f6-b490-46cf-8cb8-ac268d50122c,94d7e2f6-b490-46cf-8cb8-ac268d50122c,false,,,ok,jpeg
GrokVault,full-vault-scan,/Users/philipbankier/Content/Grok IMagine/greymaker/GrokVault/2025-12-20_Auto/94df94d3-6b56-4acb-809c-e516850a5ea5.mp4,2025-12-20_Auto/94df94d3-6b56-4acb-809c-e516850a5ea5.mp4,1160692,.mp4,video,6c31bba6354177b8af6005e356b0dd21e300cff2bf0df747ce552def1e2a4fee,2025-12-20T22:33:01.596Z,2025-12-20T22:33:01.597Z,94df94d3-6b56-4acb-809c-e516850a5ea5,94df94d3-6b56-4acb-809c-e516850a5ea5,false,,,ok,mp4-family
GrokVault,full-vault-scan,/Users/philipbankier/Content/Grok IMagine/greymaker/GrokVault/2025-12-20_Auto/9514012f-59e9-4b58-8377-8424d7d199ba.png,2025-12-20_Auto/9514012f-59e9-4b58-8377-8424d7d199ba.png,368176,.png,image,a3f8f2f0de808572b76cdd97cc50c1ea22c56e4aa1994961ff254761f135067c,2025-12-20T03:22:46.867Z,2025-12-20T03:22:46.869Z,9514012f-59e9-4b58-8377-8424d7d199ba,9514012f-59e9-4b58-8377-8424d7d199ba,false,,,ok,jpeg
GrokVault,full-vault-scan,/Users/philipbankier/Content/Grok IMagine/greymaker/GrokVault/2025-12-20_Auto/954ac2f2-e9e9-4bb8-977b-367e43a3cbd8.png,2025-12-20_Auto/954ac2f2-e9e9-4bb8-977b-367e43a3cbd8.png,218292,.png,image,84d56df68c30307d7f31ba155f06779ccd18bf2eec84652eed6732132b8d6820,2025-12-20T21:44:25.547Z,2025-12-20T21:44:25.606Z,954ac2f2-e9e9-4bb8-977b-367e43a3cbd8,954ac2f2-e9e9-4bb8-977b-367e43a3cbd8,false,,,ok,jpeg
GrokVault,full-vault-scan,/Users/philipbankier/Content/Grok IMagine/greymaker/GrokVault/2025-12-20_Auto/955a34a7-7281-4b1b-b6db-39953c61b12f.mp4,2025-12-20_Auto/955a34a7-7281-4b1b-b6db-39953c61b12f.mp4,1978651,.mp4,video,6844dc56ed3820789dac797b9709ec1fbc9290e6fe42f3adf5173a6e1f496660,2025-12-20T21:05:50.999Z,2025-12-20T21:05:51.002Z,955a34a7-7281-4b1b-b6db-39953c61b12f,955a34a7-7281-4b1b-b6db-39953c61b12f,false,,,ok,mp4-family
GrokVault,full-vault-scan,/Users/philipbankier/Content/Grok IMagine/greymaker/GrokVault/2025-12-20_Auto/955d7d2c-9279-4808-9aa8-d5efaf1d23f7.png,2025-12-20_Auto/955d7d2c-9279-4808-9aa8-d5efaf1d23f7.png,288766,.png,image,baaa8941a0fa03bd0d80fe7c992b480c054a9d401c88aefd40db54458b75d726,2025-12-20T21:50:10.865Z,2025-12-20T21:50:10.927Z,955d7d2c-9279-4808-9aa8-d5efaf1d23f7,955d7d2c-9279-4808-9aa8-d5efaf1d23f7,false,,,ok,jpeg
GrokVault,full-vault-scan,/Users/philipbankier/Content/Grok IMagine/greymaker/GrokVault/2025-12-20_Auto/9598e802-eba1-4221-b3ff-fa7851dcc412.png,2025-12-20_Auto/9598e802-eba1-4221-b3ff-fa7851dcc412.png,179276,.png,image,d6a22b622721de03ceaf230777b3c5fd09ddef0b3e9ee6a05c6cb4219ced5820,2025-12-20T22:25:13.139Z,2025-12-20T22:25:13.201Z,9598e802-eba1-4221-b3ff-fa7851dcc412,9598e802-eba1-4221-b3ff-fa7851dcc412,false,,,ok,jpeg
GrokVault,full-vault-scan,/Users/philipbankier/Content/Grok IMagine/greymaker/GrokVault/2025-12-20_Auto/959df024-9d79-48a3-a7f3-6305b11fd813.png,2025-12-20_Auto/959df024-9d79-48a3-a7f3-6305b11fd813.png,234506,.png,image,084e4cea8bb1bb086a1699ab719ab269b2c186412c67becca282827f9937a911,2025-12-20T20:08:03.935Z,2025-12-20T20:08:03.994Z,959df024-9d79-48a3-a7f3-6305b11fd813,959df024-9d79-48a3-a7f3-6305b11fd813,false,,,ok,jpeg
GrokVault,full-vault-scan,/Users/philipbankier/Content/Grok IMagine/greymaker/GrokVault/2025-12-20_Auto/95aa6285-8833-4c67-a998-ddfc72f5ac8b.mp4,2025-12-20_Auto/95aa6285-8833-4c67-a998-ddfc72f5ac8b.mp4,1862835,.mp4,video,45427d13cf5ac10d8866a586cc62648de5ac87152fb73c30c4657f1efa3e3497,2025-12-20T04:17:07.913Z,2025-12-20T04:17:07.915Z,95aa6285-8833-4c67-a998-ddfc72f5ac8b,95aa6285-8833-4c67-a998-ddfc72f5ac8b,false,,,ok,mp4-family
GrokVault,full-vault-scan,/Users/philipbankier/Content/Grok IMagine/greymaker/GrokVault/2025-12-20_Auto/95b7284d-ddb8-43d8-b730-ca5582ff0f27.png,2025-12-20_Auto/95b7284d-ddb8-43d8-b730-ca5582ff0f27.png,227941,.png,image,67d855fc6d0436b7b7a8f6be6c279b3922c7af993dac697bb267e9d908945105,2025-12-20T23:25:36.011Z,2025-12-20T23:25:36.218Z,95b7284d-ddb8-43d8-b730-ca5582ff0f27,95b7284d-ddb8-43d8-b730-ca5582ff0f27,false,,,ok,jpeg
GrokVault,full-vault-scan,/Users/philipbankier/Content/Grok IMagine/greymaker/GrokVault/2025-12-20_Auto/95c4ca33-69c1-4b1a-9add-b3316d007d29.mp4,2025-12-20_Auto/95c4ca33-69c1-4b1a-9add-b3316d007d29.mp4,1869922,.mp4,video,bf0fb0f5f19e7abda35e1943c85b079a0b7637b1ffcb7c111cee31a81e13dd38,2025-12-20T23:53:13.078Z,2025-12-20T23:53:13.079Z,95c4ca33-69c1-4b1a-9add-b3316d007d29,95c4ca33-69c1-4b1a-9add-b3316d007d29,false,,,ok,mp4-family
GrokVault,full-vault-scan,/Users/philipbankier/Content/Grok IMagine/greymaker/GrokVault/2025-12-20_Auto/95c8968b-a2ac-4f80-8473-35e29b046b4f.png,2025-12-20_Auto/95c8968b-a2ac-4f80-8473-35e29b046b4f.png,208132,.png,image,5f0af14ecb3170ac0e729fabe5211af6423102af1f97652c1ea20e21b9438d06,2025-12-20T05:21:16.610Z,2025-12-20T05:21:16.612Z,95c8968b-a2ac-4f80-8473-35e29b046b4f,95c8968b-a2ac-4f80-8473-35e29b046b4f,false,,,ok,jpeg
GrokVault,full-vault-scan,/Users/philipbankier/Content/Grok IMagine/greymaker/GrokVault/2025-12-20_Auto/95ffbbfd-fcfb-454a-addd-7b068833fe81.mp4,2025-12-20_Auto/95ffbbfd-fcfb-454a-addd-7b068833fe81.mp4,2297791,.mp4,video,fe6d39256e6afded83e53fb056decea8dee9a460c69c89a57dcf740dfe11b7d3,2025-12-20T00:18:58.641Z,2025-12-20T00:18:58.644Z,95ffbbfd-fcfb-454a-addd-7b068833fe81,95ffbbfd-fcfb-454a-addd-7b068833fe81,false,,hash-10,ok,mp4-family
GrokVault,full-vault-scan,/Users/philipbankier/Content/Grok IMagine/greymaker/GrokVault/2025-12-20_Auto/960efe84-c057-4034-a82f-a8a1e0750c11.png,2025-12-20_Auto/960efe84-c057-4034-a82f-a8a1e0750c11.png,223908,.png,image,a05ea19000677ce7156e08d206bc14c7093dd856828254534c4be5abeaf71c75,2025-12-20T21:41:49.203Z,2025-12-20T21:41:49.264Z,960efe84-c057-4034-a82f-a8a1e0750c11,960efe84-c057-4034-a82f-a8a1e0750c11,false,,,ok,jpeg
GrokVault,full-vault-scan,/Users/philipbankier/Content/Grok IMagine/greymaker/GrokVault/2025-12-20_Auto/96a10e31-ce49-46a9-944f-ffcecc18b801.png,2025-12-20_Auto/96a10e31-ce49-46a9-944f-ffcecc18b801.png,318400,.png,image,c709fc88991a2ccb006e00a001ecb9ac4e0b7326397b986808fda0c3d39d2c59,2025-12-20T04:37:07.534Z,2025-12-20T04:37:07.536Z,96a10e31-ce49-46a9-944f-ffcecc18b801,96a10e31-ce49-46a9-944f-ffcecc18b801,false,,,ok,jpeg
GrokVault,full-vault-scan,/Users/philipbankier/Content/Grok IMagine/greymaker/GrokVault/2025-12-20_Auto/97220ed8-6bef-46c4-83ce-d9f38fab35ea.png,2025-12-20_Auto/97220ed8-6bef-46c4-83ce-d9f38fab35ea.png,256478,.png,image,b5060e4f8693a9c55d899e2cc3f8296c9341c10a6ec5e1aa53a63bfb737be00b,2025-12-20T23:30:42.547Z,2025-12-20T23:30:42.609Z,97220ed8-6bef-46c4-83ce-d9f38fab35ea,97220ed8-6bef-46c4-83ce-d9f38fab35ea,false,,,ok,jpeg
GrokVault,full-vault-scan,/Users/philipbankier/Content/Grok IMagine/greymaker/GrokVault/2025-12-20_Auto/974825f7-64bc-4da0-b135-537b6ec21aed.mp4,2025-12-20_Auto/974825f7-64bc-4da0-b135-537b6ec21aed.mp4,1270008,.mp4,video,773ca5b542453d73b195c512f79ef3fd08780a502727d68131aae05b44f0791b,2025-12-20T23:42:18.612Z,2025-12-20T23:42:18.613Z,974825f7-64bc-4da0-b135-537b6ec21aed,974825f7-64bc-4da0-b135-537b6ec21aed,false,,,ok,mp4-family
GrokVault,full-vault-scan,/Users/philipbankier/Content/Grok IMagine/greymaker/GrokVault/2025-12-20_Auto/9776825c-6d2e-4109-a066-3646e9fd3513.mp4,2025-12-20_Auto/9776825c-6d2e-4109-a066-3646e9fd3513.mp4,1709826,.mp4,video,bdc96995453f17832bd5f40a28c10cdf6000d5ed8f2eef8402a8d971a3bab780,2025-12-20T04:15:37.721Z,2025-12-20T04:15:37.722Z,9776825c-6d2e-4109-a066-3646e9fd3513,9776825c-6d2e-4109-a066-3646e9fd3513,false,,,ok,mp4-family
GrokVault,full-vault-scan,/Users/philipbankier/Content/Grok IMagine/greymaker/GrokVault/2025-12-20_Auto/97d6300d-4416-48ba-b6bf-6aade9bc47dc.mp4,2025-12-20_Auto/97d6300d-4416-48ba-b6bf-6aade9bc47dc.mp4,1540797,.mp4,video,bccfdd9f05ad2a3d1de12f3ad67ca18f903179862b2718e4e608d9b1a5dfc5fc,2025-12-20T23:50:21.705Z,2025-12-20T23:50:21.706Z,97d6300d-4416-48ba-b6bf-6aade9bc47dc,97d6300d-4416-48ba-b6bf-6aade9bc47dc,false,,,ok,mp4-family
GrokVault,full-vault-scan,/Users/philipbankier/Content/Grok IMagine/greymaker/GrokVault/2025-12-20_Auto/97ed10ae-e327-465e-bb66-c645ddcc3026.png,2025-12-20_Auto/97ed10ae-e327-465e-bb66-c645ddcc3026.png,272784,.png,image,fd99b16e144b561cdb80b6f35cc1ebf1d811009fb1bf52861825585423d96ce9,2025-12-20T22:03:23.184Z,2025-12-20T22:03:23.245Z,97ed10ae-e327-465e-bb66-c645ddcc3026,97ed10ae-e327-465e-bb66-c645ddcc3026,false,,,ok,jpeg
GrokVault,full-vault-scan,/Users/philipbankier/Content/Grok IMagine/greymaker/GrokVault/2025-12-20_Auto/9893e3cf-4dc4-4373-a775-cb1a62d0fa0a.png,2025-12-20_Auto/9893e3cf-4dc4-4373-a775-cb1a62d0fa0a.png,375381,.png,image,46d7fc42cc76473c95b469b951c641c98af2334b5824a410eec7a63c75140145,2025-12-20T00:01:16.805Z,2025-12-20T00:01:16.809Z,9893e3cf-4dc4-4373-a775-cb1a62d0fa0a,9893e3cf-4dc4-4373-a775-cb1a62d0fa0a,false,,,ok,jpeg
GrokVault,full-vault-scan,/Users/philipbankier/Content/Grok IMagine/greymaker/GrokVault/2025-12-20_Auto/99482568-cb2d-4d72-92f7-6a613605a46f.png,2025-12-20_Auto/99482568-cb2d-4d72-92f7-6a613605a46f.png,244429,.png,image,72e3fb2b863907d93fe72ed16a0e3c9bb0bac5875eeed4e41bc8075447a007f6,2025-12-20T05:23:55.063Z,2025-12-20T05:23:55.069Z,99482568-cb2d-4d72-92f7-6a613605a46f,99482568-cb2d-4d72-92f7-6a613605a46f,false,,,ok,jpeg
GrokVault,full-vault-scan,/Users/philipbankier/Content/Grok IMagine/greymaker/GrokVault/2025-12-20_Auto/996806f1-23ba-4f75-9ddc-b7d63ac43cbc.png,2025-12-20_Auto/996806f1-23ba-4f75-9ddc-b7d63ac43cbc.png,182656,.png,image,c8ec6f97f31ea2323b2dc0f38f0e04a33299962aebafc19e19b8a3b9cfccb411,2025-12-20T05:20:32.498Z,2025-12-20T05:20:32.499Z,996806f1-23ba-4f75-9ddc-b7d63ac43cbc,996806f1-23ba-4f75-9ddc-b7d63ac43cbc,false,,,ok,jpeg
GrokVault,full-vault-scan,/Users/philipbankier/Content/Grok IMagine/greymaker/GrokVault/2025-12-20_Auto/998750a8-4edb-46fb-8bb0-52aef193f244.png,2025-12-20_Auto/998750a8-4edb-46fb-8bb0-52aef193f244.png,205973,.png,image,3e925d12d6797f66040c715ba12a7b946c84f65137eebedbfaebb6c918067e60,2025-12-20T23:14:42.458Z,2025-12-20T23:14:42.516Z,998750a8-4edb-46fb-8bb0-52aef193f244,998750a8-4edb-46fb-8bb0-52aef193f244,false,,,ok,jpeg
GrokVault,full-vault-scan,/Users/philipbankier/Content/Grok IMagine/greymaker/GrokVault/2025-12-20_Auto/9994028a-9a0b-419a-8b8a-8fdfa16abd43.png,2025-12-20_Auto/9994028a-9a0b-419a-8b8a-8fdfa16abd43.png,268367,.png,image,d83f655db7d0dad4b9d92d10c989e18e8598be10c7897357615d25f4e5f19fe3,2025-12-20T23:08:54.921Z,2025-12-20T23:08:54.979Z,9994028a-9a0b-419a-8b8a-8fdfa16abd43,9994028a-9a0b-419a-8b8a-8fdfa16abd43,false,,,ok,jpeg
GrokVault,full-vault-scan,/Users/philipbankier/Content/Grok IMagine/greymaker/GrokVault/2025-12-20_Auto/9ad26fab-baac-4ecf-b4d6-ae2c1f58229f.png,2025-12-20_Auto/9ad26fab-baac-4ecf-b4d6-ae2c1f58229f.png,294312,.png,image,3ad556aeaf8386d2f228146f1791a4b7b616479f23c5b923eae5104ad3a38a7e,2025-12-20T22:35:56.067Z,2025-12-20T22:35:56.131Z,9ad26fab-baac-4ecf-b4d6-ae2c1f58229f,9ad26fab-baac-4ecf-b4d6-ae2c1f58229f,false,,,ok,jpeg
GrokVault,full-vault-scan,/Users/philipbankier/Content/Grok IMagine/greymaker/GrokVault/2025-12-20_Auto/9af04113-5a86-4e16-a15c-1b22b30606ab.mp4,2025-12-20_Auto/9af04113-5a86-4e16-a15c-1b22b30606ab.mp4,922131,.mp4,video,e63ebcc89227a11c1995e52eb4f785bff83d67b531ad9919f0fcd460fc0a9097,2025-12-20T22:32:19.453Z,2025-12-20T22:32:19.454Z,9af04113-5a86-4e16-a15c-1b22b30606ab,9af04113-5a86-4e16-a15c-1b22b30606ab,false,,,ok,mp4-family
GrokVault,full-vault-scan,/Users/philipbankier/Content/Grok IMagine/greymaker/GrokVault/2025-12-20_Auto/9b03bf0c-4f85-4a12-995d-53d9daf6ae78.mp4,2025-12-20_Auto/9b03bf0c-4f85-4a12-995d-53d9daf6ae78.mp4,2372280,.mp4,video,d48202a06ab9cd3ebca49f1cb17497a742fa0af9bef307fedb35594d12c8df8f,2025-12-20T04:58:14.272Z,2025-12-20T04:58:14.275Z,9b03bf0c-4f85-4a12-995d-53d9daf6ae78,9b03bf0c-4f85-4a12-995d-53d9daf6ae78,false,,,ok,mp4-family
GrokVault,full-vault-scan,/Users/philipbankier/Content/Grok IMagine/greymaker/GrokVault/2025-12-20_Auto/9b317126-e96c-490b-95bd-b6cd12e3b86d.png,2025-12-20_Auto/9b317126-e96c-490b-95bd-b6cd12e3b86d.png,325991,.png,image,1a92e673bc0aeae1f6fe369141be8a171a66f3ac744a8130bdad503e2ba33c96,2025-12-20T00:20:07.295Z,2025-12-20T00:20:07.300Z,9b317126-e96c-490b-95bd-b6cd12e3b86d,9b317126-e96c-490b-95bd-b6cd12e3b86d,false,,,ok,jpeg
GrokVault,full-vault-scan,/Users/philipbankier/Content/Grok IMagine/greymaker/GrokVault/2025-12-20_Auto/9b42e618-f2ed-4081-bb4a-409cde13bde5.png,2025-12-20_Auto/9b42e618-f2ed-4081-bb4a-409cde13bde5.png,237301,.png,image,7adcc6987d947f48938b291808999689b34968fc1af82ab660e49ced186039ee,2025-12-20T20:54:16.684Z,2025-12-20T20:54:16.743Z,9b42e618-f2ed-4081-bb4a-409cde13bde5,9b42e618-f2ed-4081-bb4a-409cde13bde5,false,,,ok,jpeg
GrokVault,full-vault-scan,/Users/philipbankier/Content/Grok IMagine/greymaker/GrokVault/2025-12-20_Auto/9b5fcadc-7715-49b6-9e14-c58181b91b5a.mp4,2025-12-20_Auto/9b5fcadc-7715-49b6-9e14-c58181b91b5a.mp4,1917693,.mp4,video,c0399942295684fee1da0567f8530611584e933e9bc94370040b4d1e946197f1,2025-12-20T04:16:21.837Z,2025-12-20T04:16:21.838Z,9b5fcadc-7715-49b6-9e14-c58181b91b5a,9b5fcadc-7715-49b6-9e14-c58181b91b5a,false,,,ok,mp4-family
GrokVault,full-vault-scan,/Users/philipbankier/Content/Grok IMagine/greymaker/GrokVault/2025-12-20_Auto/9b6ebe81-3237-424d-8c15-6bd85f1dc37b.png,2025-12-20_Auto/9b6ebe81-3237-424d-8c15-6bd85f1dc37b.png,330352,.png,image,5ebe5a95c89815c56d3bbe4f6174d93be92a7e56a25646a0fa2aaea44f90530e,2025-12-20T00:14:50.479Z,2025-12-20T00:14:50.482Z,9b6ebe81-3237-424d-8c15-6bd85f1dc37b,9b6ebe81-3237-424d-8c15-6bd85f1dc37b,false,,,ok,jpeg
GrokVault,full-vault-scan,/Users/philipbankier/Content/Grok IMagine/greymaker/GrokVault/2025-12-20_Auto/9bb193c1-3aa8-4f4c-bb92-0e94631cd8da.png,2025-12-20_Auto/9bb193c1-3aa8-4f4c-bb92-0e94631cd8da.png,203202,.png,image,35a363ed848b921d073540d185077e2101887e21272c1e5d24f4f6028b80e5b6,2025-12-20T22:17:23.009Z,2025-12-20T22:17:23.255Z,9bb193c1-3aa8-4f4c-bb92-0e94631cd8da,9bb193c1-3aa8-4f4c-bb92-0e94631cd8da,false,,,ok,jpeg
GrokVault,full-vault-scan,/Users/philipbankier/Content/Grok IMagine/greymaker/GrokVault/2025-12-20_Auto/9c595262-e172-42c2-bcdd-fe5cf94985d6.mp4,2025-12-20_Auto/9c595262-e172-42c2-bcdd-fe5cf94985d6.mp4,1500635,.mp4,video,5c0370f620b46b4da19aff43fd58dcedc67bb5222a98420688f8b9ae1b86b91a,2025-12-20T23:32:50.327Z,2025-12-20T23:32:50.327Z,9c595262-e172-42c2-bcdd-fe5cf94985d6,9c595262-e172-42c2-bcdd-fe5cf94985d6,false,,,ok,mp4-family
GrokVault,full-vault-scan,/Users/philipbankier/Content/Grok IMagine/greymaker/GrokVault/2025-12-20_Auto/9c759fa7-8c3f-4a05-aeed-46c39a0c1ba6.mp4,2025-12-20_Auto/9c759fa7-8c3f-4a05-aeed-46c39a0c1ba6.mp4,1076647,.mp4,video,abf38a67c4b1c2a3e807a9b040d4b99c8b6f4aa402cf17f4717a0e4b718f3049,2025-12-20T22:27:35.768Z,2025-12-20T22:27:35.769Z,9c759fa7-8c3f-4a05-aeed-46c39a0c1ba6,9c759fa7-8c3f-4a05-aeed-46c39a0c1ba6,false,,,ok,mp4-family
GrokVault,full-vault-scan,/Users/philipbankier/Content/Grok IMagine/greymaker/GrokVault/2025-12-20_Auto/9c8f6e47-fa6a-4390-a7cf-32e5016494d5.png,2025-12-20_Auto/9c8f6e47-fa6a-4390-a7cf-32e5016494d5.png,208205,.png,image,be9a090ca17569875546830b2d315d750779764792b9fef4084b70827a5451ba,2025-12-20T21:59:17.093Z,2025-12-20T21:59:17.159Z,9c8f6e47-fa6a-4390-a7cf-32e5016494d5,9c8f6e47-fa6a-4390-a7cf-32e5016494d5,false,,,ok,jpeg
GrokVault,full-vault-scan,/Users/philipbankier/Content/Grok IMagine/greymaker/GrokVault/2025-12-20_Auto/9c9f68fd-cf78-41c7-ae62-f46a53f15050.mp4,2025-12-20_Auto/9c9f68fd-cf78-41c7-ae62-f46a53f15050.mp4,984210,.mp4,video,8d34d2b79d43a8b883438320849aaf73b925c480b0fa5d39fed9a98275637d16,2025-12-20T22:23:17.984Z,2025-12-20T22:23:17.985Z,9c9f68fd-cf78-41c7-ae62-f46a53f15050,9c9f68fd-cf78-41c7-ae62-f46a53f15050,false,,,ok,mp4-family
GrokVault,full-vault-scan,/Users/philipbankier/Content/Grok IMagine/greymaker/GrokVault/2025-12-20_Auto/9d1cadba-e428-4cc9-88e7-d825deccc988.mp4,2025-12-20_Auto/9d1cadba-e428-4cc9-88e7-d825deccc988.mp4,2610098,.mp4,video,76a2b2ed1e3a618b25270b8798515a71e10529ef6616867161c1d24cc976262f,2025-12-20T03:21:15.894Z,2025-12-20T03:21:15.897Z,9d1cadba-e428-4cc9-88e7-d825deccc988,9d1cadba-e428-4cc9-88e7-d825deccc988,false,,hash-11,ok,mp4-family
GrokVault,full-vault-scan,/Users/philipbankier/Content/Grok IMagine/greymaker/GrokVault/2025-12-20_Auto/9d881361-5eba-40b8-b053-f4bfc5be6ec3.png,2025-12-20_Auto/9d881361-5eba-40b8-b053-f4bfc5be6ec3.png,404495,.png,image,8be2f10803fc2364c2e1aab8e07e3aa71e37c80c861dc8e9cb0eb227beb4acc1,2025-12-20T04:27:20.040Z,2025-12-20T04:27:20.044Z,9d881361-5eba-40b8-b053-f4bfc5be6ec3,9d881361-5eba-40b8-b053-f4bfc5be6ec3,false,,,ok,jpeg
GrokVault,full-vault-scan,/Users/philipbankier/Content/Grok IMagine/greymaker/GrokVault/2025-12-20_Auto/9daebc14-df83-4e01-89d4-67f99efbb3ec.png,2025-12-20_Auto/9daebc14-df83-4e01-89d4-67f99efbb3ec.png,258840,.png,image,399bc208f0f4fe0bd13151f793184ce3e56cd91aeeb4e4b9d9c1f49f15f17323,2025-12-20T22:06:16.005Z,2025-12-20T22:06:16.065Z,9daebc14-df83-4e01-89d4-67f99efbb3ec,9daebc14-df83-4e01-89d4-67f99efbb3ec,false,,,ok,jpeg
GrokVault,full-vault-scan,/Users/philipbankier/Content/Grok IMagine/greymaker/GrokVault/2025-12-20_Auto/9dbff001-f738-4f20-84f6-26b29dee74ee.png,2025-12-20_Auto/9dbff001-f738-4f20-84f6-26b29dee74ee.png,248807,.png,image,3b82b908f6cdc5e64a605214971ee3b9086351a8f5dd61aacebd07f84c8d0e10,2025-12-20T05:22:24.819Z,2025-12-20T05:22:24.824Z,9dbff001-f738-4f20-84f6-26b29dee74ee,9dbff001-f738-4f20-84f6-26b29dee74ee,false,,,ok,jpeg
GrokVault,full-vault-scan,/Users/philipbankier/Content/Grok IMagine/greymaker/GrokVault/2025-12-20_Auto/9dcc2ab7-bfa0-4409-a956-e070b0be5d5b.png,2025-12-20_Auto/9dcc2ab7-bfa0-4409-a956-e070b0be5d5b.png,259345,.png,image,b101b67ddb4231404f4a81d44781526a26715d8dfb9ce08722e3a60b06d2333f,2025-12-20T21:25:15.136Z,2025-12-20T21:25:15.203Z,9dcc2ab7-bfa0-4409-a956-e070b0be5d5b,9dcc2ab7-bfa0-4409-a956-e070b0be5d5b,false,,,ok,jpeg
GrokVault,full-vault-scan,/Users/philipbankier/Content/Grok IMagine/greymaker/GrokVault/2025-12-20_Auto/9def750f-e917-4b78-a674-590890f0bc28.mp4,2025-12-20_Auto/9def750f-e917-4b78-a674-590890f0bc28.mp4,1374314,.mp4,video,95b08f95bdee84fc106baba01b8a0d7f6a3a4e4444ba9d848526f6f23200852c,2025-12-20T22:43:11.833Z,2025-12-20T22:43:11.834Z,9def750f-e917-4b78-a674-590890f0bc28,9def750f-e917-4b78-a674-590890f0bc28,false,,,ok,mp4-family
GrokVault,full-vault-scan,/Users/philipbankier/Content/Grok IMagine/greymaker/GrokVault/2025-12-20_Auto/9e718b30-119a-4de0-a88e-ba119cf1c2fd.png,2025-12-20_Auto/9e718b30-119a-4de0-a88e-ba119cf1c2fd.png,261151,.png,image,be64e59f91544bdcc57572e8e685bb4c0bce6c7c8f8e54025723f945cfcad3f5,2025-12-20T21:27:52.513Z,2025-12-20T21:27:52.578Z,9e718b30-119a-4de0-a88e-ba119cf1c2fd,9e718b30-119a-4de0-a88e-ba119cf1c2fd,false,,,ok,jpeg
GrokVault,full-vault-scan,/Users/philipbankier/Content/Grok IMagine/greymaker/GrokVault/2025-12-20_Auto/9e8caaec-eaae-413e-8115-b250266f8fe6.mp4,2025-12-20_Auto/9e8caaec-eaae-413e-8115-b250266f8fe6.mp4,1350537,.mp4,video,2a64fc35896c8ecba22e7625e042728d34868097fb93c419d3f573b7861149ef,2025-12-20T22:46:33.330Z,2025-12-20T22:46:33.331Z,9e8caaec-eaae-413e-8115-b250266f8fe6,9e8caaec-eaae-413e-8115-b250266f8fe6,false,,,ok,mp4-family
GrokVault,full-vault-scan,/Users/philipbankier/Content/Grok IMagine/greymaker/GrokVault/2025-12-20_Auto/9e91c17f-4d3a-4aa8-93e0-23c89445ed50.png,2025-12-20_Auto/9e91c17f-4d3a-4aa8-93e0-23c89445ed50.png,240955,.png,image,30e66a48a290291ffeac51022178582a17601f86d6360a3c6fde3ab23f5c74bb,2025-12-20T22:10:08.813Z,2025-12-20T22:10:08.873Z,9e91c17f-4d3a-4aa8-93e0-23c89445ed50,9e91c17f-4d3a-4aa8-93e0-23c89445ed50,false,,,ok,jpeg
GrokVault,full-vault-scan,/Users/philipbankier/Content/Grok IMagine/greymaker/GrokVault/2025-12-20_Auto/9f171855-41d8-4549-952f-0197aa2be3e8.png,2025-12-20_Auto/9f171855-41d8-4549-952f-0197aa2be3e8.png,426856,.png,image,0e3fcf349b181f5244beb4be51dd5e0611f61a2138c6345cd3c48e40c9407575,2025-12-20T23:10:21.680Z,2025-12-20T23:10:21.752Z,9f171855-41d8-4549-952f-0197aa2be3e8,9f171855-41d8-4549-952f-0197aa2be3e8,false,,,ok,jpeg
GrokVault,full-vault-scan,/Users/philipbankier/Content/Grok IMagine/greymaker/GrokVault/2025-12-20_Auto/9f31cedb-45f9-4a68-ad2f-08da0b1204de.png,2025-12-20_Auto/9f31cedb-45f9-4a68-ad2f-08da0b1204de.png,224528,.png,image,743bdf940fa4167ffcd769bab42a5dcf6932e497c961dbbb6559241bd5653826,2025-12-20T05:29:13.811Z,2025-12-20T05:29:13.813Z,9f31cedb-45f9-4a68-ad2f-08da0b1204de,9f31cedb-45f9-4a68-ad2f-08da0b1204de,false,,,ok,jpeg
GrokVault,full-vault-scan,/Users/philipbankier/Content/Grok IMagine/greymaker/GrokVault/2025-12-20_Auto/9f82d2aa-ad31-4ff3-bade-22f18162aa9d.mp4,2025-12-20_Auto/9f82d2aa-ad31-4ff3-bade-22f18162aa9d.mp4,3239433,.mp4,video,97e89796ab6aa16b1567f37336b0a27ebea537c2819b61fe4a1538b75c2391a8,2025-12-20T03:22:00.217Z,2025-12-20T03:22:00.220Z,9f82d2aa-ad31-4ff3-bade-22f18162aa9d,9f82d2aa-ad31-4ff3-bade-22f18162aa9d,false,,,ok,mp4-family
GrokVault,full-vault-scan,/Users/philipbankier/Content/Grok IMagine/greymaker/GrokVault/2025-12-20_Auto/9f8891af-84ba-492a-b36f-00b560d67762.mp4,2025-12-20_Auto/9f8891af-84ba-492a-b36f-00b560d67762.mp4,1087425,.mp4,video,ace9026d3659b73077366b05d0283591108aaee8310c8a17943c8f1c9f94650f,2025-12-20T22:55:49.503Z,2025-12-20T22:55:49.504Z,9f8891af-84ba-492a-b36f-00b560d67762,9f8891af-84ba-492a-b36f-00b560d67762,false,,,ok,mp4-family
GrokVault,full-vault-scan,/Users/philipbankier/Content/Grok IMagine/greymaker/GrokVault/2025-12-20_Auto/9fdb66e1-418a-487d-8e71-993fcd2de4b8.png,2025-12-20_Auto/9fdb66e1-418a-487d-8e71-993fcd2de4b8.png,187669,.png,image,297d7d8cd840379df5cb340f9739777d8ddbdad72d6e5a3d70631f65905b53e2,2025-12-20T21:58:47.311Z,2025-12-20T21:58:47.369Z,9fdb66e1-418a-487d-8e71-993fcd2de4b8,9fdb66e1-418a-487d-8e71-993fcd2de4b8,false,,,ok,jpeg
GrokVault,full-vault-scan,/Users/philipbankier/Content/Grok IMagine/greymaker/GrokVault/2025-12-20_Auto/a038dc73-64e9-4c5a-a9cf-d296345dbd95.png,2025-12-20_Auto/a038dc73-64e9-4c5a-a9cf-d296345dbd95.png,191222,.png,image,9fb8643d1cf61133667fbf13b5db67becfdcd83fa296fef38420a2040f369e30,2025-12-20T04:37:53.674Z,2025-12-20T04:37:53.678Z,a038dc73-64e9-4c5a-a9cf-d296345dbd95,a038dc73-64e9-4c5a-a9cf-d296345dbd95,false,,,ok,jpeg
GrokVault,full-vault-scan,/Users/philipbankier/Content/Grok IMagine/greymaker/GrokVault/2025-12-20_Auto/a05239db-e81b-4896-bd8f-0e2a03c0ce0d.mp4,2025-12-20_Auto/a05239db-e81b-4896-bd8f-0e2a03c0ce0d.mp4,2166884,.mp4,video,e3f08d5ebfb0a7edffeddf351f22cd1eb92f7be067e8379e274e0e0dbe3a885e,2025-12-20T22:23:32.075Z,2025-12-20T22:23:32.077Z,a05239db-e81b-4896-bd8f-0e2a03c0ce0d,a05239db-e81b-4896-bd8f-0e2a03c0ce0d,false,,,ok,mp4-family
GrokVault,full-vault-scan,/Users/philipbankier/Content/Grok IMagine/greymaker/GrokVault/2025-12-20_Auto/a05a9761-dd05-4626-b868-898b2ea47931.mp4,2025-12-20_Auto/a05a9761-dd05-4626-b868-898b2ea47931.mp4,3282680,.mp4,video,0f5af4f15584005769654fbfbb9c624ed2b632d593b6a0dceb2bae149b91fac2,2025-12-20T21:53:47.251Z,2025-12-20T21:53:47.256Z,a05a9761-dd05-4626-b868-898b2ea47931,a05a9761-dd05-4626-b868-898b2ea47931,false,,,ok,mp4-family
GrokVault,full-vault-scan,/Users/philipbankier/Content/Grok IMagine/greymaker/GrokVault/2025-12-20_Auto/a0d4a37d-3501-4a06-95a7-633e925fe58c.png,2025-12-20_Auto/a0d4a37d-3501-4a06-95a7-633e925fe58c.png,336372,.png,image,d875505e07d588395664470b07fe171312c21522d8f1e69e25c1a02f86a33d59,2025-12-20T03:54:46.914Z,2025-12-20T03:54:46.917Z,a0d4a37d-3501-4a06-95a7-633e925fe58c,a0d4a37d-3501-4a06-95a7-633e925fe58c,false,,,ok,jpeg
GrokVault,full-vault-scan,/Users/philipbankier/Content/Grok IMagine/greymaker/GrokVault/2025-12-20_Auto/a102c1b4-5b19-4893-8db8-f41de332413c.mp4,2025-12-20_Auto/a102c1b4-5b19-4893-8db8-f41de332413c.mp4,1210144,.mp4,video,54d32eec9ad935aba910df619c978677c98060ab1a9af4b78a4a1fe96ff9e13d,2025-12-20T22:23:46.009Z,2025-12-20T22:23:46.010Z,a102c1b4-5b19-4893-8db8-f41de332413c,a102c1b4-5b19-4893-8db8-f41de332413c,false,,,ok,mp4-family
GrokVault,full-vault-scan,/Users/philipbankier/Content/Grok IMagine/greymaker/GrokVault/2025-12-20_Auto/a10b98d6-f1a2-4df2-94c0-d8900ad886b5.mp4,2025-12-20_Auto/a10b98d6-f1a2-4df2-94c0-d8900ad886b5.mp4,1611981,.mp4,video,163518b372f260e420ecd138f3825fc3f2ffec2ffb1b151db64c53b9c5db8403,2025-12-20T23:46:20.878Z,2025-12-20T23:46:20.880Z,a10b98d6-f1a2-4df2-94c0-d8900ad886b5,a10b98d6-f1a2-4df2-94c0-d8900ad886b5,false,,,ok,mp4-family
GrokVault,full-vault-scan,/Users/philipbankier/Content/Grok IMagine/greymaker/GrokVault/2025-12-20_Auto/a18e2d7c-e3fc-4afb-8847-3b5d4cbd043b.png,2025-12-20_Auto/a18e2d7c-e3fc-4afb-8847-3b5d4cbd043b.png,246502,.png,image,f52630ae4e222c8309f8939832dcd1146d32c2d4f9ffd32f059dd6d1b6a3c089,2025-12-20T22:17:08.246Z,2025-12-20T22:17:08.504Z,a18e2d7c-e3fc-4afb-8847-3b5d4cbd043b,a18e2d7c-e3fc-4afb-8847-3b5d4cbd043b,false,,,ok,jpeg
GrokVault,full-vault-scan,/Users/philipbankier/Content/Grok IMagine/greymaker/GrokVault/2025-12-20_Auto/a1a11db8-6f19-4681-af2b-0e09f39d799e.png,2025-12-20_Auto/a1a11db8-6f19-4681-af2b-0e09f39d799e.png,235611,.png,image,fbf0922cbf09614b272a4dfe61fe773f2f4eb13216eb95c8aa7c8ac48e35c850,2025-12-20T22:39:48.864Z,2025-12-20T22:39:48.921Z,a1a11db8-6f19-4681-af2b-0e09f39d799e,a1a11db8-6f19-4681-af2b-0e09f39d799e,false,,,ok,jpeg
GrokVault,full-vault-scan,/Users/philipbankier/Content/Grok IMagine/greymaker/GrokVault/2025-12-20_Auto/a1d269fb-ecdb-4733-9c05-442b50852446.png,2025-12-20_Auto/a1d269fb-ecdb-4733-9c05-442b50852446.png,256318,.png,image,f8b52d18d5013ed5008e7608a4a4d5ae0bdb64b327de147e2da9bc806be09707,2025-12-20T22:53:56.633Z,2025-12-20T22:53:56.693Z,a1d269fb-ecdb-4733-9c05-442b50852446,a1d269fb-ecdb-4733-9c05-442b50852446,false,,,ok,jpeg
GrokVault,full-vault-scan,/Users/philipbankier/Content/Grok IMagine/greymaker/GrokVault/2025-12-20_Auto/a2261a11-be6f-4b01-bae1-23fa920b51a8.png,2025-12-20_Auto/a2261a11-be6f-4b01-bae1-23fa920b51a8.png,238905,.png,image,1897884f41b940db843993f26c579c8135045f66f90f3a12996eecd53056e7d7,2025-12-20T23:31:25.820Z,2025-12-20T23:31:25.879Z,a2261a11-be6f-4b01-bae1-23fa920b51a8,a2261a11-be6f-4b01-bae1-23fa920b51a8,false,,,ok,jpeg
GrokVault,full-vault-scan,/Users/philipbankier/Content/Grok IMagine/greymaker/GrokVault/2025-12-20_Auto/a256cd57-ddb3-416e-b027-be11e863035e.mp4,2025-12-20_Auto/a256cd57-ddb3-416e-b027-be11e863035e.mp4,2602489,.mp4,video,5db220cb9e50843e7b70dd21c1803d96a8edefbe3613b07238e796326c8ee940,2025-12-20T21:37:28.958Z,2025-12-20T21:37:28.961Z,a256cd57-ddb3-416e-b027-be11e863035e,a256cd57-ddb3-416e-b027-be11e863035e,false,,,ok,mp4-family
GrokVault,full-vault-scan,/Users/philipbankier/Content/Grok IMagine/greymaker/GrokVault/2025-12-20_Auto/a3451390-ddec-4609-a0a5-e6b400b75788.png,2025-12-20_Auto/a3451390-ddec-4609-a0a5-e6b400b75788.png,226908,.png,image,211f332c411499feeb95ff95eaf3c8c3e605323d46da55214a5cae21cbc12f2d,2025-12-20T21:32:54.600Z,2025-12-20T21:32:54.658Z,a3451390-ddec-4609-a0a5-e6b400b75788,a3451390-ddec-4609-a0a5-e6b400b75788,false,,,ok,jpeg
GrokVault,full-vault-scan,/Users/philipbankier/Content/Grok IMagine/greymaker/GrokVault/2025-12-20_Auto/a3bcdf2f-bf31-4690-a9fa-510fe452f73e.mp4,2025-12-20_Auto/a3bcdf2f-bf31-4690-a9fa-510fe452f73e.mp4,1979728,.mp4,video,e8b9bd03e01dc4fc34acd82c56cf7f949bcd62a97cd5e5491175dc19377ec023,2025-12-20T05:01:16.752Z,2025-12-20T05:01:16.754Z,a3bcdf2f-bf31-4690-a9fa-510fe452f73e,a3bcdf2f-bf31-4690-a9fa-510fe452f73e,false,,,ok,mp4-family
GrokVault,full-vault-scan,/Users/philipbankier/Content/Grok IMagine/greymaker/GrokVault/2025-12-20_Auto/a3e897f3-f18b-49df-a71c-912c213ba50e.mp4,2025-12-20_Auto/a3e897f3-f18b-49df-a71c-912c213ba50e.mp4,1328674,.mp4,video,a9c783ca409a643a3e26211f82f316ac9f12d7f277d6961b47c583be4c4b744a,2025-12-20T23:41:50.501Z,2025-12-20T23:41:50.502Z,a3e897f3-f18b-49df-a71c-912c213ba50e,a3e897f3-f18b-49df-a71c-912c213ba50e,false,,,ok,mp4-family
GrokVault,full-vault-scan,/Users/philipbankier/Content/Grok IMagine/greymaker/GrokVault/2025-12-20_Auto/a3f1b7a7-af1c-47b6-a54e-890bc16f947d.mp4,2025-12-20_Auto/a3f1b7a7-af1c-47b6-a54e-890bc16f947d.mp4,1477461,.mp4,video,18604c79be1af2130434a5148a6ad4a330ab0d8207e4272fe9a1def2bcfe618e,2025-12-20T23:33:47.792Z,2025-12-20T23:33:47.793Z,a3f1b7a7-af1c-47b6-a54e-890bc16f947d,a3f1b7a7-af1c-47b6-a54e-890bc16f947d,false,,,ok,mp4-family
GrokVault,full-vault-scan,/Users/philipbankier/Content/Grok IMagine/greymaker/GrokVault/2025-12-20_Auto/a475e665-6a26-4308-958c-1c0d1e44ec25.png,2025-12-20_Auto/a475e665-6a26-4308-958c-1c0d1e44ec25.png,287389,.png,image,c90070742763892d253336890eeb900e79ef852f734070e99810b9f8aff6f436,2025-12-20T22:35:12.255Z,2025-12-20T22:35:12.322Z,a475e665-6a26-4308-958c-1c0d1e44ec25,a475e665-6a26-4308-958c-1c0d1e44ec25,false,,,ok,jpeg
GrokVault,full-vault-scan,/Users/philipbankier/Content/Grok IMagine/greymaker/GrokVault/2025-12-20_Auto/a4a46cf9-91d7-48f2-8661-c59ee7713100.png,2025-12-20_Auto/a4a46cf9-91d7-48f2-8661-c59ee7713100.png,234658,.png,image,e41d80f9af97117046ee9231dad3cd7b8411f96b6a4e44bcadfe534b1e3d7630,2025-12-20T05:29:57.947Z,2025-12-20T05:29:57.949Z,a4a46cf9-91d7-48f2-8661-c59ee7713100,a4a46cf9-91d7-48f2-8661-c59ee7713100,false,,,ok,jpeg
GrokVault,full-vault-scan,/Users/philipbankier/Content/Grok IMagine/greymaker/GrokVault/2025-12-20_Auto/a4ebd6df-383a-44bd-81d3-cd430f754cbe.png,2025-12-20_Auto/a4ebd6df-383a-44bd-81d3-cd430f754cbe.png,355844,.png,image,79a31ce8500695aa99e26c4b8b62d2d52b5a0bfaaf1c2881c3283c23f554f6b0,2025-12-20T21:22:50.555Z,2025-12-20T21:22:50.652Z,a4ebd6df-383a-44bd-81d3-cd430f754cbe,a4ebd6df-383a-44bd-81d3-cd430f754cbe,false,,,ok,jpeg
GrokVault,full-vault-scan,/Users/philipbankier/Content/Grok IMagine/greymaker/GrokVault/2025-12-20_Auto/a522abf6-7ad8-45b6-9b1b-4acd44b70722.mp4,2025-12-20_Auto/a522abf6-7ad8-45b6-9b1b-4acd44b70722.mp4,1700055,.mp4,video,54359f166522c602d6b8997ff801f276eaebe3860036deab991112eb89fccf3a,2025-12-20T21:14:59.095Z,2025-12-20T21:14:59.098Z,a522abf6-7ad8-45b6-9b1b-4acd44b70722,a522abf6-7ad8-45b6-9b1b-4acd44b70722,false,,,ok,mp4-family
GrokVault,full-vault-scan,/Users/philipbankier/Content/Grok IMagine/greymaker/GrokVault/2025-12-20_Auto/a5aeec04-61fd-40dd-9dd7-75ebbbb9911b.png,2025-12-20_Auto/a5aeec04-61fd-40dd-9dd7-75ebbbb9911b.png,312830,.png,image,cf52b8964ab25034c3d22a08c81adf29366b5d55a43ea8ab17dee2283dec3744,2025-12-20T21:53:31.955Z,2025-12-20T21:53:32.022Z,a5aeec04-61fd-40dd-9dd7-75ebbbb9911b,a5aeec04-61fd-40dd-9dd7-75ebbbb9911b,false,,,ok,jpeg
GrokVault,full-vault-scan,/Users/philipbankier/Content/Grok IMagine/greymaker/GrokVault/2025-12-20_Auto/a5d741d9-a25e-4ec8-a317-b1b947193ecf.mp4,2025-12-20_Auto/a5d741d9-a25e-4ec8-a317-b1b947193ecf.mp4,1161687,.mp4,video,0291ea9fadedd86aaff7e7a4fb532fd97499d0e80237efd372f8244b0b7cf2c9,2025-12-20T22:28:32.215Z,2025-12-20T22:28:32.216Z,a5d741d9-a25e-4ec8-a317-b1b947193ecf,a5d741d9-a25e-4ec8-a317-b1b947193ecf,false,,,ok,mp4-family
GrokVault,full-vault-scan,/Users/philipbankier/Content/Grok IMagine/greymaker/GrokVault/2025-12-20_Auto/a5eb66db-c980-419c-8fe8-d78af2088602.png,2025-12-20_Auto/a5eb66db-c980-419c-8fe8-d78af2088602.png,204860,.png,image,804bb297662fbf3b028f015c09bf40d3e484501fecf134f6f46029d4517226d2,2025-12-20T22:33:45.883Z,2025-12-20T22:33:45.954Z,a5eb66db-c980-419c-8fe8-d78af2088602,a5eb66db-c980-419c-8fe8-d78af2088602,false,,,ok,jpeg
GrokVault,full-vault-scan,/Users/philipbankier/Content/Grok IMagine/greymaker/GrokVault/2025-12-20_Auto/a5f7ef91-2c1b-4ba5-9638-ff23cb8a42e3.mp4,2025-12-20_Auto/a5f7ef91-2c1b-4ba5-9638-ff23cb8a42e3.mp4,1772155,.mp4,video,3786b73c321f7cb686dbb862fcfc8753c05d8e1e9bd1be640c7b9b470ad01acc,2025-12-20T04:28:03.874Z,2025-12-20T04:28:03.876Z,a5f7ef91-2c1b-4ba5-9638-ff23cb8a42e3,a5f7ef91-2c1b-4ba5-9638-ff23cb8a42e3,false,,,ok,mp4-family
GrokVault,full-vault-scan,/Users/philipbankier/Content/Grok IMagine/greymaker/GrokVault/2025-12-20_Auto/a601adb8-e67c-4147-9056-8242d2193f11.mp4,2025-12-20_Auto/a601adb8-e67c-4147-9056-8242d2193f11.mp4,1164579,.mp4,video,76f46f43a323a3c72239bd5ac821efbaf8b1dc2bfd111cdb7d1a30cfd3c6dfc8,2025-12-20T22:52:28.963Z,2025-12-20T22:52:28.965Z,a601adb8-e67c-4147-9056-8242d2193f11,a601adb8-e67c-4147-9056-8242d2193f11,false,,,ok,mp4-family
GrokVault,full-vault-scan,/Users/philipbankier/Content/Grok IMagine/greymaker/GrokVault/2025-12-20_Auto/a69c7696-f7b7-4d23-a4dc-232776da20e7.mp4,2025-12-20_Auto/a69c7696-f7b7-4d23-a4dc-232776da20e7.mp4,1868244,.mp4,video,26251d9154eb9958729c4c8a9851112ec46d52666e38391c48701db300de77ee,2025-12-20T04:43:55.995Z,2025-12-20T04:43:55.997Z,a69c7696-f7b7-4d23-a4dc-232776da20e7,a69c7696-f7b7-4d23-a4dc-232776da20e7,false,,,ok,mp4-family
GrokVault,full-vault-scan,/Users/philipbankier/Content/Grok IMagine/greymaker/GrokVault/2025-12-20_Auto/a6b204d2-24f2-431a-a418-320b490f4ace.mp4,2025-12-20_Auto/a6b204d2-24f2-431a-a418-320b490f4ace.mp4,1303723,.mp4,video,8a7bdf0d88ae8da4c6d52981edeaee1ddda259456bcd73b04547fa97bec1bc33,2025-12-20T23:54:52.725Z,2025-12-20T23:54:52.727Z,a6b204d2-24f2-431a-a418-320b490f4ace,a6b204d2-24f2-431a-a418-320b490f4ace,false,,,ok,mp4-family
GrokVault,full-vault-scan,/Users/philipbankier/Content/Grok IMagine/greymaker/GrokVault/2025-12-20_Auto/a70652e6-de26-472f-83ff-b12d72b71138.mp4,2025-12-20_Auto/a70652e6-de26-472f-83ff-b12d72b71138.mp4,2200072,.mp4,video,bfe0724b141f28293e5e4a9da96f485fd997860dd6a200ee691a4bea0f1540ec,2025-12-20T00:21:36.977Z,2025-12-20T00:21:36.979Z,a70652e6-de26-472f-83ff-b12d72b71138,a70652e6-de26-472f-83ff-b12d72b71138,false,,,ok,mp4-family
GrokVault,full-vault-scan,/Users/philipbankier/Content/Grok IMagine/greymaker/GrokVault/2025-12-20_Auto/a72dc631-28dc-4240-82ab-e35bde0605a8.mp4,2025-12-20_Auto/a72dc631-28dc-4240-82ab-e35bde0605a8.mp4,1587906,.mp4,video,9c285e8718e8c8b836ac5c6ebb0eb7060f84f3d60f8a125d8ddde86e0a1c2dbc,2025-12-20T04:43:31.910Z,2025-12-20T04:43:31.912Z,a72dc631-28dc-4240-82ab-e35bde0605a8,a72dc631-28dc-4240-82ab-e35bde0605a8,false,,,ok,mp4-family
GrokVault,full-vault-scan,/Users/philipbankier/Content/Grok IMagine/greymaker/GrokVault/2025-12-20_Auto/a75c480c-a9b3-4f8b-9fc2-996b1ae5c515.png,2025-12-20_Auto/a75c480c-a9b3-4f8b-9fc2-996b1ae5c515.png,232384,.png,image,1a2cb920d01d7f0a3583a49df6cabdd59375b2c2b6603ea5eb29b290bfcf333f,2025-12-20T21:33:09.504Z,2025-12-20T21:33:09.560Z,a75c480c-a9b3-4f8b-9fc2-996b1ae5c515,a75c480c-a9b3-4f8b-9fc2-996b1ae5c515,false,,,ok,jpeg
GrokVault,full-vault-scan,/Users/philipbankier/Content/Grok IMagine/greymaker/GrokVault/2025-12-20_Auto/a7824a03-4830-44a4-99b5-0be8d5593c45.png,2025-12-20_Auto/a7824a03-4830-44a4-99b5-0be8d5593c45.png,230164,.png,image,129c6ef3c6cb184bdbfc5bfc883da79a5b1b53056a59cf8a29021d86a0e0af92,2025-12-20T05:30:19.984Z,2025-12-20T05:30:19.985Z,a7824a03-4830-44a4-99b5-0be8d5593c45,a7824a03-4830-44a4-99b5-0be8d5593c45,false,,,ok,jpeg
GrokVault,full-vault-scan,/Users/philipbankier/Content/Grok IMagine/greymaker/GrokVault/2025-12-20_Auto/a7e7a15f-1731-4a56-a242-9cc31792af4f.png,2025-12-20_Auto/a7e7a15f-1731-4a56-a242-9cc31792af4f.png,236132,.png,image,d61c8ccb34a3f77e563433eabfb82e07b27160ba2af24279707c2a91be8b54db,2025-12-20T04:23:09.416Z,2025-12-20T04:23:09.419Z,a7e7a15f-1731-4a56-a242-9cc31792af4f,a7e7a15f-1731-4a56-a242-9cc31792af4f,false,,,ok,jpeg
GrokVault,full-vault-scan,/Users/philipbankier/Content/Grok IMagine/greymaker/GrokVault/2025-12-20_Auto/a7fb5ce9-c01f-432a-8fbb-cb360c84fb43.png,2025-12-20_Auto/a7fb5ce9-c01f-432a-8fbb-cb360c84fb43.png,288109,.png,image,37fcf914e36142dd60a6d7e59e01bce513bee92c4e34e07d3441f63632e575c1,2025-12-20T04:25:25.873Z,2025-12-20T04:25:25.875Z,a7fb5ce9-c01f-432a-8fbb-cb360c84fb43,a7fb5ce9-c01f-432a-8fbb-cb360c84fb43,false,,,ok,jpeg
GrokVault,full-vault-scan,/Users/philipbankier/Content/Grok IMagine/greymaker/GrokVault/2025-12-20_Auto/a80d5405-8f56-41c3-b858-a6279c22dd53.mp4,2025-12-20_Auto/a80d5405-8f56-41c3-b858-a6279c22dd53.mp4,1477183,.mp4,video,58fec36272ddc30005601f2e1a0bfb0211a00841405dfcd257dd40943234beb0,2025-12-20T23:05:33.341Z,2025-12-20T23:05:33.342Z,a80d5405-8f56-41c3-b858-a6279c22dd53,a80d5405-8f56-41c3-b858-a6279c22dd53,false,,,ok,mp4-family
GrokVault,full-vault-scan,/Users/philipbankier/Content/Grok IMagine/greymaker/GrokVault/2025-12-20_Auto/a83964fb-e00f-451f-85db-5557a88e562f.mp4,2025-12-20_Auto/a83964fb-e00f-451f-85db-5557a88e562f.mp4,1834341,.mp4,video,e2a99109787e1aebfeeb13b7e41747ee3289bb3c71f457eb87bb1ec28e847948,2025-12-20T21:08:14.011Z,2025-12-20T21:08:14.012Z,a83964fb-e00f-451f-85db-5557a88e562f,a83964fb-e00f-451f-85db-5557a88e562f,false,,hash-8,ok,mp4-family
GrokVault,full-vault-scan,/Users/philipbankier/Content/Grok IMagine/greymaker/GrokVault/2025-12-20_Auto/a84c9bba-858b-4130-b13b-a4bdb930bef1.png,2025-12-20_Auto/a84c9bba-858b-4130-b13b-a4bdb930bef1.png,250888,.png,image,55ab76ad498847f04be2d743953045ae65a464c649afbbdea55ba865e604d638,2025-12-20T04:05:22.326Z,2025-12-20T04:05:22.327Z,a84c9bba-858b-4130-b13b-a4bdb930bef1,a84c9bba-858b-4130-b13b-a4bdb930bef1,false,,,ok,jpeg
GrokVault,full-vault-scan,/Users/philipbankier/Content/Grok IMagine/greymaker/GrokVault/2025-12-20_Auto/a930ba8f-481b-4df9-a065-8b36328cb14b.png,2025-12-20_Auto/a930ba8f-481b-4df9-a065-8b36328cb14b.png,271219,.png,image,ebe166e162f013646498d5e17bbec907627624aff38ca8ad06e7ed9711248365,2025-12-20T21:47:48.502Z,2025-12-20T21:47:48.561Z,a930ba8f-481b-4df9-a065-8b36328cb14b,a930ba8f-481b-4df9-a065-8b36328cb14b,false,,,ok,jpeg
GrokVault,full-vault-scan,/Users/philipbankier/Content/Grok IMagine/greymaker/GrokVault/2025-12-20_Auto/a9490683-62b4-4016-81de-305c4de6f100.png,2025-12-20_Auto/a9490683-62b4-4016-81de-305c4de6f100.png,251412,.png,image,eb9eb33e61a33fc47ed7c1b025f739bdef2fa94fffaf876a7cc77f5df17e1a26,2025-12-20T23:14:56.470Z,2025-12-20T23:14:56.536Z,a9490683-62b4-4016-81de-305c4de6f100,a9490683-62b4-4016-81de-305c4de6f100,false,,,ok,jpeg
GrokVault,full-vault-scan,/Users/philipbankier/Content/Grok IMagine/greymaker/GrokVault/2025-12-20_Auto/a9b0ec6c-b54c-4ad2-9692-bbf3e65b6c2c.mp4,2025-12-20_Auto/a9b0ec6c-b54c-4ad2-9692-bbf3e65b6c2c.mp4,1207463,.mp4,video,752a820308c6af9d74851412cf95c92706b20fbf4fdc1364f0c73f58718fd495,2025-12-20T23:47:45.831Z,2025-12-20T23:47:45.832Z,a9b0ec6c-b54c-4ad2-9692-bbf3e65b6c2c,a9b0ec6c-b54c-4ad2-9692-bbf3e65b6c2c,false,,,ok,mp4-family
GrokVault,full-vault-scan,/Users/philipbankier/Content/Grok IMagine/greymaker/GrokVault/2025-12-20_Auto/a9c4ebd2-453c-4342-8633-a80c7b3820b4.mp4,2025-12-20_Auto/a9c4ebd2-453c-4342-8633-a80c7b3820b4.mp4,1652628,.mp4,video,98c04c9eb8df67e46a601704a143222c78ee89ecebcaaf38ff7de1a19fc8067e,2025-12-20T23:41:21.698Z,2025-12-20T23:41:21.699Z,a9c4ebd2-453c-4342-8633-a80c7b3820b4,a9c4ebd2-453c-4342-8633-a80c7b3820b4,false,,,ok,mp4-family
GrokVault,full-vault-scan,/Users/philipbankier/Content/Grok IMagine/greymaker/GrokVault/2025-12-20_Auto/a9df90ce-bc5f-4f00-8328-9dbb20e94d6b.png,2025-12-20_Auto/a9df90ce-bc5f-4f00-8328-9dbb20e94d6b.png,377648,.png,image,97b396dec3f8b70617cdc529ba54ca131e105c236d92fa45f98cd875777cba76,2025-12-20T00:18:15.036Z,2025-12-20T00:18:15.049Z,a9df90ce-bc5f-4f00-8328-9dbb20e94d6b,a9df90ce-bc5f-4f00-8328-9dbb20e94d6b,false,,,ok,jpeg
GrokVault,full-vault-scan,/Users/philipbankier/Content/Grok IMagine/greymaker/GrokVault/2025-12-20_Auto/a9ef36e8-548f-480e-bdda-7fbb6b530de8.png,2025-12-20_Auto/a9ef36e8-548f-480e-bdda-7fbb6b530de8.png,224746,.png,image,2956eb7d135a14db0d4a036bcec17fbcbab904ae46ca81f7dbd32f1e30b049e5,2025-12-20T22:06:01.282Z,2025-12-20T22:06:01.322Z,a9ef36e8-548f-480e-bdda-7fbb6b530de8,a9ef36e8-548f-480e-bdda-7fbb6b530de8,false,,,ok,jpeg
GrokVault,full-vault-scan,/Users/philipbankier/Content/Grok IMagine/greymaker/GrokVault/2025-12-20_Auto/aa625ff8-0a7b-4098-a49f-cd1acc336229.mp4,2025-12-20_Auto/aa625ff8-0a7b-4098-a49f-cd1acc336229.mp4,2536271,.mp4,video,0e695e35529468b9d46ad431d7d796221e2f758c236eddd20d94694c6d00259a,2025-12-20T03:26:56.873Z,2025-12-20T03:26:56.875Z,aa625ff8-0a7b-4098-a49f-cd1acc336229,aa625ff8-0a7b-4098-a49f-cd1acc336229,false,,,ok,mp4-family
GrokVault,full-vault-scan,/Users/philipbankier/Content/Grok IMagine/greymaker/GrokVault/2025-12-20_Auto/aa92d798-2d30-4336-b5da-b825634879e9.png,2025-12-20_Auto/aa92d798-2d30-4336-b5da-b825634879e9.png,285663,.png,image,a7d6f2e77b3e40c87d6c3c9f8efb7007b83a109dfaecdfbba58d2b9c2b38d46f,2025-12-20T22:47:30.344Z,2025-12-20T22:47:30.404Z,aa92d798-2d30-4336-b5da-b825634879e9,aa92d798-2d30-4336-b5da-b825634879e9,false,,,ok,jpeg
GrokVault,full-vault-scan,/Users/philipbankier/Content/Grok IMagine/greymaker/GrokVault/2025-12-20_Auto/aa93b9c4-9c72-434b-96cc-2696b00e70be.mp4,2025-12-20_Auto/aa93b9c4-9c72-434b-96cc-2696b00e70be.mp4,1856091,.mp4,video,63f65cad846aec45449d05c989cdaa82af2375eabc895a323921f7f69c557d21,2025-12-20T22:46:47.010Z,2025-12-20T22:46:47.012Z,aa93b9c4-9c72-434b-96cc-2696b00e70be,aa93b9c4-9c72-434b-96cc-2696b00e70be,false,,,ok,mp4-family
GrokVault,full-vault-scan,/Users/philipbankier/Content/Grok IMagine/greymaker/GrokVault/2025-12-20_Auto/aaaa7b02-e9b7-4a5a-8c35-fa0c5b59ebbf.mp4,2025-12-20_Auto/aaaa7b02-e9b7-4a5a-8c35-fa0c5b59ebbf.mp4,1410247,.mp4,video,b3c70014a151bf837d358352e64b74a9ef491746fe3d3c858507c259d20dce0a,2025-12-20T22:45:06.219Z,2025-12-20T22:45:06.220Z,aaaa7b02-e9b7-4a5a-8c35-fa0c5b59ebbf,aaaa7b02-e9b7-4a5a-8c35-fa0c5b59ebbf,false,,,ok,mp4-family
GrokVault,full-vault-scan,/Users/philipbankier/Content/Grok IMagine/greymaker/GrokVault/2025-12-20_Auto/ab1213ef-a640-4b7e-879a-08d26aac25ab.png,2025-12-20_Auto/ab1213ef-a640-4b7e-879a-08d26aac25ab.png,257117,.png,image,52068198e560f66a956e4a848bd43a50c60265e6555650fb180147eda0d75807,2025-12-20T22:40:03.200Z,2025-12-20T22:40:03.259Z,ab1213ef-a640-4b7e-879a-08d26aac25ab,ab1213ef-a640-4b7e-879a-08d26aac25ab,false,,,ok,jpeg
GrokVault,full-vault-scan,/Users/philipbankier/Content/Grok IMagine/greymaker/GrokVault/2025-12-20_Auto/ab314f6a-4439-461a-a954-a6d2d10c62c8.png,2025-12-20_Auto/ab314f6a-4439-461a-a954-a6d2d10c62c8.png,288843,.png,image,567ca42d3d3aabd93a377efbf4484311842118cc9ed0d3d62804d377b0547624,2025-12-20T23:07:42.821Z,2025-12-20T23:07:42.882Z,ab314f6a-4439-461a-a954-a6d2d10c62c8,ab314f6a-4439-461a-a954-a6d2d10c62c8,false,,,ok,jpeg
GrokVault,full-vault-scan,/Users/philipbankier/Content/Grok IMagine/greymaker/GrokVault/2025-12-20_Auto/aba59fda-726c-43f9-8540-62cede63946f.png,2025-12-20_Auto/aba59fda-726c-43f9-8540-62cede63946f.png,233209,.png,image,012be0f54c0645cea2c7767bba577aaffbcd04a7436dd8294955604936fa985b,2025-12-20T21:34:36.089Z,2025-12-20T21:34:36.159Z,aba59fda-726c-43f9-8540-62cede63946f,aba59fda-726c-43f9-8540-62cede63946f,false,,,ok,jpeg
GrokVault,full-vault-scan,/Users/philipbankier/Content/Grok IMagine/greymaker/GrokVault/2025-12-20_Auto/abdd3c24-a015-4c0f-aed7-01fd3f471dd8.mp4,2025-12-20_Auto/abdd3c24-a015-4c0f-aed7-01fd3f471dd8.mp4,1287668,.mp4,video,c3cebade3c50cbc614f9f8655f5c06896d45650d1de79eeee4f33038fa65f37e,2025-12-20T22:32:05.400Z,2025-12-20T22:32:05.404Z,abdd3c24-a015-4c0f-aed7-01fd3f471dd8,abdd3c24-a015-4c0f-aed7-01fd3f471dd8,false,,,ok,mp4-family
GrokVault,full-vault-scan,/Users/philipbankier/Content/Grok IMagine/greymaker/GrokVault/2025-12-20_Auto/ac646c6e-0688-4e25-abb5-c03459ebc03f.mp4,2025-12-20_Auto/ac646c6e-0688-4e25-abb5-c03459ebc03f.mp4,2187479,.mp4,video,79bd0ea1cbdd55ffd2d8b959f562e80f74f27be2919460423d287def0b69539e,2025-12-20T03:58:34.938Z,2025-12-20T03:58:34.941Z,ac646c6e-0688-4e25-abb5-c03459ebc03f,ac646c6e-0688-4e25-abb5-c03459ebc03f,false,,,ok,mp4-family
GrokVault,full-vault-scan,/Users/philipbankier/Content/Grok IMagine/greymaker/GrokVault/2025-12-20_Auto/ac875823-dcb3-44aa-b047-cf36cb237675.png,2025-12-20_Auto/ac875823-dcb3-44aa-b047-cf36cb237675.png,242404,.png,image,0e7acb66c095ab976b97f9a8f9f9797f79ee019c3d30c06bf7a5a61649099cf0,2025-12-20T21:33:38.617Z,2025-12-20T21:33:38.727Z,ac875823-dcb3-44aa-b047-cf36cb237675,ac875823-dcb3-44aa-b047-cf36cb237675,false,,,ok,jpeg
GrokVault,full-vault-scan,/Users/philipbankier/Content/Grok IMagine/greymaker/GrokVault/2025-12-20_Auto/acd5e8fe-827b-4d5c-931e-cc31ecc6c227.png,2025-12-20_Auto/acd5e8fe-827b-4d5c-931e-cc31ecc6c227.png,362320,.png,image,17324ae34ec2fa04a4a50eb13544152b53e39cd80b2f2bd1d367594c6c6aa5f7,2025-12-20T21:23:49.536Z,2025-12-20T21:23:49.614Z,acd5e8fe-827b-4d5c-931e-cc31ecc6c227,acd5e8fe-827b-4d5c-931e-cc31ecc6c227,false,,,ok,jpeg
GrokVault,full-vault-scan,/Users/philipbankier/Content/Grok IMagine/greymaker/GrokVault/2025-12-20_Auto/ace21c27-14a6-4bc9-8dc0-f7fadf3797ae.mp4,2025-12-20_Auto/ace21c27-14a6-4bc9-8dc0-f7fadf3797ae.mp4,2993507,.mp4,video,36419a78737d3e2c0de72d43ca99703b3248e7839b0a740c8600eae49c6825f3,2025-12-20T03:29:33.220Z,2025-12-20T03:29:33.223Z,ace21c27-14a6-4bc9-8dc0-f7fadf3797ae,ace21c27-14a6-4bc9-8dc0-f7fadf3797ae,false,,,ok,mp4-family
GrokVault,full-vault-scan,/Users/philipbankier/Content/Grok IMagine/greymaker/GrokVault/2025-12-20_Auto/ad3a4b4d-6d1e-484c-bb4d-eebb063b23df.mp4,2025-12-20_Auto/ad3a4b4d-6d1e-484c-bb4d-eebb063b23df.mp4,1656143,.mp4,video,b1b4fd7e3715958c6d19cee017a195abfd31914c614240007925338e28cee59a,2025-12-20T22:17:51.169Z,2025-12-20T22:17:51.170Z,ad3a4b4d-6d1e-484c-bb4d-eebb063b23df,ad3a4b4d-6d1e-484c-bb4d-eebb063b23df,false,,,ok,mp4-family
GrokVault,full-vault-scan,/Users/philipbankier/Content/Grok IMagine/greymaker/GrokVault/2025-12-20_Auto/ae26a582-6387-419d-a3be-e5a2d7ab0513.mp4,2025-12-20_Auto/ae26a582-6387-419d-a3be-e5a2d7ab0513.mp4,1649766,.mp4,video,5114b1f0166f4ff544f91cdb5531f5a4f0a3272f57f16d9e1df97ace86db69ec,2025-12-20T22:48:27.084Z,2025-12-20T22:48:27.086Z,ae26a582-6387-419d-a3be-e5a2d7ab0513,ae26a582-6387-419d-a3be-e5a2d7ab0513,false,,,ok,mp4-family
GrokVault,full-vault-scan,/Users/philipbankier/Content/Grok IMagine/greymaker/GrokVault/2025-12-20_Auto/af296e13-87cc-4c56-af7c-7443d960edbf.png,2025-12-20_Auto/af296e13-87cc-4c56-af7c-7443d960edbf.png,213718,.png,image,e3b7f84dfd42a8a858b5a8bdcf2667acebf6f57eb6d6039f22dc1c7ea65126d5,2025-12-20T21:21:39.597Z,2025-12-20T21:21:39.655Z,af296e13-87cc-4c56-af7c-7443d960edbf,af296e13-87cc-4c56-af7c-7443d960edbf,false,,,ok,jpeg
GrokVault,full-vault-scan,/Users/philipbankier/Content/Grok IMagine/greymaker/GrokVault/2025-12-20_Auto/af6b47e7-ca5e-429c-9974-8577d036dd07.mp4,2025-12-20_Auto/af6b47e7-ca5e-429c-9974-8577d036dd07.mp4,2073336,.mp4,video,3fc31d1454453d8b061f8095c3914ea3da3d61c02ac86cbd2ab81d1cb10a22a6,2025-12-20T20:54:38.628Z,2025-12-20T20:54:38.630Z,af6b47e7-ca5e-429c-9974-8577d036dd07,af6b47e7-ca5e-429c-9974-8577d036dd07,false,,hash-4,ok,mp4-family
GrokVault,full-vault-scan,/Users/philipbankier/Content/Grok IMagine/greymaker/GrokVault/2025-12-20_Auto/afd299c7-6cdd-4e54-9e86-b44d7ea4a911.mp4,2025-12-20_Auto/afd299c7-6cdd-4e54-9e86-b44d7ea4a911.mp4,1322026,.mp4,video,3d66724e659505060e9f4cfcfaea915c2a5c80daf074648777654401c5ebc676,2025-12-20T22:49:38.294Z,2025-12-20T22:49:38.296Z,afd299c7-6cdd-4e54-9e86-b44d7ea4a911,afd299c7-6cdd-4e54-9e86-b44d7ea4a911,false,,,ok,mp4-family
GrokVault,full-vault-scan,/Users/philipbankier/Content/Grok IMagine/greymaker/GrokVault/2025-12-20_Auto/afe9b552-095e-4ea3-9855-e1ac2661fd90.png,2025-12-20_Auto/afe9b552-095e-4ea3-9855-e1ac2661fd90.png,260904,.png,image,35b0e5a9f66fef48cc513cba05981b35bbb96edb8a4d2814ae9601e64bfc4fea,2025-12-20T21:54:58.145Z,2025-12-20T21:54:58.204Z,afe9b552-095e-4ea3-9855-e1ac2661fd90,afe9b552-095e-4ea3-9855-e1ac2661fd90,false,,,ok,jpeg
GrokVault,full-vault-scan,/Users/philipbankier/Content/Grok IMagine/greymaker/GrokVault/2025-12-20_Auto/afe9e719-68cd-4448-bca7-6447249dec90.mp4,2025-12-20_Auto/afe9e719-68cd-4448-bca7-6447249dec90.mp4,1009427,.mp4,video,310894d026136e2f3062832c8a49ee5c0385795d876e97d0b4ea41249908463f,2025-12-20T22:29:28.925Z,2025-12-20T22:29:28.926Z,afe9e719-68cd-4448-bca7-6447249dec90,afe9e719-68cd-4448-bca7-6447249dec90,false,,,ok,mp4-family
GrokVault,full-vault-scan,/Users/philipbankier/Content/Grok IMagine/greymaker/GrokVault/2025-12-20_Auto/b0070a26-173f-4913-a6d9-deb1d7af0e39.png,2025-12-20_Auto/b0070a26-173f-4913-a6d9-deb1d7af0e39.png,316938,.png,image,cf26cc2ec0198c37cb936c6762035299be4cbb3bb0823146a6bfea97b95aa90a,2025-12-20T04:32:58.848Z,2025-12-20T04:32:58.860Z,b0070a26-173f-4913-a6d9-deb1d7af0e39,b0070a26-173f-4913-a6d9-deb1d7af0e39,false,,,ok,jpeg
GrokVault,full-vault-scan,/Users/philipbankier/Content/Grok IMagine/greymaker/GrokVault/2025-12-20_Auto/b07aac67-63a1-4e7b-a37d-92e3da854611.mp4,2025-12-20_Auto/b07aac67-63a1-4e7b-a37d-92e3da854611.mp4,1790148,.mp4,video,34e86b1c6c300657d316483d8dfd14982aaa732d241f6b64cf1e0cc44ddb54cb,2025-12-20T22:13:27.849Z,2025-12-20T22:13:27.851Z,b07aac67-63a1-4e7b-a37d-92e3da854611,b07aac67-63a1-4e7b-a37d-92e3da854611,false,,,ok,mp4-family
GrokVault,full-vault-scan,/Users/philipbankier/Content/Grok IMagine/greymaker/GrokVault/2025-12-20_Auto/b080d908-982e-41d9-9ab3-f31bdc6b290e.png,2025-12-20_Auto/b080d908-982e-41d9-9ab3-f31bdc6b290e.png,294950,.png,image,377e5f19e516abe4a711fc1db7d4a62cfbd50be4279b52386956e6f227b34dcb,2025-12-20T22:44:24.572Z,2025-12-20T22:44:24.632Z,b080d908-982e-41d9-9ab3-f31bdc6b290e,b080d908-982e-41d9-9ab3-f31bdc6b290e,false,,,ok,jpeg
GrokVault,full-vault-scan,/Users/philipbankier/Content/Grok IMagine/greymaker/GrokVault/2025-12-20_Auto/b0990887-b3e3-442f-b790-af9694b7f938.mp4,2025-12-20_Auto/b0990887-b3e3-442f-b790-af9694b7f938.mp4,1595991,.mp4,video,7bf15662c520439788c6e5bbda3f211a4bca1d2c1a5eb35b132dc25069616730,2025-12-20T23:34:29.935Z,2025-12-20T23:34:29.936Z,b0990887-b3e3-442f-b790-af9694b7f938,b0990887-b3e3-442f-b790-af9694b7f938,false,,,ok,mp4-family
GrokVault,full-vault-scan,/Users/philipbankier/Content/Grok IMagine/greymaker/GrokVault/2025-12-20_Auto/b0b4656b-6ebc-4bb2-9b91-a84597f9814b.png,2025-12-20_Auto/b0b4656b-6ebc-4bb2-9b91-a84597f9814b.png,264619,.png,image,7c7540199c96723b04c03d515df6515749c824e7536b228834b3a8666db3dde9,2025-12-20T23:29:44.078Z,2025-12-20T23:29:44.146Z,b0b4656b-6ebc-4bb2-9b91-a84597f9814b,b0b4656b-6ebc-4bb2-9b91-a84597f9814b,false,,,ok,jpeg
GrokVault,full-vault-scan,/Users/philipbankier/Content/Grok IMagine/greymaker/GrokVault/2025-12-20_Auto/b110912c-9878-4339-a700-979ce53ab3ac.mp4,2025-12-20_Auto/b110912c-9878-4339-a700-979ce53ab3ac.mp4,2786824,.mp4,video,c1981f958d54a428d64f6528b09bbff73c780ecc9d5caddc25e1f9147a8ad25f,2025-12-20T00:13:19.681Z,2025-12-20T00:13:19.683Z,b110912c-9878-4339-a700-979ce53ab3ac,b110912c-9878-4339-a700-979ce53ab3ac,false,,,ok,mp4-family
GrokVault,full-vault-scan,/Users/philipbankier/Content/Grok IMagine/greymaker/GrokVault/2025-12-20_Auto/b1202804-f99f-4f2a-bbae-ebb06c0d0b95.png,2025-12-20_Auto/b1202804-f99f-4f2a-bbae-ebb06c0d0b95.png,352794,.png,image,310f64c483e616b917d52afc32d0b879699e958b18184163ecf23eca76e48fa9,2025-12-20T22:34:57.549Z,2025-12-20T22:34:57.633Z,b1202804-f99f-4f2a-bbae-ebb06c0d0b95,b1202804-f99f-4f2a-bbae-ebb06c0d0b95,false,,,ok,jpeg
GrokVault,full-vault-scan,/Users/philipbankier/Content/Grok IMagine/greymaker/GrokVault/2025-12-20_Auto/b128f52a-41d4-40ef-95d3-de1afd588e58.png,2025-12-20_Auto/b128f52a-41d4-40ef-95d3-de1afd588e58.png,267245,.png,image,433cdb93fc36263df494c570c0e6819334beee8133438da2eb58a207eb0231a1,2025-12-20T23:07:58.191Z,2025-12-20T23:07:58.249Z,b128f52a-41d4-40ef-95d3-de1afd588e58,b128f52a-41d4-40ef-95d3-de1afd588e58,false,,,ok,jpeg
GrokVault,full-vault-scan,/Users/philipbankier/Content/Grok IMagine/greymaker/GrokVault/2025-12-20_Auto/b1521a99-0981-4454-b5b5-6cdee7dd0c00.png,2025-12-20_Auto/b1521a99-0981-4454-b5b5-6cdee7dd0c00.png,196610,.png,image,e632bcec7ab7550afaf68e6c26c914178e8ab0ef2ddb92606dc213e47bf7f223,2025-12-20T22:00:43.831Z,2025-12-20T22:00:43.897Z,b1521a99-0981-4454-b5b5-6cdee7dd0c00,b1521a99-0981-4454-b5b5-6cdee7dd0c00,false,,,ok,jpeg
GrokVault,full-vault-scan,/Users/philipbankier/Content/Grok IMagine/greymaker/GrokVault/2025-12-20_Auto/b1bd757a-9e85-4f5a-b25a-accb34bd08f9.mp4,2025-12-20_Auto/b1bd757a-9e85-4f5a-b25a-accb34bd08f9.mp4,1700027,.mp4,video,f21565cec7c9e4738810d61a1d2e2eb1c45f6bcf08c01dc8b338570d9429bfcf,2025-12-20T22:15:25.148Z,2025-12-20T22:15:25.151Z,b1bd757a-9e85-4f5a-b25a-accb34bd08f9,b1bd757a-9e85-4f5a-b25a-accb34bd08f9,false,,,ok,mp4-family
GrokVault,full-vault-scan,/Users/philipbankier/Content/Grok IMagine/greymaker/GrokVault/2025-12-20_Auto/b216d916-9354-4ba4-ba43-9ba7440cad09.png,2025-12-20_Auto/b216d916-9354-4ba4-ba43-9ba7440cad09.png,296144,.png,image,e2d6edb41370b27a82922e869e507c10b252bd312fd180350b398f020ea69443,2025-12-20T22:38:50.258Z,2025-12-20T22:38:50.318Z,b216d916-9354-4ba4-ba43-9ba7440cad09,b216d916-9354-4ba4-ba43-9ba7440cad09,false,,,ok,jpeg
GrokVault,full-vault-scan,/Users/philipbankier/Content/Grok IMagine/greymaker/GrokVault/2025-12-20_Auto/b254b536-0bc7-4767-9d2c-a8986194a453.png,2025-12-20_Auto/b254b536-0bc7-4767-9d2c-a8986194a453.png,344761,.png,image,99fc56076d9f2661da40a8fac5da998fe1a9120024178c5132514209712e732d,2025-12-20T00:06:55.485Z,2025-12-20T00:06:55.494Z,b254b536-0bc7-4767-9d2c-a8986194a453,b254b536-0bc7-4767-9d2c-a8986194a453,false,,,ok,jpeg
GrokVault,full-vault-scan,/Users/philipbankier/Content/Grok IMagine/greymaker/GrokVault/2025-12-20_Auto/b281e94a-ef3b-4c52-81be-636c97e99538.mp4,2025-12-20_Auto/b281e94a-ef3b-4c52-81be-636c97e99538.mp4,1239352,.mp4,video,3145c2d26f78adeec642bd5ece7d5a1084283921ac7505cfcacedfcb4e4651a4,2025-12-20T23:50:07.373Z,2025-12-20T23:50:07.374Z,b281e94a-ef3b-4c52-81be-636c97e99538,b281e94a-ef3b-4c52-81be-636c97e99538,false,,,ok,mp4-family
GrokVault,full-vault-scan,/Users/philipbankier/Content/Grok IMagine/greymaker/GrokVault/2025-12-20_Auto/b2d644a7-3356-4570-b31f-b32544c41b4c.png,2025-12-20_Auto/b2d644a7-3356-4570-b31f-b32544c41b4c.png,263946,.png,image,596b7648bfc963682a161d88ff297b2e25b3a2a1c4e369a6649e9a6726cb6551,2025-12-20T05:25:25.238Z,2025-12-20T05:25:25.247Z,b2d644a7-3356-4570-b31f-b32544c41b4c,b2d644a7-3356-4570-b31f-b32544c41b4c,false,,,ok,jpeg
GrokVault,full-vault-scan,/Users/philipbankier/Content/Grok IMagine/greymaker/GrokVault/2025-12-20_Auto/b35c373e-1853-40c3-8e01-16ba8ac72d53.png,2025-12-20_Auto/b35c373e-1853-40c3-8e01-16ba8ac72d53.png,227912,.png,image,9992883ab3bbf8963c6e4a3a1fc945ee39358a7fe81b7a787159a606d33f8fbc,2025-12-20T21:39:09.766Z,2025-12-20T21:39:09.823Z,b35c373e-1853-40c3-8e01-16ba8ac72d53,b35c373e-1853-40c3-8e01-16ba8ac72d53,false,,,ok,jpeg
GrokVault,full-vault-scan,/Users/philipbankier/Content/Grok IMagine/greymaker/GrokVault/2025-12-20_Auto/b3f20183-cd36-41e5-b28b-9542af761e8c.png,2025-12-20_Auto/b3f20183-cd36-41e5-b28b-9542af761e8c.png,261033,.png,image,813574462f95664da7cb3c550720ad428fee415ed0fbcfe048d324c5b87c0283,2025-12-20T22:16:53.585Z,2025-12-20T22:16:53.644Z,b3f20183-cd36-41e5-b28b-9542af761e8c,b3f20183-cd36-41e5-b28b-9542af761e8c,false,,,ok,jpeg
GrokVault,full-vault-scan,/Users/philipbankier/Content/Grok IMagine/greymaker/GrokVault/2025-12-20_Auto/b409c520-c529-4402-90d5-4954ae868c25.mp4,2025-12-20_Auto/b409c520-c529-4402-90d5-4954ae868c25.mp4,1939725,.mp4,video,d01b5c4ab90c053c90572cbbb33776c91e10a2652f4b1e838df8aa78f5963344,2025-12-20T04:15:13.635Z,2025-12-20T04:15:13.637Z,b409c520-c529-4402-90d5-4954ae868c25,b409c520-c529-4402-90d5-4954ae868c25,false,,,ok,mp4-family
GrokVault,full-vault-scan,/Users/philipbankier/Content/Grok IMagine/greymaker/GrokVault/2025-12-20_Auto/b466a888-d413-4e96-8dd1-a7eaf6312d95.png,2025-12-20_Auto/b466a888-d413-4e96-8dd1-a7eaf6312d95.png,213409,.png,image,184f704feafc545b0b1d000a05ccda65a1614c5c50032633f9ac2b60ac06b67c,2025-12-20T04:48:27.224Z,2025-12-20T04:48:27.224Z,b466a888-d413-4e96-8dd1-a7eaf6312d95,b466a888-d413-4e96-8dd1-a7eaf6312d95,false,,,ok,jpeg
GrokVault,full-vault-scan,/Users/philipbankier/Content/Grok IMagine/greymaker/GrokVault/2025-12-20_Auto/b4d3e367-10d2-4718-9f9c-8fc6dee0487f.mp4,2025-12-20_Auto/b4d3e367-10d2-4718-9f9c-8fc6dee0487f.mp4,3165844,.mp4,video,5e0126e2cf8188829ba6708a3fac845a1a63d434665d42ed842c2f367bfe5a97,2025-12-20T00:19:44.696Z,2025-12-20T00:19:44.700Z,b4d3e367-10d2-4718-9f9c-8fc6dee0487f,b4d3e367-10d2-4718-9f9c-8fc6dee0487f,false,,,ok,mp4-family
GrokVault,full-vault-scan,/Users/philipbankier/Content/Grok IMagine/greymaker/GrokVault/2025-12-20_Auto/b4f31b30-fc2e-4d79-97f9-142106637b6f.png,2025-12-20_Auto/b4f31b30-fc2e-4d79-97f9-142106637b6f.png,216069,.png,image,fa11550dc7fa3026958f595b9e7ee273b6c6cf0c277e0d94b3d1de134a162114,2025-12-20T05:20:54.557Z,2025-12-20T05:20:54.558Z,b4f31b30-fc2e-4d79-97f9-142106637b6f,b4f31b30-fc2e-4d79-97f9-142106637b6f,false,,,ok,jpeg
GrokVault,full-vault-scan,/Users/philipbankier/Content/Grok IMagine/greymaker/GrokVault/2025-12-20_Auto/b549a337-7158-47db-be7d-e51c31f0e62a.mp4,2025-12-20_Auto/b549a337-7158-47db-be7d-e51c31f0e62a.mp4,1889158,.mp4,video,cb12033de3ed04f6bce01a207946054789981c0722985bbd9cc0b22b0412a912,2025-12-20T21:41:19.061Z,2025-12-20T21:41:19.062Z,b549a337-7158-47db-be7d-e51c31f0e62a,b549a337-7158-47db-be7d-e51c31f0e62a,false,,,ok,mp4-family
GrokVault,full-vault-scan,/Users/philipbankier/Content/Grok IMagine/greymaker/GrokVault/2025-12-20_Auto/b5b46632-593d-4f41-9c66-0c926e101be0.png,2025-12-20_Auto/b5b46632-593d-4f41-9c66-0c926e101be0.png,133098,.png,image,4eea75d438fe806d73da562132177873641b8fe7cb8f50b0bba68575506402e8,2025-12-20T05:07:42.381Z,2025-12-20T05:07:42.382Z,b5b46632-593d-4f41-9c66-0c926e101be0,b5b46632-593d-4f41-9c66-0c926e101be0,false,,,ok,jpeg
GrokVault,full-vault-scan,/Users/philipbankier/Content/Grok IMagine/greymaker/GrokVault/2025-12-20_Auto/b5bce7db-667a-4ac5-9f33-33bc1b1e59c8.png,2025-12-20_Auto/b5bce7db-667a-4ac5-9f33-33bc1b1e59c8.png,241207,.png,image,f36d6cb2d5ab486c4afb11a6481ed5aefadcf764d100df553e274fbdcfa2f94b,2025-12-20T22:14:43.242Z,2025-12-20T22:14:43.559Z,b5bce7db-667a-4ac5-9f33-33bc1b1e59c8,b5bce7db-667a-4ac5-9f33-33bc1b1e59c8,false,,,ok,jpeg
GrokVault,full-vault-scan,/Users/philipbankier/Content/Grok IMagine/greymaker/GrokVault/2025-12-20_Auto/b607c4e7-0572-4627-a130-14a19f8edb10.png,2025-12-20_Auto/b607c4e7-0572-4627-a130-14a19f8edb10.png,195107,.png,image,e3dd9cc2a170d3b5dc3b74d468fe1a430f1bcc2a0e665b68f91c28b9ca5a2c59,2025-12-20T05:11:28.968Z,2025-12-20T05:11:28.970Z,b607c4e7-0572-4627-a130-14a19f8edb10,b607c4e7-0572-4627-a130-14a19f8edb10,false,,,ok,jpeg
GrokVault,full-vault-scan,/Users/philipbankier/Content/Grok IMagine/greymaker/GrokVault/2025-12-20_Auto/b628816c-b352-4b61-968c-c65a51766065.mp4,2025-12-20_Auto/b628816c-b352-4b61-968c-c65a51766065.mp4,1134159,.mp4,video,c76b1031d277bcfe6c749a4b44c29f05297affaa3982bfbc1999b93dd0d44d2d,2025-12-20T21:06:33.842Z,2025-12-20T21:06:33.844Z,b628816c-b352-4b61-968c-c65a51766065,b628816c-b352-4b61-968c-c65a51766065,false,,,ok,mp4-family
GrokVault,full-vault-scan,/Users/philipbankier/Content/Grok IMagine/greymaker/GrokVault/2025-12-20_Auto/b648ccf8-10d3-40fe-873a-d6c896dce6c3.png,2025-12-20_Auto/b648ccf8-10d3-40fe-873a-d6c896dce6c3.png,205822,.png,image,57d07701bfea1d4289b0807a7b8c6d9616a55ade75c5f3d065b3a5c50b1ea4e5,2025-12-20T04:54:30.144Z,2025-12-20T04:54:30.146Z,b648ccf8-10d3-40fe-873a-d6c896dce6c3,b648ccf8-10d3-40fe-873a-d6c896dce6c3,false,,,ok,jpeg
GrokVault,full-vault-scan,/Users/philipbankier/Content/Grok IMagine/greymaker/GrokVault/2025-12-20_Auto/b6a8e595-42f3-4108-ad6c-a113972e893a.mp4,2025-12-20_Auto/b6a8e595-42f3-4108-ad6c-a113972e893a.mp4,1950927,.mp4,video,1752e8a44bc911e37d8b132022e5f740f9542f2ef7762ac636a4d8a89d8101cd,2025-12-20T23:36:23.350Z,2025-12-20T23:36:23.678Z,b6a8e595-42f3-4108-ad6c-a113972e893a,b6a8e595-42f3-4108-ad6c-a113972e893a,false,,,ok,mp4-family
GrokVault,full-vault-scan,/Users/philipbankier/Content/Grok IMagine/greymaker/GrokVault/2025-12-20_Auto/b6f4e504-e7fa-4d61-a6a9-5ee5f57a61a2.png,2025-12-20_Auto/b6f4e504-e7fa-4d61-a6a9-5ee5f57a61a2.png,371636,.png,image,f7f9b2218ba2f9736e7953db068dc27cb38be7d262ce1ab490468d8fab364cb0,2025-12-20T21:54:15.471Z,2025-12-20T21:54:15.547Z,b6f4e504-e7fa-4d61-a6a9-5ee5f57a61a2,b6f4e504-e7fa-4d61-a6a9-5ee5f57a61a2,false,,,ok,jpeg
GrokVault,full-vault-scan,/Users/philipbankier/Content/Grok IMagine/greymaker/GrokVault/2025-12-20_Auto/b72e99f3-be6a-4063-bafc-97902e29be5b.mp4,2025-12-20_Auto/b72e99f3-be6a-4063-bafc-97902e29be5b.mp4,1959724,.mp4,video,58aaad6788c1925b91c8e5373590e2c2f96eb67c39a126192049b15d7dc5c3ca,2025-12-20T23:36:37.337Z,2025-12-20T23:36:37.339Z,b72e99f3-be6a-4063-bafc-97902e29be5b,b72e99f3-be6a-4063-bafc-97902e29be5b,false,,,ok,mp4-family
GrokVault,full-vault-scan,/Users/philipbankier/Content/Grok IMagine/greymaker/GrokVault/2025-12-20_Auto/b76dc4ab-dfb7-4d3e-91c2-319976556f36.png,2025-12-20_Auto/b76dc4ab-dfb7-4d3e-91c2-319976556f36.png,209433,.png,image,77136d485ff48ccc4446fd53ab0c81b3076c21c85d065db2fa44f34596979143,2025-12-20T21:24:31.877Z,2025-12-20T21:24:31.939Z,b76dc4ab-dfb7-4d3e-91c2-319976556f36,b76dc4ab-dfb7-4d3e-91c2-319976556f36,false,,,ok,jpeg
GrokVault,full-vault-scan,/Users/philipbankier/Content/Grok IMagine/greymaker/GrokVault/2025-12-20_Auto/b84b537e-3c95-45f1-bf72-eb201b812f45.mp4,2025-12-20_Auto/b84b537e-3c95-45f1-bf72-eb201b812f45.mp4,1230124,.mp4,video,afbe45541a56cd0f0577979073038c1b62345f6314a65b040a43f74ab7d6e600,2025-12-20T22:49:24.378Z,2025-12-20T22:49:24.380Z,b84b537e-3c95-45f1-bf72-eb201b812f45,b84b537e-3c95-45f1-bf72-eb201b812f45,false,,,ok,mp4-family
GrokVault,full-vault-scan,/Users/philipbankier/Content/Grok IMagine/greymaker/GrokVault/2025-12-20_Auto/b8680012-ec79-4c83-a890-fc8e9a2f8ca5.png,2025-12-20_Auto/b8680012-ec79-4c83-a890-fc8e9a2f8ca5.png,319586,.png,image,0a1da394aa94d463ceedc9cb85cb8a7cfa01d2a069076fe00d3492f04d742fce,2025-12-20T22:36:26.051Z,2025-12-20T22:36:26.121Z,b8680012-ec79-4c83-a890-fc8e9a2f8ca5,b8680012-ec79-4c83-a890-fc8e9a2f8ca5,false,,,ok,jpeg
GrokVault,full-vault-scan,/Users/philipbankier/Content/Grok IMagine/greymaker/GrokVault/2025-12-20_Auto/b94e5dac-ec4c-4447-8f7c-37c265f131e3.png,2025-12-20_Auto/b94e5dac-ec4c-4447-8f7c-37c265f131e3.png,250484,.png,image,64649dda256dd5822f38d0f036f32d48d4c1773a0ed0551ee02cc9d66b79945a,2025-12-20T23:27:34.271Z,2025-12-20T23:27:34.329Z,b94e5dac-ec4c-4447-8f7c-37c265f131e3,b94e5dac-ec4c-4447-8f7c-37c265f131e3,false,,,ok,jpeg
GrokVault,full-vault-scan,/Users/philipbankier/Content/Grok IMagine/greymaker/GrokVault/2025-12-20_Auto/b95ecece-81c8-4cd1-a0c7-ba655fb2960f.mp4,2025-12-20_Auto/b95ecece-81c8-4cd1-a0c7-ba655fb2960f.mp4,1612067,.mp4,video,168d5b16a03ea1e6b9cd41de6f69f466a8012b3750d7b051194f8a5b15f2d9d6,2025-12-20T22:49:10.424Z,2025-12-20T22:49:10.426Z,b95ecece-81c8-4cd1-a0c7-ba655fb2960f,b95ecece-81c8-4cd1-a0c7-ba655fb2960f,false,,,ok,mp4-family
GrokVault,full-vault-scan,/Users/philipbankier/Content/Grok IMagine/greymaker/GrokVault/2025-12-20_Auto/b9712ae4-2b56-451d-9aa2-0d9f12ec0022.png,2025-12-20_Auto/b9712ae4-2b56-451d-9aa2-0d9f12ec0022.png,280370,.png,image,130fe7efafdde63598c83611c41df6ffdf38dbcffcd79310dbac9146a222d710,2025-12-20T23:33:35.170Z,2025-12-20T23:33:35.238Z,b9712ae4-2b56-451d-9aa2-0d9f12ec0022,b9712ae4-2b56-451d-9aa2-0d9f12ec0022,false,,,ok,jpeg
GrokVault,full-vault-scan,/Users/philipbankier/Content/Grok IMagine/greymaker/GrokVault/2025-12-20_Auto/b9bd1801-b39a-4501-b667-4a302077e6ab.mp4,2025-12-20_Auto/b9bd1801-b39a-4501-b667-4a302077e6ab.mp4,1527555,.mp4,video,80d70c9e0140e65a179a936b96c3137bfc305b2404483e46f7b2869e031340bc,2025-12-20T22:42:56.799Z,2025-12-20T22:42:56.801Z,b9bd1801-b39a-4501-b667-4a302077e6ab,b9bd1801-b39a-4501-b667-4a302077e6ab,false,,,ok,mp4-family
GrokVault,full-vault-scan,/Users/philipbankier/Content/Grok IMagine/greymaker/GrokVault/2025-12-20_Auto/b9c4ffcd-4693-40f9-8b94-bb1357e0160d.mp4,2025-12-20_Auto/b9c4ffcd-4693-40f9-8b94-bb1357e0160d.mp4,2172720,.mp4,video,3a438060b6ba59b383fb4cc7bd52e29da94d88dc314990f696d7849e5633d478,2025-12-20T03:27:18.916Z,2025-12-20T03:27:18.918Z,b9c4ffcd-4693-40f9-8b94-bb1357e0160d,b9c4ffcd-4693-40f9-8b94-bb1357e0160d,false,,,ok,mp4-family
GrokVault,full-vault-scan,/Users/philipbankier/Content/Grok IMagine/greymaker/GrokVault/2025-12-20_Auto/b9d73898-418b-4774-bebc-714511fcd85b.mp4,2025-12-20_Auto/b9d73898-418b-4774-bebc-714511fcd85b.mp4,1297912,.mp4,video,7e9f948376122f1796642da1feb4ae7ead4ac7c0f02d1156ffca2931fdb86b45,2025-12-20T23:47:32.103Z,2025-12-20T23:47:32.104Z,b9d73898-418b-4774-bebc-714511fcd85b,b9d73898-418b-4774-bebc-714511fcd85b,false,,,ok,mp4-family
GrokVault,full-vault-scan,/Users/philipbankier/Content/Grok IMagine/greymaker/GrokVault/2025-12-20_Auto/b9e129a3-2454-4537-b994-989e89d13875.png,2025-12-20_Auto/b9e129a3-2454-4537-b994-989e89d13875.png,278436,.png,image,6077c23422912b4fe04609fa0418cdf4b526ccd08fc7733e29569204f6c9e958,2025-12-20T05:24:17.132Z,2025-12-20T05:24:17.134Z,b9e129a3-2454-4537-b994-989e89d13875,b9e129a3-2454-4537-b994-989e89d13875,false,,,ok,jpeg
GrokVault,full-vault-scan,/Users/philipbankier/Content/Grok IMagine/greymaker/GrokVault/2025-12-20_Auto/ba27ba4c-f1cf-4ab0-810f-ca4cfa6bd064.mp4,2025-12-20_Auto/ba27ba4c-f1cf-4ab0-810f-ca4cfa6bd064.mp4,1530382,.mp4,video,24dba5b49d03f870d2f1674afe47c46efec6127aee96fe6d1d89bbeb0aec5852,2025-12-20T23:31:39.502Z,2025-12-20T23:31:39.503Z,ba27ba4c-f1cf-4ab0-810f-ca4cfa6bd064,ba27ba4c-f1cf-4ab0-810f-ca4cfa6bd064,false,,,ok,mp4-family
GrokVault,full-vault-scan,/Users/philipbankier/Content/Grok IMagine/greymaker/GrokVault/2025-12-20_Auto/bb29dc95-c0a9-40d7-a4f5-262f181c3d28.png,2025-12-20_Auto/bb29dc95-c0a9-40d7-a4f5-262f181c3d28.png,226427,.png,image,2d12cbdae380ea6ada609aaac095c3a099a207825b13e148e025216962d0306c,2025-12-20T23:29:58.433Z,2025-12-20T23:29:58.491Z,bb29dc95-c0a9-40d7-a4f5-262f181c3d28,bb29dc95-c0a9-40d7-a4f5-262f181c3d28,false,,,ok,jpeg
GrokVault,full-vault-scan,/Users/philipbankier/Content/Grok IMagine/greymaker/GrokVault/2025-12-20_Auto/bb2b2368-22c2-4e95-a242-ee5edacefad2.mp4,2025-12-20_Auto/bb2b2368-22c2-4e95-a242-ee5edacefad2.mp4,3259714,.mp4,video,3fd6258e0c1f7d4ac8c797f53f8abc5f574420d51b0265c8594588f4c5e2de36,2025-12-20T22:21:52.809Z,2025-12-20T22:21:52.814Z,bb2b2368-22c2-4e95-a242-ee5edacefad2,bb2b2368-22c2-4e95-a242-ee5edacefad2,false,,,ok,mp4-family
GrokVault,full-vault-scan,/Users/philipbankier/Content/Grok IMagine/greymaker/GrokVault/2025-12-20_Auto/bb53ceb2-b89a-4a8b-802c-bbfbe3961c78.mp4,2025-12-20_Auto/bb53ceb2-b89a-4a8b-802c-bbfbe3961c78.mp4,1317258,.mp4,video,e94adfcb8f7546dbc4c58f085c8d9bd202c1fe944a871546556be2877cf3d8b4,2025-12-20T20:07:16.439Z,2025-12-20T20:07:16.442Z,bb53ceb2-b89a-4a8b-802c-bbfbe3961c78,bb53ceb2-b89a-4a8b-802c-bbfbe3961c78,false,,,ok,mp4-family
GrokVault,full-vault-scan,/Users/philipbankier/Content/Grok IMagine/greymaker/GrokVault/2025-12-20_Auto/bb81abdf-031e-4ccc-ae6d-fb454bd9ab65.png,2025-12-20_Auto/bb81abdf-031e-4ccc-ae6d-fb454bd9ab65.png,280260,.png,image,34a12e52e4f7c3e75e7e44d2409fdc1224ea045aabbb88af104503dd199d466c,2025-12-20T00:11:04.039Z,2025-12-20T00:11:04.041Z,bb81abdf-031e-4ccc-ae6d-fb454bd9ab65,bb81abdf-031e-4ccc-ae6d-fb454bd9ab65,false,,,ok,jpeg
GrokVault,full-vault-scan,/Users/philipbankier/Content/Grok IMagine/greymaker/GrokVault/2025-12-20_Auto/bb877975-75ce-41c0-80b9-a6cac89dc182.png,2025-12-20_Auto/bb877975-75ce-41c0-80b9-a6cac89dc182.png,229206,.png,image,670f4cedcf834b9313ca6a7e95eab1ecda27c91d921861f4b8fd86701b89b29f,2025-12-20T04:36:45.499Z,2025-12-20T04:36:45.501Z,bb877975-75ce-41c0-80b9-a6cac89dc182,bb877975-75ce-41c0-80b9-a6cac89dc182,false,,,ok,jpeg
GrokVault,full-vault-scan,/Users/philipbankier/Content/Grok IMagine/greymaker/GrokVault/2025-12-20_Auto/bc2b2060-4ce3-4c8a-bafa-db478f68308a.mp4,2025-12-20_Auto/bc2b2060-4ce3-4c8a-bafa-db478f68308a.mp4,1219273,.mp4,video,2cb0f5013116aebfaf90625cacc8375e9b1de3b68b2a000d875e48f1f5b8dcac,2025-12-20T23:58:17.368Z,2025-12-20T23:58:17.370Z,bc2b2060-4ce3-4c8a-bafa-db478f68308a,bc2b2060-4ce3-4c8a-bafa-db478f68308a,false,,,ok,mp4-family
GrokVault,full-vault-scan,/Users/philipbankier/Content/Grok IMagine/greymaker/GrokVault/2025-12-20_Auto/bc323766-9cf7-4670-8f2a-814ebf50d88a.png,2025-12-20_Auto/bc323766-9cf7-4670-8f2a-814ebf50d88a.png,234711,.png,image,131d74ecf47a04855fb3f58783acee52240a68a7152257b22a4ff8faaecd43a1,2025-12-20T21:06:58.885Z,2025-12-20T21:06:58.946Z,bc323766-9cf7-4670-8f2a-814ebf50d88a,bc323766-9cf7-4670-8f2a-814ebf50d88a,false,,,ok,jpeg
GrokVault,full-vault-scan,/Users/philipbankier/Content/Grok IMagine/greymaker/GrokVault/2025-12-20_Auto/bc7b7a70-3b5d-489f-a78f-534cc2b07b50.mp4,2025-12-20_Auto/bc7b7a70-3b5d-489f-a78f-534cc2b07b50.mp4,1809974,.mp4,video,1a0cf69843daaad4376f64bf3b78a373dd07dcf15ddb62f777f154623f6ea000,2025-12-20T21:18:31.881Z,2025-12-20T21:18:31.883Z,bc7b7a70-3b5d-489f-a78f-534cc2b07b50,bc7b7a70-3b5d-489f-a78f-534cc2b07b50,false,,,ok,mp4-family
GrokVault,full-vault-scan,/Users/philipbankier/Content/Grok IMagine/greymaker/GrokVault/2025-12-20_Auto/bd21a989-93de-4691-aab4-0cecf4aef769.mp4,2025-12-20_Auto/bd21a989-93de-4691-aab4-0cecf4aef769.mp4,2095405,.mp4,video,c58e4a5e4e35a06027f373d2183d35bfcfb8babad88d7573eb8912b86b08ecdc,2025-12-20T21:53:18.232Z,2025-12-20T21:53:18.235Z,bd21a989-93de-4691-aab4-0cecf4aef769,bd21a989-93de-4691-aab4-0cecf4aef769,false,,,ok,mp4-family
GrokVault,full-vault-scan,/Users/philipbankier/Content/Grok IMagine/greymaker/GrokVault/2025-12-20_Auto/bd601d19-933c-4b5c-a3c5-b0c04efc4cdc.mp4,2025-12-20_Auto/bd601d19-933c-4b5c-a3c5-b0c04efc4cdc.mp4,1680000,.mp4,video,e337ce13697813cab028a2e8289a099a543771b3f0c8a66142b9eae89c789dfd,2025-12-20T23:35:13.075Z,2025-12-20T23:35:13.077Z,bd601d19-933c-4b5c-a3c5-b0c04efc4cdc,bd601d19-933c-4b5c-a3c5-b0c04efc4cdc,false,,,ok,mp4-family
GrokVault,full-vault-scan,/Users/philipbankier/Content/Grok IMagine/greymaker/GrokVault/2025-12-20_Auto/bd793359-3a73-433a-b2a4-73daf2586252.mp4,2025-12-20_Auto/bd793359-3a73-433a-b2a4-73daf2586252.mp4,2627332,.mp4,video,cd61e18634ead8cc2db2da9c04727fc18c9b87db581ea76ee81cc2892a2720d7,2025-12-20T21:54:29.077Z,2025-12-20T21:54:29.080Z,bd793359-3a73-433a-b2a4-73daf2586252,bd793359-3a73-433a-b2a4-73daf2586252,false,,,ok,mp4-family
GrokVault,full-vault-scan,/Users/philipbankier/Content/Grok IMagine/greymaker/GrokVault/2025-12-20_Auto/bd92118c-5608-4d32-be5c-93612003ac44.mp4,2025-12-20_Auto/bd92118c-5608-4d32-be5c-93612003ac44.mp4,3195104,.mp4,video,59a13a167e3e5c00f761ee835a41b0b8ac3a607a0f2d8eb8054638ed784753c6,2025-12-20T21:54:00.233Z,2025-12-20T21:54:00.236Z,bd92118c-5608-4d32-be5c-93612003ac44,bd92118c-5608-4d32-be5c-93612003ac44,false,,,ok,mp4-family
GrokVault,full-vault-scan,/Users/philipbankier/Content/Grok IMagine/greymaker/GrokVault/2025-12-20_Auto/bdb40252-0c74-4060-a8fc-703e0e954f19.png,2025-12-20_Auto/bdb40252-0c74-4060-a8fc-703e0e954f19.png,231482,.png,image,7bc7065ad11b20feff5e7079983c3014e109c6352a777c34b45747734a89c90c,2025-12-20T05:02:47.513Z,2025-12-20T05:02:47.514Z,bdb40252-0c74-4060-a8fc-703e0e954f19,bdb40252-0c74-4060-a8fc-703e0e954f19,false,,,ok,jpeg
GrokVault,full-vault-scan,/Users/philipbankier/Content/Grok IMagine/greymaker/GrokVault/2025-12-20_Auto/bde17de3-9287-43f1-9d5b-86bf433e6941.png,2025-12-20_Auto/bde17de3-9287-43f1-9d5b-86bf433e6941.png,415855,.png,image,bf7b38900ce1c7de0be95dcc40918329555e4c8e7b539835643810dc39568b12,2025-12-20T04:26:55.977Z,2025-12-20T04:26:55.980Z,bde17de3-9287-43f1-9d5b-86bf433e6941,bde17de3-9287-43f1-9d5b-86bf433e6941,false,,,ok,jpeg
GrokVault,full-vault-scan,/Users/philipbankier/Content/Grok IMagine/greymaker/GrokVault/2025-12-20_Auto/bdead4a2-74e7-4a83-8557-e4bc2960eb30.mp4,2025-12-20_Auto/bdead4a2-74e7-4a83-8557-e4bc2960eb30.mp4,4159072,.mp4,video,6bb04aa4b52c0d0b3ea3d6f1319733ca8c73a6ec047240d4f885b8d580b237c1,2025-12-20T04:19:24.712Z,2025-12-20T04:19:24.716Z,bdead4a2-74e7-4a83-8557-e4bc2960eb30,bdead4a2-74e7-4a83-8557-e4bc2960eb30,false,,,ok,mp4-family
GrokVault,full-vault-scan,/Users/philipbankier/Content/Grok IMagine/greymaker/GrokVault/2025-12-20_Auto/bdf0ba8b-1fe8-4777-be2c-96c24f97948c.png,2025-12-20_Auto/bdf0ba8b-1fe8-4777-be2c-96c24f97948c.png,219597,.png,image,709970d4022703da232f74fb1ade162c33f09c2926810703658b08c69adbc420,2025-12-20T21:43:15.078Z,2025-12-20T21:43:15.138Z,bdf0ba8b-1fe8-4777-be2c-96c24f97948c,bdf0ba8b-1fe8-4777-be2c-96c24f97948c,false,,,ok,jpeg
GrokVault,full-vault-scan,/Users/philipbankier/Content/Grok IMagine/greymaker/GrokVault/2025-12-20_Auto/bed4ccb7-48d1-4bea-8ba6-54e987a53591.png,2025-12-20_Auto/bed4ccb7-48d1-4bea-8ba6-54e987a53591.png,310600,.png,image,f2bcbe85669dddac13bf479804d016ab8d68bb79353863fe5de9399645a92fcf,2025-12-20T00:08:03.751Z,2025-12-20T00:08:03.754Z,bed4ccb7-48d1-4bea-8ba6-54e987a53591,bed4ccb7-48d1-4bea-8ba6-54e987a53591,false,,,ok,jpeg
GrokVault,full-vault-scan,/Users/philipbankier/Content/Grok IMagine/greymaker/GrokVault/2025-12-20_Auto/bedfd343-f066-49d0-88ce-8057369ffb44.mp4,2025-12-20_Auto/bedfd343-f066-49d0-88ce-8057369ffb44.mp4,1996582,.mp4,video,143ba57731974e4e4fe61cc1a080712ffef98d80e3063fe5646de54d978069af,2025-12-20T03:55:32.482Z,2025-12-20T03:55:32.484Z,bedfd343-f066-49d0-88ce-8057369ffb44,bedfd343-f066-49d0-88ce-8057369ffb44,false,,,ok,mp4-family
GrokVault,full-vault-scan,/Users/philipbankier/Content/Grok IMagine/greymaker/GrokVault/2025-12-20_Auto/bf259ae6-2811-495d-af93-96829cca70c8.png,2025-12-20_Auto/bf259ae6-2811-495d-af93-96829cca70c8.png,225616,.png,image,46d79881f760222f17813367515ef54e922da35d327e6a106941fcbcd9fc5d33,2025-12-20T23:12:02.687Z,2025-12-20T23:12:02.743Z,bf259ae6-2811-495d-af93-96829cca70c8,bf259ae6-2811-495d-af93-96829cca70c8,false,,,ok,jpeg
GrokVault,full-vault-scan,/Users/philipbankier/Content/Grok IMagine/greymaker/GrokVault/2025-12-20_Auto/bf4441f3-92d7-43b6-9706-544883604133.mp4,2025-12-20_Auto/bf4441f3-92d7-43b6-9706-544883604133.mp4,1829619,.mp4,video,ad74f9ed0cb52b641e65b0dc5febdb7db3fb71ede2634d712e989cd5209b39a5,2025-12-20T04:23:55.043Z,2025-12-20T04:23:55.044Z,bf4441f3-92d7-43b6-9706-544883604133,bf4441f3-92d7-43b6-9706-544883604133,false,,,ok,mp4-family
GrokVault,full-vault-scan,/Users/philipbankier/Content/Grok IMagine/greymaker/GrokVault/2025-12-20_Auto/bf6fd768-c7ba-46b3-9081-aa30d2fc9c9a.mp4,2025-12-20_Auto/bf6fd768-c7ba-46b3-9081-aa30d2fc9c9a.mp4,1300055,.mp4,video,801bd2a14ab8ab2f86f62cdb19665bbeb82d573f47bbfd2475aac5dcd7182cff,2025-12-20T22:57:14.129Z,2025-12-20T22:57:14.130Z,bf6fd768-c7ba-46b3-9081-aa30d2fc9c9a,bf6fd768-c7ba-46b3-9081-aa30d2fc9c9a,false,,,ok,mp4-family
GrokVault,full-vault-scan,/Users/philipbankier/Content/Grok IMagine/greymaker/GrokVault/2025-12-20_Auto/bf8803e0-2e27-4fdc-85f4-0c3c585df0a2.mp4,2025-12-20_Auto/bf8803e0-2e27-4fdc-85f4-0c3c585df0a2.mp4,1493947,.mp4,video,f8813b46577b9f5c4c8111a98a247d4846905f5c22037a23d0766d067ce11adc,2025-12-20T23:34:16.047Z,2025-12-20T23:34:16.049Z,bf8803e0-2e27-4fdc-85f4-0c3c585df0a2,bf8803e0-2e27-4fdc-85f4-0c3c585df0a2,false,,,ok,mp4-family
GrokVault,full-vault-scan,/Users/philipbankier/Content/Grok IMagine/greymaker/GrokVault/2025-12-20_Auto/bf925508-f013-41b6-a4a8-12448ebc75e1.mp4,2025-12-20_Auto/bf925508-f013-41b6-a4a8-12448ebc75e1.mp4,1428091,.mp4,video,bda6a31b683fbde31364ad53df9ac216a7c6b5032f07dc1b1f799c32e520a7b9,2025-12-20T04:52:59.344Z,2025-12-20T04:52:59.346Z,bf925508-f013-41b6-a4a8-12448ebc75e1,bf925508-f013-41b6-a4a8-12448ebc75e1,false,,,ok,mp4-family
GrokVault,full-vault-scan,/Users/philipbankier/Content/Grok IMagine/greymaker/GrokVault/2025-12-20_Auto/c0f23587-d715-4210-8308-ad1b7f5c186a.png,2025-12-20_Auto/c0f23587-d715-4210-8308-ad1b7f5c186a.png,249599,.png,image,b642bd34b5679a91ea545455a31b55705407a1d17063e8c69a3f5c221b721dce,2025-12-20T22:09:10.367Z,2025-12-20T22:09:10.426Z,c0f23587-d715-4210-8308-ad1b7f5c186a,c0f23587-d715-4210-8308-ad1b7f5c186a,false,,,ok,jpeg
GrokVault,full-vault-scan,/Users/philipbankier/Content/Grok IMagine/greymaker/GrokVault/2025-12-20_Auto/c16d5682-1334-46e0-b78b-0bf064052bca.png,2025-12-20_Auto/c16d5682-1334-46e0-b78b-0bf064052bca.png,313858,.png,image,aae5df77c1b5757446107dafe0f7a6b1685bc0328b8824e6cc9ca46add2ba4c1,2025-12-20T22:17:37.910Z,2025-12-20T22:17:37.970Z,c16d5682-1334-46e0-b78b-0bf064052bca,c16d5682-1334-46e0-b78b-0bf064052bca,false,,,ok,jpeg
GrokVault,full-vault-scan,/Users/philipbankier/Content/Grok IMagine/greymaker/GrokVault/2025-12-20_Auto/c16f806c-fc46-4f9b-ab23-53c2cf0027e2_hd.mp4,2025-12-20_Auto/c16f806c-fc46-4f9b-ab23-53c2cf0027e2_hd.mp4,3016296,.mp4,video,98712c05b368b41e62ab082ea8ee4898d0088c8b120fc693ea606aa96fad7f8c,2025-12-20T05:34:36.419Z,2025-12-20T05:34:36.469Z,c16f806c-fc46-4f9b-ab23-53c2cf0027e2,c16f806c-fc46-4f9b-ab23-53c2cf0027e2,false,,,ok,mp4-family
GrokVault,full-vault-scan,/Users/philipbankier/Content/Grok IMagine/greymaker/GrokVault/2025-12-20_Auto/c1fc6606-c0dc-4af6-a279-f6fad4731d80.mp4,2025-12-20_Auto/c1fc6606-c0dc-4af6-a279-f6fad4731d80.mp4,2117539,.mp4,video,f79e0794b309ef77b3fd6a626353b8ab8724d33d9e9514af14344d687b300826,2025-12-20T23:37:07.324Z,2025-12-20T23:37:07.327Z,c1fc6606-c0dc-4af6-a279-f6fad4731d80,c1fc6606-c0dc-4af6-a279-f6fad4731d80,false,,,ok,mp4-family
GrokVault,full-vault-scan,/Users/philipbankier/Content/Grok IMagine/greymaker/GrokVault/2025-12-20_Auto/c28af643-cd8f-4218-89ec-7b71c323c156.png,2025-12-20_Auto/c28af643-cd8f-4218-89ec-7b71c323c156.png,219448,.png,image,3087095912a6a0bb9670ec8ce2caf9651e1c21eaec5f8f0102ad3cb38808f38e,2025-12-20T05:28:05.688Z,2025-12-20T05:28:05.689Z,c28af643-cd8f-4218-89ec-7b71c323c156,c28af643-cd8f-4218-89ec-7b71c323c156,false,,,ok,jpeg
GrokVault,full-vault-scan,/Users/philipbankier/Content/Grok IMagine/greymaker/GrokVault/2025-12-20_Auto/c31f6dbf-792b-4a96-94b9-0b5b5b36b6d5.png,2025-12-20_Auto/c31f6dbf-792b-4a96-94b9-0b5b5b36b6d5.png,282396,.png,image,f9e86aa7d25f879b08fb38b17704104eb6ddb26d68e97b124bfa3734b5a776f7,2025-12-20T21:30:17.105Z,2025-12-20T21:30:17.175Z,c31f6dbf-792b-4a96-94b9-0b5b5b36b6d5,c31f6dbf-792b-4a96-94b9-0b5b5b36b6d5,false,,,ok,jpeg
GrokVault,full-vault-scan,/Users/philipbankier/Content/Grok IMagine/greymaker/GrokVault/2025-12-20_Auto/c345b0ee-4e6d-48a8-8823-6b672dee96cf.png,2025-12-20_Auto/c345b0ee-4e6d-48a8-8823-6b672dee96cf.png,259434,.png,image,fbbd8ff0326e47823a3bce1eaa1b107ada27cad4ab01886d84c8d1bbc30997e3,2025-12-20T22:05:32.461Z,2025-12-20T22:05:32.520Z,c345b0ee-4e6d-48a8-8823-6b672dee96cf,c345b0ee-4e6d-48a8-8823-6b672dee96cf,false,,,ok,jpeg
GrokVault,full-vault-scan,/Users/philipbankier/Content/Grok IMagine/greymaker/GrokVault/2025-12-20_Auto/c36708d9-a1b9-4da8-8434-397aac63c7fc.mp4,2025-12-20_Auto/c36708d9-a1b9-4da8-8434-397aac63c7fc.mp4,1563333,.mp4,video,854181966fee3e3fef4f9cb839dbbc2c61a9f9a5a9c1da4f1b8721c4b646cba1,2025-12-20T04:42:47.996Z,2025-12-20T04:42:47.998Z,c36708d9-a1b9-4da8-8434-397aac63c7fc,c36708d9-a1b9-4da8-8434-397aac63c7fc,false,,,ok,mp4-family
GrokVault,full-vault-scan,/Users/philipbankier/Content/Grok IMagine/greymaker/GrokVault/2025-12-20_Auto/c4dffa2d-2dc4-451b-b24a-dd964ad46bf6.png,2025-12-20_Auto/c4dffa2d-2dc4-451b-b24a-dd964ad46bf6.png,250864,.png,image,eeabcc2356d55cd7d5bf62dd181b13d9e4918f6b35e99a3f70edac7b716851c8,2025-12-20T05:14:51.571Z,2025-12-20T05:14:51.574Z,c4dffa2d-2dc4-451b-b24a-dd964ad46bf6,c4dffa2d-2dc4-451b-b24a-dd964ad46bf6,false,,,ok,jpeg
GrokVault,full-vault-scan,/Users/philipbankier/Content/Grok IMagine/greymaker/GrokVault/2025-12-20_Auto/c561c46b-d0a8-4436-98c8-9d3a67aef33b.mp4,2025-12-20_Auto/c561c46b-d0a8-4436-98c8-9d3a67aef33b.mp4,2175601,.mp4,video,aadfb3bf6d030f95363ec397dfd97feddfea4870f05e6186c2b3092130a35446,2025-12-20T03:26:10.888Z,2025-12-20T03:26:10.890Z,c561c46b-d0a8-4436-98c8-9d3a67aef33b,c561c46b-d0a8-4436-98c8-9d3a67aef33b,false,,,ok,mp4-family
GrokVault,full-vault-scan,/Users/philipbankier/Content/Grok IMagine/greymaker/GrokVault/2025-12-20_Auto/c5df7fa3-d377-4fe0-ad9b-bca5d0d4ab72.png,2025-12-20_Auto/c5df7fa3-d377-4fe0-ad9b-bca5d0d4ab72.png,241682,.png,image,b7a45d79f6ea5efa30f9231554db9cafff616ba2c524d053bd9da8441361354a,2025-12-20T21:56:52.360Z,2025-12-20T21:56:52.419Z,c5df7fa3-d377-4fe0-ad9b-bca5d0d4ab72,c5df7fa3-d377-4fe0-ad9b-bca5d0d4ab72,false,,,ok,jpeg
GrokVault,full-vault-scan,/Users/philipbankier/Content/Grok IMagine/greymaker/GrokVault/2025-12-20_Auto/c61682d2-8624-48ce-a2cd-b2f8c6f105cd.mp4,2025-12-20_Auto/c61682d2-8624-48ce-a2cd-b2f8c6f105cd.mp4,2461535,.mp4,video,a028b7c3dc10535c5f8c8d461ed1747ca97c2d94856f4f45485b867cdd246e3c,2025-12-20T04:01:13.152Z,2025-12-20T04:01:13.155Z,c61682d2-8624-48ce-a2cd-b2f8c6f105cd,c61682d2-8624-48ce-a2cd-b2f8c6f105cd,false,,,ok,mp4-family
GrokVault,full-vault-scan,/Users/philipbankier/Content/Grok IMagine/greymaker/GrokVault/2025-12-20_Auto/c621614b-0dbb-41ba-b62b-ac3d2e430dc1.mp4,2025-12-20_Auto/c621614b-0dbb-41ba-b62b-ac3d2e430dc1.mp4,1433493,.mp4,video,1175f1dd5a70fbcbec3c11363dd54deb45c431f00a6ddd11c92a9de5677a9d45,2025-12-20T23:06:01.339Z,2025-12-20T23:06:01.340Z,c621614b-0dbb-41ba-b62b-ac3d2e430dc1,c621614b-0dbb-41ba-b62b-ac3d2e430dc1,false,,,ok,mp4-family
GrokVault,full-vault-scan,/Users/philipbankier/Content/Grok IMagine/greymaker/GrokVault/2025-12-20_Auto/c64baa79-adbd-412f-877c-8750c26de58b.mp4,2025-12-20_Auto/c64baa79-adbd-412f-877c-8750c26de58b.mp4,1595182,.mp4,video,27ebc3d85e5b4101e170e8bc49994d94c835072b37678fa30ef3b5b0ea7f9872,2025-12-20T23:55:37.725Z,2025-12-20T23:55:37.726Z,c64baa79-adbd-412f-877c-8750c26de58b,c64baa79-adbd-412f-877c-8750c26de58b,false,,,ok,mp4-family
GrokVault,full-vault-scan,/Users/philipbankier/Content/Grok IMagine/greymaker/GrokVault/2025-12-20_Auto/c668a135-c78b-4efa-99cc-0e19d76efc5d.mp4,2025-12-20_Auto/c668a135-c78b-4efa-99cc-0e19d76efc5d.mp4,1148142,.mp4,video,39e3b75c5a2dd85908e574ee9db7ceefca79bed28516b5e88fb67f76567bf791,2025-12-20T04:46:34.397Z,2025-12-20T04:46:34.399Z,c668a135-c78b-4efa-99cc-0e19d76efc5d,c668a135-c78b-4efa-99cc-0e19d76efc5d,false,,,ok,mp4-family
GrokVault,full-vault-scan,/Users/philipbankier/Content/Grok IMagine/greymaker/GrokVault/2025-12-20_Auto/c687c2b6-5db3-49ca-bc1d-155985de38fd.mp4,2025-12-20_Auto/c687c2b6-5db3-49ca-bc1d-155985de38fd.mp4,1676861,.mp4,video,c9453fe785fb20c76d3ca78a0aa80d49d00676446b7164ebbb16682c24a0f600,2025-12-20T21:41:04.993Z,2025-12-20T21:41:04.995Z,c687c2b6-5db3-49ca-bc1d-155985de38fd,c687c2b6-5db3-49ca-bc1d-155985de38fd,false,,,ok,mp4-family
GrokVault,full-vault-scan,/Users/philipbankier/Content/Grok IMagine/greymaker/GrokVault/2025-12-20_Auto/c6956f32-108f-45f9-af3c-958da39df0ac.png,2025-12-20_Auto/c6956f32-108f-45f9-af3c-958da39df0ac.png,219084,.png,image,ae32ca0f66ed77e8379090bdf96e554c080e0666f37c072f79e1f827e35d44e9,2025-12-20T05:12:13.138Z,2025-12-20T05:12:13.139Z,c6956f32-108f-45f9-af3c-958da39df0ac,c6956f32-108f-45f9-af3c-958da39df0ac,false,,,ok,jpeg
GrokVault,full-vault-scan,/Users/philipbankier/Content/Grok IMagine/greymaker/GrokVault/2025-12-20_Auto/c698e970-e76e-4fbe-8093-55c8fae6981a.png,2025-12-20_Auto/c698e970-e76e-4fbe-8093-55c8fae6981a.png,268920,.png,image,65442ffd3204552e2b57f15d6ea6a882737a546abcc136bff04bc8c918760d0b,2025-12-20T00:10:41.998Z,2025-12-20T00:10:42.000Z,c698e970-e76e-4fbe-8093-55c8fae6981a,c698e970-e76e-4fbe-8093-55c8fae6981a,false,,,ok,jpeg
GrokVault,full-vault-scan,/Users/philipbankier/Content/Grok IMagine/greymaker/GrokVault/2025-12-20_Auto/c6c44cf3-307d-417c-bf20-d0a205a362d1.png,2025-12-20_Auto/c6c44cf3-307d-417c-bf20-d0a205a362d1.png,224472,.png,image,d4e1821352215ff9dbdf64e275184f9c44d418ff7a5c2388cfc671b11d7f0120,2025-12-20T21:16:52.004Z,2025-12-20T21:16:52.064Z,c6c44cf3-307d-417c-bf20-d0a205a362d1,c6c44cf3-307d-417c-bf20-d0a205a362d1,false,,,ok,jpeg
GrokVault,full-vault-scan,/Users/philipbankier/Content/Grok IMagine/greymaker/GrokVault/2025-12-20_Auto/c6cb769c-d78d-48d5-973d-1d276f106d83.mp4,2025-12-20_Auto/c6cb769c-d78d-48d5-973d-1d276f106d83.mp4,1486266,.mp4,video,cf05b692b3a12d5e0385f4641ac5235a150f7ece95ed8a29bb2ca9750af96936,2025-12-20T22:11:47.459Z,2025-12-20T22:11:47.461Z,c6cb769c-d78d-48d5-973d-1d276f106d83,c6cb769c-d78d-48d5-973d-1d276f106d83,false,,,ok,mp4-family
GrokVault,full-vault-scan,/Users/philipbankier/Content/Grok IMagine/greymaker/GrokVault/2025-12-20_Auto/c6f1fe70-cd41-44ee-b046-95e6c0a27311.png,2025-12-20_Auto/c6f1fe70-cd41-44ee-b046-95e6c0a27311.png,262933,.png,image,8cede68263a8f89817b7ba3192656953557fcdccf61b7107326508bb3c4ae23b,2025-12-20T23:24:37.417Z,2025-12-20T23:24:37.483Z,c6f1fe70-cd41-44ee-b046-95e6c0a27311,c6f1fe70-cd41-44ee-b046-95e6c0a27311,false,,,ok,jpeg
GrokVault,full-vault-scan,/Users/philipbankier/Content/Grok IMagine/greymaker/GrokVault/2025-12-20_Auto/c735bb12-5177-40fe-a3c1-0ff4f3480558.png,2025-12-20_Auto/c735bb12-5177-40fe-a3c1-0ff4f3480558.png,248958,.png,image,8175576251f19162ff06cd4e35cac0c577e6e8130217f1cf5ec3e0e0b0ee9e3c,2025-12-20T21:02:30.152Z,2025-12-20T21:02:30.218Z,c735bb12-5177-40fe-a3c1-0ff4f3480558,c735bb12-5177-40fe-a3c1-0ff4f3480558,false,,,ok,jpeg
GrokVault,full-vault-scan,/Users/philipbankier/Content/Grok IMagine/greymaker/GrokVault/2025-12-20_Auto/c741dceb-03bb-49a9-9e7e-ce0467abe3ca.png,2025-12-20_Auto/c741dceb-03bb-49a9-9e7e-ce0467abe3ca.png,235645,.png,image,6216ba7d1a6bb76d275d1c5784fc83b535bb55a842ecf7b9b0ab008e931d3113,2025-12-20T04:49:35.414Z,2025-12-20T04:49:35.415Z,c741dceb-03bb-49a9-9e7e-ce0467abe3ca,c741dceb-03bb-49a9-9e7e-ce0467abe3ca,false,,,ok,jpeg
GrokVault,full-vault-scan,/Users/philipbankier/Content/Grok IMagine/greymaker/GrokVault/2025-12-20_Auto/c7ff35c6-2d52-4fe8-a9b6-177fb6fdd94a.png,2025-12-20_Auto/c7ff35c6-2d52-4fe8-a9b6-177fb6fdd94a.png,223699,.png,image,3687837f8da52e8d79219ec0fa4895d4ba2cf096eaa9bb4a21e8fb707c5e7eb1,2025-12-20T21:44:40.408Z,2025-12-20T21:44:40.470Z,c7ff35c6-2d52-4fe8-a9b6-177fb6fdd94a,c7ff35c6-2d52-4fe8-a9b6-177fb6fdd94a,false,,,ok,jpeg
GrokVault,full-vault-scan,/Users/philipbankier/Content/Grok IMagine/greymaker/GrokVault/2025-12-20_Auto/c88ff1a9-3b70-4973-a264-9b4ab3101194.png,2025-12-20_Auto/c88ff1a9-3b70-4973-a264-9b4ab3101194.png,372827,.png,image,11202390bae5cdac7e9f79d22ac8cfd019034d334cba12c44c63a917b51384ec,2025-12-20T00:00:52.743Z,2025-12-20T00:00:52.746Z,c88ff1a9-3b70-4973-a264-9b4ab3101194,c88ff1a9-3b70-4973-a264-9b4ab3101194,false,,,ok,jpeg
GrokVault,full-vault-scan,/Users/philipbankier/Content/Grok IMagine/greymaker/GrokVault/2025-12-20_Auto/c8d71157-b28c-4e3e-b3d5-689cb2a5d330.png,2025-12-20_Auto/c8d71157-b28c-4e3e-b3d5-689cb2a5d330.png,198979,.png,image,39e0e1a567f521e08a8afe16c05ce277fc439d1f0497e0891b2f49c8493f3ef5,2025-12-20T23:20:15.774Z,2025-12-20T23:20:15.833Z,c8d71157-b28c-4e3e-b3d5-689cb2a5d330,c8d71157-b28c-4e3e-b3d5-689cb2a5d330,false,,,ok,jpeg
GrokVault,full-vault-scan,/Users/philipbankier/Content/Grok IMagine/greymaker/GrokVault/2025-12-20_Auto/c91d1ca5-549e-424d-b42b-728a1e957b49.mp4,2025-12-20_Auto/c91d1ca5-549e-424d-b42b-728a1e957b49.mp4,1361885,.mp4,video,1c5788a90723488f3bf002302dbc951c74b5f3cab006907da75f2400d6c1626b,2025-12-20T22:23:03.905Z,2025-12-20T22:23:03.907Z,c91d1ca5-549e-424d-b42b-728a1e957b49,c91d1ca5-549e-424d-b42b-728a1e957b49,false,,,ok,mp4-family
GrokVault,full-vault-scan,/Users/philipbankier/Content/Grok IMagine/greymaker/GrokVault/2025-12-20_Auto/c9379d25-ac5f-4dac-9487-5d971c221ace.mp4,2025-12-20_Auto/c9379d25-ac5f-4dac-9487-5d971c221ace.mp4,1476541,.mp4,video,c2dab1b67611aec69519f0fead186c14e394bdb6ad6cb5651af3a6f99a91de7d,2025-12-20T23:45:23.628Z,2025-12-20T23:45:23.630Z,c9379d25-ac5f-4dac-9487-5d971c221ace,c9379d25-ac5f-4dac-9487-5d971c221ace,false,,,ok,mp4-family
GrokVault,full-vault-scan,/Users/philipbankier/Content/Grok IMagine/greymaker/GrokVault/2025-12-20_Auto/c95bb621-ee91-4505-9b23-fcae483a656f.mp4,2025-12-20_Auto/c95bb621-ee91-4505-9b23-fcae483a656f.mp4,1180005,.mp4,video,98b0cca737a4b64304d45bb1cee20b2c2bf5740f14ce72d51a870993b58d01c6,2025-12-20T05:08:49.980Z,2025-12-20T05:08:49.983Z,c95bb621-ee91-4505-9b23-fcae483a656f,c95bb621-ee91-4505-9b23-fcae483a656f,false,,,ok,mp4-family
GrokVault,full-vault-scan,/Users/philipbankier/Content/Grok IMagine/greymaker/GrokVault/2025-12-20_Auto/c99db6bb-ee89-4c7a-b607-8b5955cf39ca.png,2025-12-20_Auto/c99db6bb-ee89-4c7a-b607-8b5955cf39ca.png,183205,.png,image,a6a08b5e081625f51a6cb55b5860ccf04c4f280d77a633225e08105ce1742d5f,2025-12-20T22:24:15.655Z,2025-12-20T22:24:15.713Z,c99db6bb-ee89-4c7a-b607-8b5955cf39ca,c99db6bb-ee89-4c7a-b607-8b5955cf39ca,false,,,ok,jpeg
GrokVault,full-vault-scan,/Users/philipbankier/Content/Grok IMagine/greymaker/GrokVault/2025-12-20_Auto/c9ba3045-76f5-4c7f-bfbe-5557e20e68b4.png,2025-12-20_Auto/c9ba3045-76f5-4c7f-bfbe-5557e20e68b4.png,307145,.png,image,34b2bc1555920897d93a3dc6d74b1495b25f2bf5f3fe40a0b69d95f26458c0e6,2025-12-20T22:38:35.344Z,2025-12-20T22:38:35.410Z,c9ba3045-76f5-4c7f-bfbe-5557e20e68b4,c9ba3045-76f5-4c7f-bfbe-5557e20e68b4,false,,,ok,jpeg
GrokVault,full-vault-scan,/Users/philipbankier/Content/Grok IMagine/greymaker/GrokVault/2025-12-20_Auto/ca6a843e-c0ee-45a0-a038-05f80c5b87bd.mp4,2025-12-20_Auto/ca6a843e-c0ee-45a0-a038-05f80c5b87bd.mp4,1181655,.mp4,video,0e985836ee2f9a433d66d557bfe76dcbb684fdbca15eb51d0d83b6e1f6d8595a,2025-12-20T22:28:03.739Z,2025-12-20T22:28:03.740Z,ca6a843e-c0ee-45a0-a038-05f80c5b87bd,ca6a843e-c0ee-45a0-a038-05f80c5b87bd,false,,,ok,mp4-family
GrokVault,full-vault-scan,/Users/philipbankier/Content/Grok IMagine/greymaker/GrokVault/2025-12-20_Auto/ca87d810-5aba-4b4e-adb1-cda221a676bf.png,2025-12-20_Auto/ca87d810-5aba-4b4e-adb1-cda221a676bf.png,245751,.png,image,2b04ac87a2f94e015085c71f3952f83605fe3b035169936b5e4a4e2f1df15ad0,2025-12-20T05:22:48.848Z,2025-12-20T05:22:48.850Z,ca87d810-5aba-4b4e-adb1-cda221a676bf,ca87d810-5aba-4b4e-adb1-cda221a676bf,false,,,ok,jpeg
GrokVault,full-vault-scan,/Users/philipbankier/Content/Grok IMagine/greymaker/GrokVault/2025-12-20_Auto/cb1f117f-1668-4aad-b07a-eaaf02b3d156.mp4,2025-12-20_Auto/cb1f117f-1668-4aad-b07a-eaaf02b3d156.mp4,795653,.mp4,video,dc672f410570cfdbe88ec4a5b4574b9805c8640b4bcf6ec122e2e5f7b309ddc7,2025-12-20T04:17:29.934Z,2025-12-20T04:17:29.935Z,cb1f117f-1668-4aad-b07a-eaaf02b3d156,cb1f117f-1668-4aad-b07a-eaaf02b3d156,false,,,ok,mp4-family
GrokVault,full-vault-scan,/Users/philipbankier/Content/Grok IMagine/greymaker/GrokVault/2025-12-20_Auto/cb36fe92-72c3-40ed-99e8-f60c8f02b8fe.png,2025-12-20_Auto/cb36fe92-72c3-40ed-99e8-f60c8f02b8fe.png,217037,.png,image,8a192c2b76793d67839e6f9764af8db397f0a0c14c46e5f11a291ec6c99ae042,2025-12-20T22:09:25.320Z,2025-12-20T22:09:25.381Z,cb36fe92-72c3-40ed-99e8-f60c8f02b8fe,cb36fe92-72c3-40ed-99e8-f60c8f02b8fe,false,,,ok,jpeg
GrokVault,full-vault-scan,/Users/philipbankier/Content/Grok IMagine/greymaker/GrokVault/2025-12-20_Auto/cb8177e6-4702-44c9-b580-57485e6d9ec8.mp4,2025-12-20_Auto/cb8177e6-4702-44c9-b580-57485e6d9ec8.mp4,2259450,.mp4,video,f3d265eabaacb34738d4eac3899fe72a959d25de4c76fd1e93429c53ed2c1f81,2025-12-20T21:37:00.858Z,2025-12-20T21:37:00.861Z,cb8177e6-4702-44c9-b580-57485e6d9ec8,cb8177e6-4702-44c9-b580-57485e6d9ec8,false,,,ok,mp4-family
GrokVault,full-vault-scan,/Users/philipbankier/Content/Grok IMagine/greymaker/GrokVault/2025-12-20_Auto/cb89fe48-2f54-4c33-a3d6-b5bea9086137.mp4,2025-12-20_Auto/cb89fe48-2f54-4c33-a3d6-b5bea9086137.mp4,1718871,.mp4,video,db561d4603c904f0b3af6be480545e9278e25a25b088b56859540a9553bef1b5,2025-12-20T23:53:41.211Z,2025-12-20T23:53:41.212Z,cb89fe48-2f54-4c33-a3d6-b5bea9086137,cb89fe48-2f54-4c33-a3d6-b5bea9086137,false,,,ok,mp4-family
GrokVault,full-vault-scan,/Users/philipbankier/Content/Grok IMagine/greymaker/GrokVault/2025-12-20_Auto/cbe3f078-c471-44b3-b2ed-0e120df97640.png,2025-12-20_Auto/cbe3f078-c471-44b3-b2ed-0e120df97640.png,354233,.png,image,8571f0197130b45153ae2c454180adc6e561010a9d0ddff57d05cb88963b7fe3,2025-12-20T04:09:54.964Z,2025-12-20T04:09:54.968Z,cbe3f078-c471-44b3-b2ed-0e120df97640,cbe3f078-c471-44b3-b2ed-0e120df97640,false,,,ok,jpeg
GrokVault,full-vault-scan,/Users/philipbankier/Content/Grok IMagine/greymaker/GrokVault/2025-12-20_Auto/cc42ab3d-4d76-4c6e-aea1-d5d64204f0de.png,2025-12-20_Auto/cc42ab3d-4d76-4c6e-aea1-d5d64204f0de.png,360554,.png,image,fdf5b6a92eebc27552519642ede8f185a74ae4fbd87d24b51234c05fa636733d,2025-12-20T00:24:15.933Z,2025-12-20T00:24:15.935Z,cc42ab3d-4d76-4c6e-aea1-d5d64204f0de,cc42ab3d-4d76-4c6e-aea1-d5d64204f0de,false,,,ok,jpeg
GrokVault,full-vault-scan,/Users/philipbankier/Content/Grok IMagine/greymaker/GrokVault/2025-12-20_Auto/cd113181-6dbe-4b8f-b155-46c557b67e80.mp4,2025-12-20_Auto/cd113181-6dbe-4b8f-b155-46c557b67e80.mp4,1803647,.mp4,video,381d4b18e2072bb1f589e23ab966b74e72fe914137de6c91130c7218eaac1cce,2025-12-20T23:46:34.629Z,2025-12-20T23:46:34.631Z,cd113181-6dbe-4b8f-b155-46c557b67e80,cd113181-6dbe-4b8f-b155-46c557b67e80,false,,,ok,mp4-family
GrokVault,full-vault-scan,/Users/philipbankier/Content/Grok IMagine/greymaker/GrokVault/2025-12-20_Auto/cd19d865-e804-4cfb-902d-b8dc7efebe4a.mp4,2025-12-20_Auto/cd19d865-e804-4cfb-902d-b8dc7efebe4a.mp4,1447872,.mp4,video,52b4f5d094294cd7863b9405a4e6fbdfe8a360839041707d1baf361e06141257,2025-12-20T22:54:38.207Z,2025-12-20T22:54:38.208Z,cd19d865-e804-4cfb-902d-b8dc7efebe4a,cd19d865-e804-4cfb-902d-b8dc7efebe4a,false,,,ok,mp4-family
GrokVault,full-vault-scan,/Users/philipbankier/Content/Grok IMagine/greymaker/GrokVault/2025-12-20_Auto/cde45d01-bf20-431d-ad5f-d634e687c6cf.png,2025-12-20_Auto/cde45d01-bf20-431d-ad5f-d634e687c6cf.png,308225,.png,image,2cad9d77cb236c04482191f12c177cadcc0c4b94915799558fe1c5c82957659a,2025-12-20T00:13:42.362Z,2025-12-20T00:13:42.364Z,cde45d01-bf20-431d-ad5f-d634e687c6cf,cde45d01-bf20-431d-ad5f-d634e687c6cf,false,,,ok,jpeg
GrokVault,full-vault-scan,/Users/philipbankier/Content/Grok IMagine/greymaker/GrokVault/2025-12-20_Auto/ce3229a6-66a6-4c49-b56d-d58dc0d93303.png,2025-12-20_Auto/ce3229a6-66a6-4c49-b56d-d58dc0d93303.png,186708,.png,image,47234641864e78e9e6faf9a7b413eede2a7fb8d5ffd6201965e5f95402cb6928,2025-12-20T04:11:31.626Z,2025-12-20T04:11:31.628Z,ce3229a6-66a6-4c49-b56d-d58dc0d93303,ce3229a6-66a6-4c49-b56d-d58dc0d93303,false,,,ok,jpeg
GrokVault,full-vault-scan,/Users/philipbankier/Content/Grok IMagine/greymaker/GrokVault/2025-12-20_Auto/ce436254-63bd-4408-96c7-47510d1b48e9.mp4,2025-12-20_Auto/ce436254-63bd-4408-96c7-47510d1b48e9.mp4,1702095,.mp4,video,1f6739c5907ffb094a56102508fce2e23f0b0fcf982a864d146f59516050e0c8,2025-12-20T22:44:52.246Z,2025-12-20T22:44:52.248Z,ce436254-63bd-4408-96c7-47510d1b48e9,ce436254-63bd-4408-96c7-47510d1b48e9,false,,,ok,mp4-family
GrokVault,full-vault-scan,/Users/philipbankier/Content/Grok IMagine/greymaker/GrokVault/2025-12-20_Auto/ce64c2f7-9ec8-4aae-ba74-7c807018813b.png,2025-12-20_Auto/ce64c2f7-9ec8-4aae-ba74-7c807018813b.png,269790,.png,image,f1b2d1222279e0733276b1e6bef41922b9b5b4ef309a35a3f7a4bc0100c31257,2025-12-20T21:51:51.720Z,2025-12-20T21:51:51.778Z,ce64c2f7-9ec8-4aae-ba74-7c807018813b,ce64c2f7-9ec8-4aae-ba74-7c807018813b,false,,,ok,jpeg
GrokVault,full-vault-scan,/Users/philipbankier/Content/Grok IMagine/greymaker/GrokVault/2025-12-20_Auto/ce6dcefd-eeef-4a61-b2d5-7e32b93e92da.png,2025-12-20_Auto/ce6dcefd-eeef-4a61-b2d5-7e32b93e92da.png,275772,.png,image,6fe29e696823ecd6485101912ef291f84e0b9624e276774fcccf7b729cfe4b38,2025-12-20T22:36:40.770Z,2025-12-20T22:36:40.831Z,ce6dcefd-eeef-4a61-b2d5-7e32b93e92da,ce6dcefd-eeef-4a61-b2d5-7e32b93e92da,false,,,ok,jpeg
GrokVault,full-vault-scan,/Users/philipbankier/Content/Grok IMagine/greymaker/GrokVault/2025-12-20_Auto/cecb9d23-f552-4109-948b-33766540e71b.png,2025-12-20_Auto/cecb9d23-f552-4109-948b-33766540e71b.png,230887,.png,image,fbb903fa98fd06a3df470a09847f14fc3206e773729234151456a138ebd5b122,2025-12-20T04:57:06.605Z,2025-12-20T04:57:06.607Z,cecb9d23-f552-4109-948b-33766540e71b,cecb9d23-f552-4109-948b-33766540e71b,false,,,ok,jpeg
GrokVault,full-vault-scan,/Users/philipbankier/Content/Grok IMagine/greymaker/GrokVault/2025-12-20_Auto/cedd267d-a3d1-4ac5-b9c9-30160a00dc44.png,2025-12-20_Auto/cedd267d-a3d1-4ac5-b9c9-30160a00dc44.png,378156,.png,image,5ce4b8c089846ab9cb99cc0e99e18a5bf0dd76caa6eda2ded7ad2081772f95c4,2025-12-20T22:33:59.968Z,2025-12-20T22:34:00.083Z,cedd267d-a3d1-4ac5-b9c9-30160a00dc44,cedd267d-a3d1-4ac5-b9c9-30160a00dc44,false,,,ok,jpeg
GrokVault,full-vault-scan,/Users/philipbankier/Content/Grok IMagine/greymaker/GrokVault/2025-12-20_Auto/cedf0f7a-b5d4-41ae-95e8-6a1035934729.png,2025-12-20_Auto/cedf0f7a-b5d4-41ae-95e8-6a1035934729.png,234826,.png,image,c5363eb21a540a34c742fb82c9897737e4d70db1177cabcbb94d74c6afe02216,2025-12-20T05:29:35.890Z,2025-12-20T05:29:35.894Z,cedf0f7a-b5d4-41ae-95e8-6a1035934729,cedf0f7a-b5d4-41ae-95e8-6a1035934729,false,,,ok,jpeg
GrokVault,full-vault-scan,/Users/philipbankier/Content/Grok IMagine/greymaker/GrokVault/2025-12-20_Auto/ceee7f94-8992-4955-a5c6-c4f2c76603b3.mp4,2025-12-20_Auto/ceee7f94-8992-4955-a5c6-c4f2c76603b3.mp4,1460544,.mp4,video,52999ea644db8f24a2cf111ffb0f3088d2d917bd564697bc41c6910b220f7375,2025-12-20T04:53:21.461Z,2025-12-20T04:53:21.462Z,ceee7f94-8992-4955-a5c6-c4f2c76603b3,ceee7f94-8992-4955-a5c6-c4f2c76603b3,false,,,ok,mp4-family
GrokVault,full-vault-scan,/Users/philipbankier/Content/Grok IMagine/greymaker/GrokVault/2025-12-20_Auto/cf217588-7b77-468d-9ec8-dac2c8685dc2.png,2025-12-20_Auto/cf217588-7b77-468d-9ec8-dac2c8685dc2.png,410160,.png,image,d599c37657d3acd163a4d7dbd98db553eac31d2cc9fbb48a84adb6642733e0f6,2025-12-20T04:21:39.171Z,2025-12-20T04:21:39.175Z,cf217588-7b77-468d-9ec8-dac2c8685dc2,cf217588-7b77-468d-9ec8-dac2c8685dc2,false,,,ok,jpeg
GrokVault,full-vault-scan,/Users/philipbankier/Content/Grok IMagine/greymaker/GrokVault/2025-12-20_Auto/cf65f44b-e6fc-4fd7-a52b-c09295a0254f.png,2025-12-20_Auto/cf65f44b-e6fc-4fd7-a52b-c09295a0254f.png,291159,.png,image,63f395d01fc11844ee01c933ff14f80884b29c6465f1e77949e6919e5000a2ee,2025-12-20T21:48:16.927Z,2025-12-20T21:48:16.985Z,cf65f44b-e6fc-4fd7-a52b-c09295a0254f,cf65f44b-e6fc-4fd7-a52b-c09295a0254f,false,,,ok,jpeg
GrokVault,full-vault-scan,/Users/philipbankier/Content/Grok IMagine/greymaker/GrokVault/2025-12-20_Auto/cf7db0b4-f04d-46bc-bba8-5ff0133e3bd9.mp4,2025-12-20_Auto/cf7db0b4-f04d-46bc-bba8-5ff0133e3bd9.mp4,2073336,.mp4,video,3fc31d1454453d8b061f8095c3914ea3da3d61c02ac86cbd2ab81d1cb10a22a6,2025-12-20T05:34:50.174Z,2025-12-20T05:34:50.176Z,cf7db0b4-f04d-46bc-bba8-5ff0133e3bd9,cf7db0b4-f04d-46bc-bba8-5ff0133e3bd9,false,,hash-4,ok,mp4-family
GrokVault,full-vault-scan,/Users/philipbankier/Content/Grok IMagine/greymaker/GrokVault/2025-12-20_Auto/cfbeb7fb-3ea6-485f-b9c4-c9ffde28ec7a.mp4,2025-12-20_Auto/cfbeb7fb-3ea6-485f-b9c4-c9ffde28ec7a.mp4,1624965,.mp4,video,ed772f4e36a012a1f83525ec0d3a32086b5f3a2bc6eef05f64f155f02fe5c5f6,2025-12-20T04:15:59.781Z,2025-12-20T04:15:59.783Z,cfbeb7fb-3ea6-485f-b9c4-c9ffde28ec7a,cfbeb7fb-3ea6-485f-b9c4-c9ffde28ec7a,false,,,ok,mp4-family
GrokVault,full-vault-scan,/Users/philipbankier/Content/Grok IMagine/greymaker/GrokVault/2025-12-20_Auto/cfded4f1-5d89-42ec-97df-bade652c4af0.png,2025-12-20_Auto/cfded4f1-5d89-42ec-97df-bade652c4af0.png,277010,.png,image,af54e2c4c815d09ffd28ab39a16adef5044da0646fc8d138b6becf2c23daa993,2025-12-20T04:53:44.032Z,2025-12-20T04:53:44.034Z,cfded4f1-5d89-42ec-97df-bade652c4af0,cfded4f1-5d89-42ec-97df-bade652c4af0,false,,,ok,jpeg
GrokVault,full-vault-scan,/Users/philipbankier/Content/Grok IMagine/greymaker/GrokVault/2025-12-20_Auto/d027461e-1ffe-44f0-bb25-ad9aaa5c336b.mp4,2025-12-20_Auto/d027461e-1ffe-44f0-bb25-ad9aaa5c336b.mp4,1232695,.mp4,video,64de5247a7b53197b052a1f9fc05ebc9dc637b97ef65d31aaf77459caad1c256,2025-12-20T22:30:26.131Z,2025-12-20T22:30:26.132Z,d027461e-1ffe-44f0-bb25-ad9aaa5c336b,d027461e-1ffe-44f0-bb25-ad9aaa5c336b,false,,,ok,mp4-family
GrokVault,full-vault-scan,/Users/philipbankier/Content/Grok IMagine/greymaker/GrokVault/2025-12-20_Auto/d0e48473-ace7-46bf-b90b-ba335f01bd2b.png,2025-12-20_Auto/d0e48473-ace7-46bf-b90b-ba335f01bd2b.png,246514,.png,image,7d0e8377b54114b2038c75c6750708614f15aeb21ab3840d3f4483b541437b27,2025-12-20T23:11:48.591Z,2025-12-20T23:11:48.649Z,d0e48473-ace7-46bf-b90b-ba335f01bd2b,d0e48473-ace7-46bf-b90b-ba335f01bd2b,false,,,ok,jpeg
GrokVault,full-vault-scan,/Users/philipbankier/Content/Grok IMagine/greymaker/GrokVault/2025-12-20_Auto/d14c34c7-0f41-49e8-a180-d3d232165fa0.png,2025-12-20_Auto/d14c34c7-0f41-49e8-a180-d3d232165fa0.png,355223,.png,image,5428d055636755e1addf3e66f46e847a14b2c4bb7f03cffb422076c052b85135,2025-12-20T20:06:32.585Z,2025-12-20T20:06:32.643Z,d14c34c7-0f41-49e8-a180-d3d232165fa0,d14c34c7-0f41-49e8-a180-d3d232165fa0,false,,,ok,jpeg
GrokVault,full-vault-scan,/Users/philipbankier/Content/Grok IMagine/greymaker/GrokVault/2025-12-20_Auto/d1583b61-42cd-45d0-8f08-839f189d893a.png,2025-12-20_Auto/d1583b61-42cd-45d0-8f08-839f189d893a.png,228867,.png,image,330dbb8b317687d9aaac150b3fe5590de694b41ea881f932c81fc6defa4f8043,2025-12-20T05:27:41.590Z,2025-12-20T05:27:41.591Z,d1583b61-42cd-45d0-8f08-839f189d893a,d1583b61-42cd-45d0-8f08-839f189d893a,false,,,ok,jpeg
GrokVault,full-vault-scan,/Users/philipbankier/Content/Grok IMagine/greymaker/GrokVault/2025-12-20_Auto/d1b136a7-707d-4119-bc53-9d3c0d257d77.png,2025-12-20_Auto/d1b136a7-707d-4119-bc53-9d3c0d257d77.png,273274,.png,image,dbd0b129423dc82278d409558473481319461489e0f76614ae8980c817c916ca,2025-12-20T00:20:53.419Z,2025-12-20T00:20:53.427Z,d1b136a7-707d-4119-bc53-9d3c0d257d77,d1b136a7-707d-4119-bc53-9d3c0d257d77,false,,,ok,jpeg
GrokVault,full-vault-scan,/Users/philipbankier/Content/Grok IMagine/greymaker/GrokVault/2025-12-20_Auto/d1c296b9-bf0a-4739-8035-081d14e265e5.png,2025-12-20_Auto/d1c296b9-bf0a-4739-8035-081d14e265e5.png,218082,.png,image,a8935e799efc00f0e08810d7e059545c372c0cbe902f3c0277ac9e60253ab023,2025-12-20T04:04:58.282Z,2025-12-20T04:04:58.285Z,d1c296b9-bf0a-4739-8035-081d14e265e5,d1c296b9-bf0a-4739-8035-081d14e265e5,false,,,ok,jpeg
GrokVault,full-vault-scan,/Users/philipbankier/Content/Grok IMagine/greymaker/GrokVault/2025-12-20_Auto/d1cac2be-46d0-49c9-a159-1bff53a29d7f.mp4,2025-12-20_Auto/d1cac2be-46d0-49c9-a159-1bff53a29d7f.mp4,2225912,.mp4,video,0e7efc5cd1dd12b21707f2e7243204780458756f31b92152502f8c2da04816c2,2025-12-20T03:26:32.827Z,2025-12-20T03:26:32.829Z,d1cac2be-46d0-49c9-a159-1bff53a29d7f,d1cac2be-46d0-49c9-a159-1bff53a29d7f,false,,,ok,mp4-family
GrokVault,full-vault-scan,/Users/philipbankier/Content/Grok IMagine/greymaker/GrokVault/2025-12-20_Auto/d1e79611-5ede-4a2c-81b9-ca4e073a5c49.png,2025-12-20_Auto/d1e79611-5ede-4a2c-81b9-ca4e073a5c49.png,212449,.png,image,3131df73974dcd254823d8f6e6697c4c44d3846183fb91ec5081f0dfa76b9bd8,2025-12-20T04:11:09.593Z,2025-12-20T04:11:09.594Z,d1e79611-5ede-4a2c-81b9-ca4e073a5c49,d1e79611-5ede-4a2c-81b9-ca4e073a5c49,false,,,ok,jpeg
GrokVault,full-vault-scan,/Users/philipbankier/Content/Grok IMagine/greymaker/GrokVault/2025-12-20_Auto/d24c3e50-b7c8-4289-b4b9-afa982fd698f.mp4,2025-12-20_Auto/d24c3e50-b7c8-4289-b4b9-afa982fd698f.mp4,1692866,.mp4,video,6cfdf557268e5d6b78096c0b04bb1464c0159938fcc87525386be64b90bd3ee0,2025-12-20T22:20:41.671Z,2025-12-20T22:20:41.673Z,d24c3e50-b7c8-4289-b4b9-afa982fd698f,d24c3e50-b7c8-4289-b4b9-afa982fd698f,false,,,ok,mp4-family
GrokVault,full-vault-scan,/Users/philipbankier/Content/Grok IMagine/greymaker/GrokVault/2025-12-20_Auto/d262054d-8b14-4ccd-be4c-125a427f7c57.png,2025-12-20_Auto/d262054d-8b14-4ccd-be4c-125a427f7c57.png,251496,.png,image,3aca1047d5088d3c29b23e56328e452c030f16d5dbf4e5eb171cefd41f26f5a1,2025-12-20T21:35:35.365Z,2025-12-20T21:35:35.427Z,d262054d-8b14-4ccd-be4c-125a427f7c57,d262054d-8b14-4ccd-be4c-125a427f7c57,false,,,ok,jpeg
GrokVault,full-vault-scan,/Users/philipbankier/Content/Grok IMagine/greymaker/GrokVault/2025-12-20_Auto/d2a83868-d7f8-464d-8bde-22b4a8853482.mp4,2025-12-20_Auto/d2a83868-d7f8-464d-8bde-22b4a8853482.mp4,3276952,.mp4,video,1039b9769d80164743b2f7686fdee0e955249ca889bfc2f476bbd36429f37b84,2025-12-20T04:20:08.523Z,2025-12-20T04:20:08.525Z,d2a83868-d7f8-464d-8bde-22b4a8853482,d2a83868-d7f8-464d-8bde-22b4a8853482,false,,,ok,mp4-family
GrokVault,full-vault-scan,/Users/philipbankier/Content/Grok IMagine/greymaker/GrokVault/2025-12-20_Auto/d392d84b-e7d1-4b6a-874c-4bd4890e2884.png,2025-12-20_Auto/d392d84b-e7d1-4b6a-874c-4bd4890e2884.png,165042,.png,image,c17579e94e25dbdcfb9799ac8da86fa0c399813bf9fb00525f8e7c796655f9e7,2025-12-20T23:15:40.340Z,2025-12-20T23:15:40.400Z,d392d84b-e7d1-4b6a-874c-4bd4890e2884,d392d84b-e7d1-4b6a-874c-4bd4890e2884,false,,,ok,jpeg
GrokVault,full-vault-scan,/Users/philipbankier/Content/Grok IMagine/greymaker/GrokVault/2025-12-20_Auto/d3a2a0bd-33e1-4557-bacf-0863018599b9.mp4,2025-12-20_Auto/d3a2a0bd-33e1-4557-bacf-0863018599b9.mp4,1766062,.mp4,video,dc17227123b07f15a2445ac644c228a8a588b1cba7aa886ad7f4b4373e8d509a,2025-12-20T21:58:03.163Z,2025-12-20T21:58:03.166Z,d3a2a0bd-33e1-4557-bacf-0863018599b9,d3a2a0bd-33e1-4557-bacf-0863018599b9,false,,,ok,mp4-family
GrokVault,full-vault-scan,/Users/philipbankier/Content/Grok IMagine/greymaker/GrokVault/2025-12-20_Auto/d3b394a0-550f-45a4-b7dc-49e44f3a783a.png,2025-12-20_Auto/d3b394a0-550f-45a4-b7dc-49e44f3a783a.png,252168,.png,image,4f1d7bfefb78dcfdf0b1a8d63c7699ce07bb7043e20ac9e4ee6eb461dbf91194,2025-12-20T21:25:58.484Z,2025-12-20T21:25:58.545Z,d3b394a0-550f-45a4-b7dc-49e44f3a783a,d3b394a0-550f-45a4-b7dc-49e44f3a783a,false,,,ok,jpeg
GrokVault,full-vault-scan,/Users/philipbankier/Content/Grok IMagine/greymaker/GrokVault/2025-12-20_Auto/d3b46223-2123-42dd-82c0-8bc9e2bb602f.png,2025-12-20_Auto/d3b46223-2123-42dd-82c0-8bc9e2bb602f.png,250335,.png,image,b1609dae4adfb7eadfaf612de5d11fa7c5c5c5d8de50da35d1dbe361497afd32,2025-12-20T23:29:00.930Z,2025-12-20T23:29:01.005Z,d3b46223-2123-42dd-82c0-8bc9e2bb602f,d3b46223-2123-42dd-82c0-8bc9e2bb602f,false,,,ok,jpeg
GrokVault,full-vault-scan,/Users/philipbankier/Content/Grok IMagine/greymaker/GrokVault/2025-12-20_Auto/d3e922c7-ca89-422a-a484-93982808f7ac.png,2025-12-20_Auto/d3e922c7-ca89-422a-a484-93982808f7ac.png,238014,.png,image,d5e7375850719c8318095d8dcbfe63b829646e77da69986d63ca7fb38e3252af,2025-12-20T05:13:21.281Z,2025-12-20T05:13:21.283Z,d3e922c7-ca89-422a-a484-93982808f7ac,d3e922c7-ca89-422a-a484-93982808f7ac,false,,,ok,jpeg
GrokVault,full-vault-scan,/Users/philipbankier/Content/Grok IMagine/greymaker/GrokVault/2025-12-20_Auto/d43326c7-e00b-438d-b848-c4ebca2a27b8.png,2025-12-20_Auto/d43326c7-e00b-438d-b848-c4ebca2a27b8.png,240938,.png,image,80f9178fb22cb801b12c29ca666a10601da99e7203bb1f8e16bf723b9e10c688,2025-12-20T05:16:45.850Z,2025-12-20T05:16:45.852Z,d43326c7-e00b-438d-b848-c4ebca2a27b8,d43326c7-e00b-438d-b848-c4ebca2a27b8,false,,,ok,jpeg
GrokVault,full-vault-scan,/Users/philipbankier/Content/Grok IMagine/greymaker/GrokVault/2025-12-20_Auto/d4652efd-16fe-4448-8a89-da3cb2f55e56.png,2025-12-20_Auto/d4652efd-16fe-4448-8a89-da3cb2f55e56.png,255147,.png,image,dc4bf4a54a61893d6853b2c244d2b2e824edbaf01c018094800046d98530a361,2025-12-20T22:08:12.121Z,2025-12-20T22:08:12.179Z,d4652efd-16fe-4448-8a89-da3cb2f55e56,d4652efd-16fe-4448-8a89-da3cb2f55e56,false,,,ok,jpeg
GrokVault,full-vault-scan,/Users/philipbankier/Content/Grok IMagine/greymaker/GrokVault/2025-12-20_Auto/d46bb0db-0c46-4393-9fac-b5ced044c8a7.png,2025-12-20_Auto/d46bb0db-0c46-4393-9fac-b5ced044c8a7.png,233480,.png,image,9d4be308b31802bbc12d6a96041ab07c5be3c0af4e81d0f386eb6b11f36be212,2025-12-20T21:43:42.664Z,2025-12-20T21:43:42.727Z,d46bb0db-0c46-4393-9fac-b5ced044c8a7,d46bb0db-0c46-4393-9fac-b5ced044c8a7,false,,,ok,jpeg
GrokVault,full-vault-scan,/Users/philipbankier/Content/Grok IMagine/greymaker/GrokVault/2025-12-20_Auto/d4777c13-8c2c-49c8-be13-98d610525b7c.png,2025-12-20_Auto/d4777c13-8c2c-49c8-be13-98d610525b7c.png,248533,.png,image,8e52e599d0c47c7b51e542d10b98784340db7d9d248d3127d83596677883c057,2025-12-20T21:49:28.368Z,2025-12-20T21:49:28.427Z,d4777c13-8c2c-49c8-be13-98d610525b7c,d4777c13-8c2c-49c8-be13-98d610525b7c,false,,,ok,jpeg
GrokVault,full-vault-scan,/Users/philipbankier/Content/Grok IMagine/greymaker/GrokVault/2025-12-20_Auto/d4a8ddd3-ea4a-409d-9c5a-44e266f636ea.mp4,2025-12-20_Auto/d4a8ddd3-ea4a-409d-9c5a-44e266f636ea.mp4,1992966,.mp4,video,2aaca7793d52c275ab00fc06b5f8c2a30af13773c4b73b431d85cbccf6611a94,2025-12-20T22:52:43.778Z,2025-12-20T22:52:43.780Z,d4a8ddd3-ea4a-409d-9c5a-44e266f636ea,d4a8ddd3-ea4a-409d-9c5a-44e266f636ea,false,,,ok,mp4-family
GrokVault,full-vault-scan,/Users/philipbankier/Content/Grok IMagine/greymaker/GrokVault/2025-12-20_Auto/d4be8658-93bf-4001-87c7-2b690e3a9117.mp4,2025-12-20_Auto/d4be8658-93bf-4001-87c7-2b690e3a9117.mp4,3375657,.mp4,video,6e757794d0ff3a9e0cc955a7a8307263383b78d014d4ade86fc5c6687e38c4be,2025-12-20T03:55:10.483Z,2025-12-20T03:55:10.485Z,d4be8658-93bf-4001-87c7-2b690e3a9117,d4be8658-93bf-4001-87c7-2b690e3a9117,false,,,ok,mp4-family
GrokVault,full-vault-scan,/Users/philipbankier/Content/Grok IMagine/greymaker/GrokVault/2025-12-20_Auto/d4e635e9-5295-47f4-bf9e-101c527ebc55.mp4,2025-12-20_Auto/d4e635e9-5295-47f4-bf9e-101c527ebc55.mp4,1045803,.mp4,video,ccc06a68a6bf2aab71ee64e7fceb15a00d747e81312e25239b8ee6b63b686782,2025-12-20T22:28:46.863Z,2025-12-20T22:28:46.865Z,d4e635e9-5295-47f4-bf9e-101c527ebc55,d4e635e9-5295-47f4-bf9e-101c527ebc55,false,,,ok,mp4-family
GrokVault,full-vault-scan,/Users/philipbankier/Content/Grok IMagine/greymaker/GrokVault/2025-12-20_Auto/d501a48f-5e5f-4b1d-b725-99cf82803b7a.mp4,2025-12-20_Auto/d501a48f-5e5f-4b1d-b725-99cf82803b7a.mp4,1488839,.mp4,video,b7413c970be706c1e89b4f7c3360ba379d9a17c52f3b33ee85ec8efe09e1e380,2025-12-20T22:58:12.248Z,2025-12-20T22:58:12.249Z,d501a48f-5e5f-4b1d-b725-99cf82803b7a,d501a48f-5e5f-4b1d-b725-99cf82803b7a,false,,,ok,mp4-family
GrokVault,full-vault-scan,/Users/philipbankier/Content/Grok IMagine/greymaker/GrokVault/2025-12-20_Auto/d5fd06fe-b6e5-4d96-a1a8-13dd7fb938ba.png,2025-12-20_Auto/d5fd06fe-b6e5-4d96-a1a8-13dd7fb938ba.png,237832,.png,image,98b9fb5178796658d44616f685c54c01471bf2d724d0dc2e2baa57c89a8452cf,2025-12-20T22:57:44.526Z,2025-12-20T22:57:44.592Z,d5fd06fe-b6e5-4d96-a1a8-13dd7fb938ba,d5fd06fe-b6e5-4d96-a1a8-13dd7fb938ba,false,,,ok,jpeg
GrokVault,full-vault-scan,/Users/philipbankier/Content/Grok IMagine/greymaker/GrokVault/2025-12-20_Auto/d623b68c-b9b1-4894-a8a1-31907012b389.png,2025-12-20_Auto/d623b68c-b9b1-4894-a8a1-31907012b389.png,421996,.png,image,cce60c3420c2ce087926960137dbbe5d27275e7865af29912f58ad9aea6ffe23,2025-12-20T03:24:41.085Z,2025-12-20T03:24:41.091Z,d623b68c-b9b1-4894-a8a1-31907012b389,d623b68c-b9b1-4894-a8a1-31907012b389,false,,,ok,jpeg
GrokVault,full-vault-scan,/Users/philipbankier/Content/Grok IMagine/greymaker/GrokVault/2025-12-20_Auto/d62a9d96-68a4-4e3a-af99-ad0c4dce78ca.mp4,2025-12-20_Auto/d62a9d96-68a4-4e3a-af99-ad0c4dce78ca.mp4,1078310,.mp4,video,0e717d404e249e64a1a9cf76bf94505cda9f18f36ee921362fffe247a4e20d4e,2025-12-20T22:31:08.198Z,2025-12-20T22:31:08.200Z,d62a9d96-68a4-4e3a-af99-ad0c4dce78ca,d62a9d96-68a4-4e3a-af99-ad0c4dce78ca,false,,,ok,mp4-family
GrokVault,full-vault-scan,/Users/philipbankier/Content/Grok IMagine/greymaker/GrokVault/2025-12-20_Auto/d6357949-55f6-4d40-bcdf-f93d7c643fd9.mp4,2025-12-20_Auto/d6357949-55f6-4d40-bcdf-f93d7c643fd9.mp4,1738448,.mp4,video,acb843364fbdcad1b9afe7bcbe5428e58b9655c21d58307b0fbc2d808f2e45e0,2025-12-20T23:54:10.318Z,2025-12-20T23:54:10.321Z,d6357949-55f6-4d40-bcdf-f93d7c643fd9,d6357949-55f6-4d40-bcdf-f93d7c643fd9,false,,,ok,mp4-family
GrokVault,full-vault-scan,/Users/philipbankier/Content/Grok IMagine/greymaker/GrokVault/2025-12-20_Auto/d649b696-2388-4625-9b08-7cf7d074c2ac.mp4,2025-12-20_Auto/d649b696-2388-4625-9b08-7cf7d074c2ac.mp4,1020753,.mp4,video,0904a9c868817069dd54f51ee9eb08d855496cbe4655741baa99731ecfdfd525,2025-12-20T04:41:15.622Z,2025-12-20T04:41:15.623Z,d649b696-2388-4625-9b08-7cf7d074c2ac,d649b696-2388-4625-9b08-7cf7d074c2ac,false,,,ok,mp4-family
GrokVault,full-vault-scan,/Users/philipbankier/Content/Grok IMagine/greymaker/GrokVault/2025-12-20_Auto/d6673c34-94ea-4076-9db3-0c18d5da5433.png,2025-12-20_Auto/d6673c34-94ea-4076-9db3-0c18d5da5433.png,257885,.png,image,3b9a6bb5a38fe74d8365cc265ada7c476b5ddba8bb5d6c1e37ca036d2f3e0268,2025-12-20T23:27:03.887Z,2025-12-20T23:27:03.946Z,d6673c34-94ea-4076-9db3-0c18d5da5433,d6673c34-94ea-4076-9db3-0c18d5da5433,false,,,ok,jpeg
GrokVault,full-vault-scan,/Users/philipbankier/Content/Grok IMagine/greymaker/GrokVault/2025-12-20_Auto/d66f276e-87f7-4d0e-a855-22d65f595be3.mp4,2025-12-20_Auto/d66f276e-87f7-4d0e-a855-22d65f595be3.mp4,2960249,.mp4,video,2ebbca9b440e4530b31d65a7515395fc367bdeffe44428c72fa8615bbac68759,2025-12-20T04:25:03.213Z,2025-12-20T04:25:03.216Z,d66f276e-87f7-4d0e-a855-22d65f595be3,d66f276e-87f7-4d0e-a855-22d65f595be3,false,,,ok,mp4-family
GrokVault,full-vault-scan,/Users/philipbankier/Content/Grok IMagine/greymaker/GrokVault/2025-12-20_Auto/d6b95a5c-8fd4-4d0d-ba88-91a59673e0d4.mp4,2025-12-20_Auto/d6b95a5c-8fd4-4d0d-ba88-91a59673e0d4.mp4,2069782,.mp4,video,20e154be7d356d7415f729b4c42a06653d15d77db8ec7ec6856882cfc69ba7f8,2025-12-20T00:16:20.077Z,2025-12-20T00:16:20.079Z,d6b95a5c-8fd4-4d0d-ba88-91a59673e0d4,d6b95a5c-8fd4-4d0d-ba88-91a59673e0d4,false,,,ok,mp4-family
GrokVault,full-vault-scan,/Users/philipbankier/Content/Grok IMagine/greymaker/GrokVault/2025-12-20_Auto/d6bab484-e7ad-4e71-8387-3f621d12a18b.mp4,2025-12-20_Auto/d6bab484-e7ad-4e71-8387-3f621d12a18b.mp4,1179340,.mp4,video,b6043d28ca550f56ff13254db111940fd846dd9b9d63f35aa52db338de45f196,2025-12-20T23:57:33.363Z,2025-12-20T23:57:33.366Z,d6bab484-e7ad-4e71-8387-3f621d12a18b,d6bab484-e7ad-4e71-8387-3f621d12a18b,false,,,ok,mp4-family
GrokVault,full-vault-scan,/Users/philipbankier/Content/Grok IMagine/greymaker/GrokVault/2025-12-20_Auto/d6cbbe5a-fc51-4847-a0a2-e3cfe93d1698.png,2025-12-20_Auto/d6cbbe5a-fc51-4847-a0a2-e3cfe93d1698.png,279818,.png,image,48d26d0350fef0030e0f592588ab455d7efdf46f760ae4dcf455cd71c0b3417e,2025-12-20T21:45:23.535Z,2025-12-20T21:45:23.602Z,d6cbbe5a-fc51-4847-a0a2-e3cfe93d1698,d6cbbe5a-fc51-4847-a0a2-e3cfe93d1698,false,,,ok,jpeg
GrokVault,full-vault-scan,/Users/philipbankier/Content/Grok IMagine/greymaker/GrokVault/2025-12-20_Auto/d71c9648-7a70-47a0-93f0-be6c34f2e1ff.mp4,2025-12-20_Auto/d71c9648-7a70-47a0-93f0-be6c34f2e1ff.mp4,1520839,.mp4,video,f43659c454a3fa605f80e2dc625342e31bcab0fb7371eb0bf2e8007601bccfca,2025-12-20T23:03:11.877Z,2025-12-20T23:03:11.879Z,d71c9648-7a70-47a0-93f0-be6c34f2e1ff,d71c9648-7a70-47a0-93f0-be6c34f2e1ff,false,,,ok,mp4-family
GrokVault,full-vault-scan,/Users/philipbankier/Content/Grok IMagine/greymaker/GrokVault/2025-12-20_Auto/d760d2da-7e69-4638-b1ff-41d23f7f3a89.png,2025-12-20_Auto/d760d2da-7e69-4638-b1ff-41d23f7f3a89.png,236187,.png,image,6e9a046f3e29ddcb5294146693ac16a74df70a9bfc60778d2d1c58756e708d04,2025-12-20T21:31:00.144Z,2025-12-20T21:31:00.202Z,d760d2da-7e69-4638-b1ff-41d23f7f3a89,d760d2da-7e69-4638-b1ff-41d23f7f3a89,false,,,ok,jpeg
GrokVault,full-vault-scan,/Users/philipbankier/Content/Grok IMagine/greymaker/GrokVault/2025-12-20_Auto/d77c4610-7f3c-471e-848d-0a4ee38ffdca.png,2025-12-20_Auto/d77c4610-7f3c-471e-848d-0a4ee38ffdca.png,245367,.png,image,84aa24bcc1cfcf5ec639d419078d36ed9f0f3a7bad300a0870141fc0ea08b8f5,2025-12-20T23:11:05.596Z,2025-12-20T23:11:05.655Z,d77c4610-7f3c-471e-848d-0a4ee38ffdca,d77c4610-7f3c-471e-848d-0a4ee38ffdca,false,,,ok,jpeg
GrokVault,full-vault-scan,/Users/philipbankier/Content/Grok IMagine/greymaker/GrokVault/2025-12-20_Auto/d79d75c3-a0fa-4291-b2ec-0e1da7436f00.png,2025-12-20_Auto/d79d75c3-a0fa-4291-b2ec-0e1da7436f00.png,236535,.png,image,0f94ac5b67375b464eb276fb56e1ae3e5a6d700fe3147753db28eab6c3c05ff7,2025-12-20T21:03:14.395Z,2025-12-20T21:03:14.455Z,d79d75c3-a0fa-4291-b2ec-0e1da7436f00,d79d75c3-a0fa-4291-b2ec-0e1da7436f00,false,,,ok,jpeg
GrokVault,full-vault-scan,/Users/philipbankier/Content/Grok IMagine/greymaker/GrokVault/2025-12-20_Auto/d7d41946-9caf-4697-ab09-c722c7ae5597.mp4,2025-12-20_Auto/d7d41946-9caf-4697-ab09-c722c7ae5597.mp4,2409990,.mp4,video,f672f725a362f4242d7e7b1a364ce47e80bbaf70a4927a441541791772d09753,2025-12-20T03:58:56.976Z,2025-12-20T03:58:56.978Z,d7d41946-9caf-4697-ab09-c722c7ae5597,d7d41946-9caf-4697-ab09-c722c7ae5597,false,,,ok,mp4-family
GrokVault,full-vault-scan,/Users/philipbankier/Content/Grok IMagine/greymaker/GrokVault/2025-12-20_Auto/d829f233-9cb5-4f09-871c-16d9fc8a2d02.mp4,2025-12-20_Auto/d829f233-9cb5-4f09-871c-16d9fc8a2d02.mp4,2089670,.mp4,video,ca9ee57072929097fe137187031ee369cdd4222cb156b53abb75277bbbcba880,2025-12-20T20:59:52.811Z,2025-12-20T20:59:52.814Z,d829f233-9cb5-4f09-871c-16d9fc8a2d02,d829f233-9cb5-4f09-871c-16d9fc8a2d02,false,,,ok,mp4-family
GrokVault,full-vault-scan,/Users/philipbankier/Content/Grok IMagine/greymaker/GrokVault/2025-12-20_Auto/d831c3ef-f70a-447b-a5dc-5d2a3142f98b.png,2025-12-20_Auto/d831c3ef-f70a-447b-a5dc-5d2a3142f98b.png,221019,.png,image,4fefaa6fb15bd916887f05395dbfb2df9618bb9a58e55d604298149f644f3fe1,2025-12-20T04:54:06.095Z,2025-12-20T04:54:06.096Z,d831c3ef-f70a-447b-a5dc-5d2a3142f98b,d831c3ef-f70a-447b-a5dc-5d2a3142f98b,false,,,ok,jpeg
GrokVault,full-vault-scan,/Users/philipbankier/Content/Grok IMagine/greymaker/GrokVault/2025-12-20_Auto/d864efa1-d943-4e78-abb7-6d7cdf2c9a2b.mp4,2025-12-20_Auto/d864efa1-d943-4e78-abb7-6d7cdf2c9a2b.mp4,791128,.mp4,video,025547652a90c1d6583c628da9d142f4e218f57c3b000c95b16cf652234b1bc7,2025-12-20T22:56:32.108Z,2025-12-20T22:56:32.109Z,d864efa1-d943-4e78-abb7-6d7cdf2c9a2b,d864efa1-d943-4e78-abb7-6d7cdf2c9a2b,false,,,ok,mp4-family
GrokVault,full-vault-scan,/Users/philipbankier/Content/Grok IMagine/greymaker/GrokVault/2025-12-20_Auto/d9233fe6-0041-442f-a216-45b0d9ff7dab.png,2025-12-20_Auto/d9233fe6-0041-442f-a216-45b0d9ff7dab.png,195404,.png,image,2eecdeba1a6fd992369cdf9337837533327548175bb13ddb7f67476786128602,2025-12-20T04:44:18.536Z,2025-12-20T04:44:18.539Z,d9233fe6-0041-442f-a216-45b0d9ff7dab,d9233fe6-0041-442f-a216-45b0d9ff7dab,false,,,ok,jpeg
GrokVault,full-vault-scan,/Users/philipbankier/Content/Grok IMagine/greymaker/GrokVault/2025-12-20_Auto/d9677044-1810-45b0-aac8-7ebe8d073ca6.png,2025-12-20_Auto/d9677044-1810-45b0-aac8-7ebe8d073ca6.png,264364,.png,image,51b12c5afcc52b5691742d70aad53f1b229488667005d96a580b9202b7ca0bcf,2025-12-20T22:14:28.313Z,2025-12-20T22:14:28.372Z,d9677044-1810-45b0-aac8-7ebe8d073ca6,d9677044-1810-45b0-aac8-7ebe8d073ca6,false,,,ok,jpeg
GrokVault,full-vault-scan,/Users/philipbankier/Content/Grok IMagine/greymaker/GrokVault/2025-12-20_Auto/d9693f61-c77b-4ce0-8a0f-839772b9a668.png,2025-12-20_Auto/d9693f61-c77b-4ce0-8a0f-839772b9a668.png,217342,.png,image,e337d84efd276248545d524069bcd50288b09c8a62e228e2d9fcddf69868ed81,2025-12-20T23:12:46.531Z,2025-12-20T23:12:46.590Z,d9693f61-c77b-4ce0-8a0f-839772b9a668,d9693f61-c77b-4ce0-8a0f-839772b9a668,false,,,ok,jpeg
GrokVault,full-vault-scan,/Users/philipbankier/Content/Grok IMagine/greymaker/GrokVault/2025-12-20_Auto/d9e498cb-5cab-4e28-9d68-d6a80b724fbd.mp4,2025-12-20_Auto/d9e498cb-5cab-4e28-9d68-d6a80b724fbd.mp4,2026926,.mp4,video,ecab7d00b025d53c1b097fe2ce2fbd46f1ce3b50fa2fac294c57d4c9a899eb40,2025-12-20T22:05:03.346Z,2025-12-20T22:05:03.347Z,d9e498cb-5cab-4e28-9d68-d6a80b724fbd,d9e498cb-5cab-4e28-9d68-d6a80b724fbd,false,,,ok,mp4-family
GrokVault,full-vault-scan,/Users/philipbankier/Content/Grok IMagine/greymaker/GrokVault/2025-12-20_Auto/d9f3351a-1449-4d32-ae9d-d7e4ed772d0b.png,2025-12-20_Auto/d9f3351a-1449-4d32-ae9d-d7e4ed772d0b.png,244002,.png,image,c0b8b1092c44c99d48e8ff16eaa0c40f63fd96bb7a6032f875dfe3d0a323b30e,2025-12-20T05:23:32.965Z,2025-12-20T05:23:32.976Z,d9f3351a-1449-4d32-ae9d-d7e4ed772d0b,d9f3351a-1449-4d32-ae9d-d7e4ed772d0b,false,,,ok,jpeg
GrokVault,full-vault-scan,/Users/philipbankier/Content/Grok IMagine/greymaker/GrokVault/2025-12-20_Auto/da3937e6-6319-4ffc-a56e-6c93f97ab0a4.mp4,2025-12-20_Auto/da3937e6-6319-4ffc-a56e-6c93f97ab0a4.mp4,2135111,.mp4,video,e9f745773d20b9b6d07ea834d216068317a49ada317386fb0891d2c9d0d6adc2,2025-12-20T05:04:17.254Z,2025-12-20T05:04:17.256Z,da3937e6-6319-4ffc-a56e-6c93f97ab0a4,da3937e6-6319-4ffc-a56e-6c93f97ab0a4,false,,,ok,mp4-family
GrokVault,full-vault-scan,/Users/philipbankier/Content/Grok IMagine/greymaker/GrokVault/2025-12-20_Auto/da52c248-1677-4224-bda7-126edb520a6f.png,2025-12-20_Auto/da52c248-1677-4224-bda7-126edb520a6f.png,191323,.png,image,7bcfe0d301e6fcf1cf1cf5deabaac63ddaa889c2b6a4f73d141d87b25a1047e6,2025-12-20T23:06:59.582Z,2025-12-20T23:06:59.645Z,da52c248-1677-4224-bda7-126edb520a6f,da52c248-1677-4224-bda7-126edb520a6f,false,,,ok,jpeg
GrokVault,full-vault-scan,/Users/philipbankier/Content/Grok IMagine/greymaker/GrokVault/2025-12-20_Auto/da6c3dee-bdab-4ac0-9800-c1bbab6f3e27.mp4,2025-12-20_Auto/da6c3dee-bdab-4ac0-9800-c1bbab6f3e27.mp4,1543730,.mp4,video,6048cf3ee334b6faa6e0de683ba4637d96f50551bd82379ca20aa982e3c11c0c,2025-12-20T04:52:35.583Z,2025-12-20T04:52:35.584Z,da6c3dee-bdab-4ac0-9800-c1bbab6f3e27,da6c3dee-bdab-4ac0-9800-c1bbab6f3e27,false,,,ok,mp4-family
GrokVault,full-vault-scan,/Users/philipbankier/Content/Grok IMagine/greymaker/GrokVault/2025-12-20_Auto/daa8844e-b2d9-405a-b522-f99b7910e875.png,2025-12-20_Auto/daa8844e-b2d9-405a-b522-f99b7910e875.png,298691,.png,image,659cde53a025cda23890f89d57687baeb0a9f30f83edc435a29bcd49fb25e8aa,2025-12-20T22:41:01.332Z,2025-12-20T22:41:01.397Z,daa8844e-b2d9-405a-b522-f99b7910e875,daa8844e-b2d9-405a-b522-f99b7910e875,false,,,ok,jpeg
GrokVault,full-vault-scan,/Users/philipbankier/Content/Grok IMagine/greymaker/GrokVault/2025-12-20_Auto/db397ea8-e5a7-4341-a56a-8001a3ce29ec.png,2025-12-20_Auto/db397ea8-e5a7-4341-a56a-8001a3ce29ec.png,273319,.png,image,b5477ec50c095729f6b7cf897900766f8ed3e30c528f015ed20cd1bb8ea7e478,2025-12-20T05:10:20.868Z,2025-12-20T05:10:20.870Z,db397ea8-e5a7-4341-a56a-8001a3ce29ec,db397ea8-e5a7-4341-a56a-8001a3ce29ec,false,,,ok,jpeg
GrokVault,full-vault-scan,/Users/philipbankier/Content/Grok IMagine/greymaker/GrokVault/2025-12-20_Auto/dbe752a6-b0ee-4d3d-b104-9308a7e7449d.mp4,2025-12-20_Auto/dbe752a6-b0ee-4d3d-b104-9308a7e7449d.mp4,2492340,.mp4,video,9b22d7dc0c14dbf6d78f0fc1fc22f9e0af841634b35097f60f65ae7fafcda34c,2025-12-20T21:42:59.494Z,2025-12-20T21:42:59.496Z,dbe752a6-b0ee-4d3d-b104-9308a7e7449d,dbe752a6-b0ee-4d3d-b104-9308a7e7449d,false,,,ok,mp4-family
GrokVault,full-vault-scan,/Users/philipbankier/Content/Grok IMagine/greymaker/GrokVault/2025-12-20_Auto/dc122f40-f23e-4805-a24c-98e0c47d1c17.png,2025-12-20_Auto/dc122f40-f23e-4805-a24c-98e0c47d1c17.png,251630,.png,image,cb7e72a67411afc94edb0ab39aff513875b2ca2f4dac2cb54c56e8e17a09b09c,2025-12-20T05:00:09.118Z,2025-12-20T05:00:09.120Z,dc122f40-f23e-4805-a24c-98e0c47d1c17,dc122f40-f23e-4805-a24c-98e0c47d1c17,false,,,ok,jpeg
GrokVault,full-vault-scan,/Users/philipbankier/Content/Grok IMagine/greymaker/GrokVault/2025-12-20_Auto/dc1ceb84-aa5c-4d4a-b673-a562dedad2b3.mp4,2025-12-20_Auto/dc1ceb84-aa5c-4d4a-b673-a562dedad2b3.mp4,1866436,.mp4,video,44acaa22f1d6605780ce66f0f99772e338d19c416e72de57baa0bc7d49f16e8d,2025-12-20T22:00:15.067Z,2025-12-20T22:00:15.069Z,dc1ceb84-aa5c-4d4a-b673-a562dedad2b3,dc1ceb84-aa5c-4d4a-b673-a562dedad2b3,false,,,ok,mp4-family
GrokVault,full-vault-scan,/Users/philipbankier/Content/Grok IMagine/greymaker/GrokVault/2025-12-20_Auto/dc1dbe5a-e380-4c8e-9578-2df60b1b86ae.mp4,2025-12-20_Auto/dc1dbe5a-e380-4c8e-9578-2df60b1b86ae.mp4,1540642,.mp4,video,a4662a95e4a64801cd9dc74846bc96572cc9661d8474563d34b745810e9f8f53,2025-12-20T22:52:57.907Z,2025-12-20T22:52:57.909Z,dc1dbe5a-e380-4c8e-9578-2df60b1b86ae,dc1dbe5a-e380-4c8e-9578-2df60b1b86ae,false,,,ok,mp4-family
GrokVault,full-vault-scan,/Users/philipbankier/Content/Grok IMagine/greymaker/GrokVault/2025-12-20_Auto/dc360eb0-ef5e-41ab-bfac-53c846ed96a3.mp4,2025-12-20_Auto/dc360eb0-ef5e-41ab-bfac-53c846ed96a3.mp4,1367047,.mp4,video,cfab841b91f3efbb199b908859e466395eb94c97348e65420bbcc6f0d1f32903,2025-12-20T23:01:46.276Z,2025-12-20T23:01:46.278Z,dc360eb0-ef5e-41ab-bfac-53c846ed96a3,dc360eb0-ef5e-41ab-bfac-53c846ed96a3,false,,,ok,mp4-family
GrokVault,full-vault-scan,/Users/philipbankier/Content/Grok IMagine/greymaker/GrokVault/2025-12-20_Auto/dc504a5e-edfd-4977-ba4d-ff3a5f20e1e7.png,2025-12-20_Auto/dc504a5e-edfd-4977-ba4d-ff3a5f20e1e7.png,339643,.png,image,a6e547463a81c64e4ff91b9e777ecb9e76c192742a8cea062d65374e86dd5649,2025-12-20T20:06:11.333Z,2025-12-20T20:06:11.391Z,dc504a5e-edfd-4977-ba4d-ff3a5f20e1e7,dc504a5e-edfd-4977-ba4d-ff3a5f20e1e7,false,,,ok,jpeg
GrokVault,full-vault-scan,/Users/philipbankier/Content/Grok IMagine/greymaker/GrokVault/2025-12-20_Auto/dcb496ad-a1f1-4405-a0be-005ee12af91e.png,2025-12-20_Auto/dcb496ad-a1f1-4405-a0be-005ee12af91e.png,208800,.png,image,698103f7d01749844dd262be12b96010848d83d967f5077b6e036134229f202c,2025-12-20T21:58:32.443Z,2025-12-20T21:58:32.509Z,dcb496ad-a1f1-4405-a0be-005ee12af91e,dcb496ad-a1f1-4405-a0be-005ee12af91e,false,,,ok,jpeg
GrokVault,full-vault-scan,/Users/philipbankier/Content/Grok IMagine/greymaker/GrokVault/2025-12-20_Auto/dd115d39-a0c4-43ef-bc9d-941e26350a63.png,2025-12-20_Auto/dd115d39-a0c4-43ef-bc9d-941e26350a63.png,234815,.png,image,ac14f5be983a41be23daa87a7f7e951cd3180718b4b5350790ad1afe0cf24b31,2025-12-20T21:40:50.728Z,2025-12-20T21:40:50.793Z,dd115d39-a0c4-43ef-bc9d-941e26350a63,dd115d39-a0c4-43ef-bc9d-941e26350a63,false,,,ok,jpeg
GrokVault,full-vault-scan,/Users/philipbankier/Content/Grok IMagine/greymaker/GrokVault/2025-12-20_Auto/dd49d6cc-daf1-4900-87d4-f9ecd7174ff8_hd.mp4,2025-12-20_Auto/dd49d6cc-daf1-4900-87d4-f9ecd7174ff8_hd.mp4,7247192,.mp4,video,bcd53bd78f9f37cc6151a20c61a1f3a314273a4906f519b7ed7564f1de247c3d,2025-12-20T05:33:12.438Z,2025-12-20T05:33:12.511Z,dd49d6cc-daf1-4900-87d4-f9ecd7174ff8,dd49d6cc-daf1-4900-87d4-f9ecd7174ff8,false,,,ok,mp4-family
GrokVault,full-vault-scan,/Users/philipbankier/Content/Grok IMagine/greymaker/GrokVault/2025-12-20_Auto/dd7efa5e-4b13-4c88-ade7-91494ba849b3.png,2025-12-20_Auto/dd7efa5e-4b13-4c88-ade7-91494ba849b3.png,217400,.png,image,1f9fd09611008ee97677becb9aced1def97fe882d66054aaa46c73277413002a,2025-12-20T20:58:23.211Z,2025-12-20T20:58:23.269Z,dd7efa5e-4b13-4c88-ade7-91494ba849b3,dd7efa5e-4b13-4c88-ade7-91494ba849b3,false,,,ok,jpeg
GrokVault,full-vault-scan,/Users/philipbankier/Content/Grok IMagine/greymaker/GrokVault/2025-12-20_Auto/dd825fc3-f78f-4eb7-b76f-9f6e3fa6883a.mp4,2025-12-20_Auto/dd825fc3-f78f-4eb7-b76f-9f6e3fa6883a.mp4,1928255,.mp4,video,a39b6dfea954f6843191be64a2285dae541ec3f84ecd9d80d16ebf243d9adc9a,2025-12-20T04:33:44.558Z,2025-12-20T04:33:44.560Z,dd825fc3-f78f-4eb7-b76f-9f6e3fa6883a,dd825fc3-f78f-4eb7-b76f-9f6e3fa6883a,false,,,ok,mp4-family
GrokVault,full-vault-scan,/Users/philipbankier/Content/Grok IMagine/greymaker/GrokVault/2025-12-20_Auto/de1663c9-e9e1-41e7-be4c-b1064c1b027e.png,2025-12-20_Auto/de1663c9-e9e1-41e7-be4c-b1064c1b027e.png,279821,.png,image,afca31e6e9fc48f3cdc1f9bf8c4372686d7fb96925d39fcd98dc95c8b21d1454,2025-12-20T21:47:04.380Z,2025-12-20T21:47:04.438Z,de1663c9-e9e1-41e7-be4c-b1064c1b027e,de1663c9-e9e1-41e7-be4c-b1064c1b027e,false,,,ok,jpeg
GrokVault,full-vault-scan,/Users/philipbankier/Content/Grok IMagine/greymaker/GrokVault/2025-12-20_Auto/de724a12-5d0a-4c3b-a00e-1b0c399503bf.mp4,2025-12-20_Auto/de724a12-5d0a-4c3b-a00e-1b0c399503bf.mp4,1716769,.mp4,video,6b09c030d8dc17cd40ad6ee72ff19f606cf9c40842b645194959fdb4473d1221,2025-12-20T04:59:22.305Z,2025-12-20T04:59:22.307Z,de724a12-5d0a-4c3b-a00e-1b0c399503bf,de724a12-5d0a-4c3b-a00e-1b0c399503bf,false,,hash-12,ok,mp4-family
GrokVault,full-vault-scan,/Users/philipbankier/Content/Grok IMagine/greymaker/GrokVault/2025-12-20_Auto/de7b50f1-69d5-4f99-a048-780b0be72a2f.png,2025-12-20_Auto/de7b50f1-69d5-4f99-a048-780b0be72a2f.png,266377,.png,image,cdf859173138c1973b2ca6fe6c53aa3ca6c4675aee2ee7f78a11ac6c9455e92a,2025-12-20T02:03:01.213Z,2025-12-20T02:03:01.540Z,de7b50f1-69d5-4f99-a048-780b0be72a2f,de7b50f1-69d5-4f99-a048-780b0be72a2f,false,filename-1,hash-1,ok,jpeg
GrokVault,full-vault-scan,/Users/philipbankier/Content/Grok IMagine/greymaker/GrokVault/2025-12-20_Auto/df3d29c4-efee-489b-aa17-bc34dd669350.mp4,2025-12-20_Auto/df3d29c4-efee-489b-aa17-bc34dd669350.mp4,1180562,.mp4,video,17650c45ff76d8a4bdb5ba8cf2552c1bc2bf8e4910b3f342cf0a7eef830c94e5,2025-12-20T23:05:47.314Z,2025-12-20T23:05:47.315Z,df3d29c4-efee-489b-aa17-bc34dd669350,df3d29c4-efee-489b-aa17-bc34dd669350,false,,,ok,mp4-family
GrokVault,full-vault-scan,/Users/philipbankier/Content/Grok IMagine/greymaker/GrokVault/2025-12-20_Auto/dfe76e07-0e16-448e-9847-6cc32cbf015b.png,2025-12-20_Auto/dfe76e07-0e16-448e-9847-6cc32cbf015b.png,248256,.png,image,3014cbce7c17c573fed68fd26025f4dede68e8c3be3946ca3d0329afea5d05c7,2025-12-20T21:34:07.006Z,2025-12-20T21:34:07.087Z,dfe76e07-0e16-448e-9847-6cc32cbf015b,dfe76e07-0e16-448e-9847-6cc32cbf015b,false,,,ok,jpeg
GrokVault,full-vault-scan,/Users/philipbankier/Content/Grok IMagine/greymaker/GrokVault/2025-12-20_Auto/e0265208-877f-4b32-adc5-6cd439d58129.mp4,2025-12-20_Auto/e0265208-877f-4b32-adc5-6cd439d58129.mp4,2005310,.mp4,video,8e5357b7ad1dd373826ab20b43ef4a6b739461d3fc7bffc948f97149c0f824b1,2025-12-20T21:39:37.899Z,2025-12-20T21:39:37.902Z,e0265208-877f-4b32-adc5-6cd439d58129,e0265208-877f-4b32-adc5-6cd439d58129,false,,,ok,mp4-family
GrokVault,full-vault-scan,/Users/philipbankier/Content/Grok IMagine/greymaker/GrokVault/2025-12-20_Auto/e0451b88-0096-4205-945c-902a9cd8a46c.png,2025-12-20_Auto/e0451b88-0096-4205-945c-902a9cd8a46c.png,248305,.png,image,ba5399f7658432fd6049b7b3e0f10fad71706a0bb6e972957d30c8ea3b34b67f,2025-12-20T21:25:30.054Z,2025-12-20T21:25:30.115Z,e0451b88-0096-4205-945c-902a9cd8a46c,e0451b88-0096-4205-945c-902a9cd8a46c,false,,,ok,jpeg
GrokVault,full-vault-scan,/Users/philipbankier/Content/Grok IMagine/greymaker/GrokVault/2025-12-20_Auto/e04cc3f3-e286-4860-b42c-9b5447af6128.png,2025-12-20_Auto/e04cc3f3-e286-4860-b42c-9b5447af6128.png,166305,.png,image,eb87e676579a166114cab9bd8bdcd7d1bdfd442889617329db935839d8dabc0e,2025-12-20T23:15:11.587Z,2025-12-20T23:15:11.652Z,e04cc3f3-e286-4860-b42c-9b5447af6128,e04cc3f3-e286-4860-b42c-9b5447af6128,false,,,ok,jpeg
GrokVault,full-vault-scan,/Users/philipbankier/Content/Grok IMagine/greymaker/GrokVault/2025-12-20_Auto/e053b511-e302-478f-8aa6-23e337b6ca44.png,2025-12-20_Auto/e053b511-e302-478f-8aa6-23e337b6ca44.png,231043,.png,image,26863a2cb3a7bb310e2281e9dccd39c3a975fb0a244273213e00bdf755bbc910,2025-12-20T21:22:07.402Z,2025-12-20T21:22:07.467Z,e053b511-e302-478f-8aa6-23e337b6ca44,e053b511-e302-478f-8aa6-23e337b6ca44,false,,,ok,jpeg
GrokVault,full-vault-scan,/Users/philipbankier/Content/Grok IMagine/greymaker/GrokVault/2025-12-20_Auto/e0eb32d1-d496-42f3-a47d-19a1f6b91ce5.mp4,2025-12-20_Auto/e0eb32d1-d496-42f3-a47d-19a1f6b91ce5.mp4,1611163,.mp4,video,dc134217967b8a29d4b713e90fe92ba42df20259559b5d5447ff40081aea7a15,2025-12-20T23:43:58.163Z,2025-12-20T23:43:58.165Z,e0eb32d1-d496-42f3-a47d-19a1f6b91ce5,e0eb32d1-d496-42f3-a47d-19a1f6b91ce5,false,,,ok,mp4-family
GrokVault,full-vault-scan,/Users/philipbankier/Content/Grok IMagine/greymaker/GrokVault/2025-12-20_Auto/e15657d5-62a4-46e7-b9f0-033f364f5465.mp4,2025-12-20_Auto/e15657d5-62a4-46e7-b9f0-033f364f5465.mp4,1247948,.mp4,video,71fb7745e73804e3d3a73c2506ee5fe16c467f6a3a2826168e23eb1fa3673105,2025-12-20T23:31:53.127Z,2025-12-20T23:31:53.129Z,e15657d5-62a4-46e7-b9f0-033f364f5465,e15657d5-62a4-46e7-b9f0-033f364f5465,false,,,ok,mp4-family
GrokVault,full-vault-scan,/Users/philipbankier/Content/Grok IMagine/greymaker/GrokVault/2025-12-20_Auto/e184d402-d210-4335-8ed1-e3c9907fab72.mp4,2025-12-20_Auto/e184d402-d210-4335-8ed1-e3c9907fab72.mp4,1078446,.mp4,video,69b12bd8595d5849c190fdcb67c1b6d472ca33d36cd0df8f3d7e0d09c088ec0e,2025-12-20T22:49:52.334Z,2025-12-20T22:49:52.336Z,e184d402-d210-4335-8ed1-e3c9907fab72,e184d402-d210-4335-8ed1-e3c9907fab72,false,,,ok,mp4-family
GrokVault,full-vault-scan,/Users/philipbankier/Content/Grok IMagine/greymaker/GrokVault/2025-12-20_Auto/e217afba-5509-47cb-a7f1-81e4c1feb9d8.mp4,2025-12-20_Auto/e217afba-5509-47cb-a7f1-81e4c1feb9d8.mp4,2629035,.mp4,video,a7d3b5d1f0dfa64bbfd4a9da2f03b0abcd65d733eaeeee209084a1008e818ee3,2025-12-20T04:58:38.358Z,2025-12-20T04:58:38.361Z,e217afba-5509-47cb-a7f1-81e4c1feb9d8,e217afba-5509-47cb-a7f1-81e4c1feb9d8,false,,,ok,mp4-family
GrokVault,full-vault-scan,/Users/philipbankier/Content/Grok IMagine/greymaker/GrokVault/2025-12-20_Auto/e2493b1a-eb46-4e8a-9437-04b1e6a5c2eb.mp4,2025-12-20_Auto/e2493b1a-eb46-4e8a-9437-04b1e6a5c2eb.mp4,2118463,.mp4,video,84c205025380b995ae349ffb7be5b8b80de15a9f1ee2fb5254cb097feb4813c0,2025-12-20T05:02:02.938Z,2025-12-20T05:02:02.940Z,e2493b1a-eb46-4e8a-9437-04b1e6a5c2eb,e2493b1a-eb46-4e8a-9437-04b1e6a5c2eb,false,,,ok,mp4-family
GrokVault,full-vault-scan,/Users/philipbankier/Content/Grok IMagine/greymaker/GrokVault/2025-12-20_Auto/e2a776e7-b93a-4a96-aad4-7934f42d0c0f.png,2025-12-20_Auto/e2a776e7-b93a-4a96-aad4-7934f42d0c0f.png,202780,.png,image,4c7175a4f8314c3cf542c37d70d6d8e288e488ead69ace9eb2ef589e3fcf9cb3,2025-12-20T05:16:21.760Z,2025-12-20T05:16:21.761Z,e2a776e7-b93a-4a96-aad4-7934f42d0c0f,e2a776e7-b93a-4a96-aad4-7934f42d0c0f,false,,,ok,jpeg
GrokVault,full-vault-scan,/Users/philipbankier/Content/Grok IMagine/greymaker/GrokVault/2025-12-20_Auto/e2cec285-a738-4029-a17c-d552d1e34df9.png,2025-12-20_Auto/e2cec285-a738-4029-a17c-d552d1e34df9.png,220153,.png,image,bb57b2caed9a8b5953ab6a48ae399cd8216bd72f8edd138807fe496d4a7ab19f,2025-12-20T21:45:09.275Z,2025-12-20T21:45:09.333Z,e2cec285-a738-4029-a17c-d552d1e34df9,e2cec285-a738-4029-a17c-d552d1e34df9,false,,,ok,jpeg
GrokVault,full-vault-scan,/Users/philipbankier/Content/Grok IMagine/greymaker/GrokVault/2025-12-20_Auto/e2e863eb-4004-48b1-aeae-d12e5495e718.mp4,2025-12-20_Auto/e2e863eb-4004-48b1-aeae-d12e5495e718.mp4,2285448,.mp4,video,d89e3d226bf6616c46eb343602dc5675f5ecef3626b2f6c17bf8c26d139642de,2025-12-20T00:19:22.615Z,2025-12-20T00:19:22.618Z,e2e863eb-4004-48b1-aeae-d12e5495e718,e2e863eb-4004-48b1-aeae-d12e5495e718,false,,,ok,mp4-family
GrokVault,full-vault-scan,/Users/philipbankier/Content/Grok IMagine/greymaker/GrokVault/2025-12-20_Auto/e36e5ec0-88c7-4b01-9899-43d48c607aac.png,2025-12-20_Auto/e36e5ec0-88c7-4b01-9899-43d48c607aac.png,209423,.png,image,9c786e72b3b9480850a27dc66f24af04299b57c8737e17a4ed1348b488c8fbc0,2025-12-20T21:17:35.982Z,2025-12-20T21:17:36.037Z,e36e5ec0-88c7-4b01-9899-43d48c607aac,e36e5ec0-88c7-4b01-9899-43d48c607aac,false,,,ok,jpeg
GrokVault,full-vault-scan,/Users/philipbankier/Content/Grok IMagine/greymaker/GrokVault/2025-12-20_Auto/e38574e9-ca1f-42f3-b9a5-2d543170ec6f.png,2025-12-20_Auto/e38574e9-ca1f-42f3-b9a5-2d543170ec6f.png,173419,.png,image,4cb4f4ae61f09df341b9da48f4b6d2bcc8a598ed59c0d5cb1d27d45f687e4f58,2025-12-20T05:08:04.410Z,2025-12-20T05:08:04.411Z,e38574e9-ca1f-42f3-b9a5-2d543170ec6f,e38574e9-ca1f-42f3-b9a5-2d543170ec6f,false,,,ok,jpeg
GrokVault,full-vault-scan,/Users/philipbankier/Content/Grok IMagine/greymaker/GrokVault/2025-12-20_Auto/e38f159c-1730-4cdc-b5a6-ff9ebe676a62.mp4,2025-12-20_Auto/e38f159c-1730-4cdc-b5a6-ff9ebe676a62.mp4,2039454,.mp4,video,6f97abf2118f9a9032086b22e31eb2f859332bb500789a34e41ff613d362250a,2025-12-20T22:54:24.279Z,2025-12-20T22:54:24.281Z,e38f159c-1730-4cdc-b5a6-ff9ebe676a62,e38f159c-1730-4cdc-b5a6-ff9ebe676a62,false,,,ok,mp4-family
GrokVault,full-vault-scan,/Users/philipbankier/Content/Grok IMagine/greymaker/GrokVault/2025-12-20_Auto/e3a57733-4b10-4486-a50e-b614167dd157.png,2025-12-20_Auto/e3a57733-4b10-4486-a50e-b614167dd157.png,245803,.png,image,c45ea287a0a9563b73e2e57b08e958ce2dc5b1c525a11f8bada216887d822754,2025-12-20T23:30:13.697Z,2025-12-20T23:30:13.763Z,e3a57733-4b10-4486-a50e-b614167dd157,e3a57733-4b10-4486-a50e-b614167dd157,false,,,ok,jpeg
GrokVault,full-vault-scan,/Users/philipbankier/Content/Grok IMagine/greymaker/GrokVault/2025-12-20_Auto/e3e0f38f-a5bd-450e-b392-2206f5e440ab_hd.mp4,2025-12-20_Auto/e3e0f38f-a5bd-450e-b392-2206f5e440ab_hd.mp4,5244613,.mp4,video,3b599690e36cc610b3706623ce28f728ecb66301816fea0e86000f4151efc753,2025-12-20T05:39:51.443Z,2025-12-20T05:39:51.525Z,e3e0f38f-a5bd-450e-b392-2206f5e440ab,e3e0f38f-a5bd-450e-b392-2206f5e440ab,false,,,ok,mp4-family
GrokVault,full-vault-scan,/Users/philipbankier/Content/Grok IMagine/greymaker/GrokVault/2025-12-20_Auto/e435cc6f-33be-4d12-aed1-9d5cf7d173dc.png,2025-12-20_Auto/e435cc6f-33be-4d12-aed1-9d5cf7d173dc.png,251130,.png,image,c33ddf0c7933a94334dede959ae0cb3fbbfa78e252f7c34096e63c90633d898c,2025-12-20T21:15:54.377Z,2025-12-20T21:15:54.434Z,e435cc6f-33be-4d12-aed1-9d5cf7d173dc,e435cc6f-33be-4d12-aed1-9d5cf7d173dc,false,,,ok,jpeg
GrokVault,full-vault-scan,/Users/philipbankier/Content/Grok IMagine/greymaker/GrokVault/2025-12-20_Auto/e4bcb325-e834-404a-b035-f01eb30478a0.png,2025-12-20_Auto/e4bcb325-e834-404a-b035-f01eb30478a0.png,242162,.png,image,2aaafeca4cf1d8e8808e36cb105be757f882448f574900ef87035be6c8400536,2025-12-20T05:32:14.366Z,2025-12-20T05:32:14.367Z,e4bcb325-e834-404a-b035-f01eb30478a0,e4bcb325-e834-404a-b035-f01eb30478a0,false,,,ok,jpeg
GrokVault,full-vault-scan,/Users/philipbankier/Content/Grok IMagine/greymaker/GrokVault/2025-12-20_Auto/e4bfc717-ff25-4e0d-9d9b-7abc588d4b01.mp4,2025-12-20_Auto/e4bfc717-ff25-4e0d-9d9b-7abc588d4b01.mp4,2654660,.mp4,video,53e47cdbc9dcb07fc1fcdb33605e409d567139d3ed35c62d99329d7751a8ec40,2025-12-20T04:00:05.111Z,2025-12-20T04:00:05.114Z,e4bfc717-ff25-4e0d-9d9b-7abc588d4b01,e4bfc717-ff25-4e0d-9d9b-7abc588d4b01,false,,,ok,mp4-family
GrokVault,full-vault-scan,/Users/philipbankier/Content/Grok IMagine/greymaker/GrokVault/2025-12-20_Auto/e4d8fe34-ac0f-4485-9c56-716f218acdc1_hd.mp4,2025-12-20_Auto/e4d8fe34-ac0f-4485-9c56-716f218acdc1_hd.mp4,4860958,.mp4,video,65c31367598c166f60fd0ca0dacd0f9376fc3d0cc52a8815be73590190ee5179,2025-12-20T05:38:53.387Z,2025-12-20T05:38:53.440Z,e4d8fe34-ac0f-4485-9c56-716f218acdc1,e4d8fe34-ac0f-4485-9c56-716f218acdc1,false,,,ok,mp4-family
GrokVault,full-vault-scan,/Users/philipbankier/Content/Grok IMagine/greymaker/GrokVault/2025-12-20_Auto/e50364f1-8849-414e-bc4f-fa7be633c93d.png,2025-12-20_Auto/e50364f1-8849-414e-bc4f-fa7be633c93d.png,225823,.png,image,695cfd8086ef134339df765795febd67e8ed52b45a25e38f4fc3291866dba80d,2025-12-20T05:18:38.190Z,2025-12-20T05:18:38.194Z,e50364f1-8849-414e-bc4f-fa7be633c93d,e50364f1-8849-414e-bc4f-fa7be633c93d,false,,,ok,jpeg
GrokVault,full-vault-scan,/Users/philipbankier/Content/Grok IMagine/greymaker/GrokVault/2025-12-20_Auto/e51aee90-50ff-4d85-bc0f-64153a1caa87.mp4,2025-12-20_Auto/e51aee90-50ff-4d85-bc0f-64153a1caa87.mp4,1365722,.mp4,video,27acffce7bf6863e14ddee1b11621fa8d0d0706fd7d7c524f7c9d8ad42de882b,2025-12-20T22:57:00.044Z,2025-12-20T22:57:00.046Z,e51aee90-50ff-4d85-bc0f-64153a1caa87,e51aee90-50ff-4d85-bc0f-64153a1caa87,false,,,ok,mp4-family
GrokVault,full-vault-scan,/Users/philipbankier/Content/Grok IMagine/greymaker/GrokVault/2025-12-20_Auto/e55c39c2-6176-42ae-81c0-babada34653b.mp4,2025-12-20_Auto/e55c39c2-6176-42ae-81c0-babada34653b.mp4,1985572,.mp4,video,95ce3e25c56e4cfe503a1259bd2cd9849956437655255224413bbe4a6ee35bbf,2025-12-20T21:04:19.415Z,2025-12-20T21:04:19.417Z,e55c39c2-6176-42ae-81c0-babada34653b,e55c39c2-6176-42ae-81c0-babada34653b,false,,,ok,mp4-family
GrokVault,full-vault-scan,/Users/philipbankier/Content/Grok IMagine/greymaker/GrokVault/2025-12-20_Auto/e6c1562a-b80e-403e-b9d4-d2e71a87f59e.mp4,2025-12-20_Auto/e6c1562a-b80e-403e-b9d4-d2e71a87f59e.mp4,2482101,.mp4,video,cebb3fef111a2742eb80458609d66b7447923f9cecb7be1fbbbf51020adf2bf2,2025-12-20T22:21:38.717Z,2025-12-20T22:21:38.719Z,e6c1562a-b80e-403e-b9d4-d2e71a87f59e,e6c1562a-b80e-403e-b9d4-d2e71a87f59e,false,,,ok,mp4-family
GrokVault,full-vault-scan,/Users/philipbankier/Content/Grok IMagine/greymaker/GrokVault/2025-12-20_Auto/e6efc397-fbe4-4b6d-bff4-a7e3f02bd430.png,2025-12-20_Auto/e6efc397-fbe4-4b6d-bff4-a7e3f02bd430.png,360510,.png,image,4fff29aabcfe7c94f0d41b9f638d6a0f99cd495dc33b75b9dc3dee6a279ee4a2,2025-12-20T00:02:46.963Z,2025-12-20T00:02:46.988Z,e6efc397-fbe4-4b6d-bff4-a7e3f02bd430,e6efc397-fbe4-4b6d-bff4-a7e3f02bd430,false,,,ok,jpeg
GrokVault,full-vault-scan,/Users/philipbankier/Content/Grok IMagine/greymaker/GrokVault/2025-12-20_Auto/e7160031-419d-49a7-a6b4-ef728efad6ca.png,2025-12-20_Auto/e7160031-419d-49a7-a6b4-ef728efad6ca.png,307541,.png,image,c8f8ab53e60bcf15543815fb75249ef3b036aba7b7b82740c0ae16137b286247,2025-12-20T00:07:39.586Z,2025-12-20T00:07:39.587Z,e7160031-419d-49a7-a6b4-ef728efad6ca,e7160031-419d-49a7-a6b4-ef728efad6ca,false,,,ok,jpeg
GrokVault,full-vault-scan,/Users/philipbankier/Content/Grok IMagine/greymaker/GrokVault/2025-12-20_Auto/e77079bd-fc35-404d-8750-b90fbd58bb5f.png,2025-12-20_Auto/e77079bd-fc35-404d-8750-b90fbd58bb5f.png,217029,.png,image,e58ca457060c2f088c7c31408b45b222043f628684b0d40e9cee9bb86f502abd,2025-12-20T21:26:26.572Z,2025-12-20T21:26:26.631Z,e77079bd-fc35-404d-8750-b90fbd58bb5f,e77079bd-fc35-404d-8750-b90fbd58bb5f,false,,,ok,jpeg
GrokVault,full-vault-scan,/Users/philipbankier/Content/Grok IMagine/greymaker/GrokVault/2025-12-20_Auto/e7bf5ea0-d502-4f14-a6ab-92aa584edc4d.png,2025-12-20_Auto/e7bf5ea0-d502-4f14-a6ab-92aa584edc4d.png,280404,.png,image,5801cc636d4f80070fb35220183fb66250a3e1f5f9cb39c1e8d31be183129c25,2025-12-20T23:17:37.592Z,2025-12-20T23:17:37.660Z,e7bf5ea0-d502-4f14-a6ab-92aa584edc4d,e7bf5ea0-d502-4f14-a6ab-92aa584edc4d,false,,,ok,jpeg
GrokVault,full-vault-scan,/Users/philipbankier/Content/Grok IMagine/greymaker/GrokVault/2025-12-20_Auto/e7d3a3c1-5d25-4725-bfbe-bf79bfca96f7.png,2025-12-20_Auto/e7d3a3c1-5d25-4725-bfbe-bf79bfca96f7.png,288420,.png,image,ca394c892655f8d773e8c1efe7986d2012a47a9f026e88aecc5a383d2ed0fa0f,2025-12-20T23:21:28.665Z,2025-12-20T23:21:28.744Z,e7d3a3c1-5d25-4725-bfbe-bf79bfca96f7,e7d3a3c1-5d25-4725-bfbe-bf79bfca96f7,false,,,ok,jpeg
GrokVault,full-vault-scan,/Users/philipbankier/Content/Grok IMagine/greymaker/GrokVault/2025-12-20_Auto/e883ca0c-dd73-40be-9b6d-b933df916cf5_hd.mp4,2025-12-20_Auto/e883ca0c-dd73-40be-9b6d-b933df916cf5_hd.mp4,2104825,.mp4,video,f69ecf4cfe44e17941d2ec6e6f103d9b44d21a2e9588448c2a691fec2143049f,2025-12-20T05:38:24.439Z,2025-12-20T05:38:24.463Z,e883ca0c-dd73-40be-9b6d-b933df916cf5,e883ca0c-dd73-40be-9b6d-b933df916cf5,false,,,ok,mp4-family
GrokVault,full-vault-scan,/Users/philipbankier/Content/Grok IMagine/greymaker/GrokVault/2025-12-20_Auto/e9142604-6e88-445d-a567-9de56d6db640.png,2025-12-20_Auto/e9142604-6e88-445d-a567-9de56d6db640.png,231396,.png,image,166c46bfdb6d0ca850b9b4e5b130a82a1c85cc39b7df78f716640859be52b38a,2025-12-20T23:24:07.970Z,2025-12-20T23:24:08.031Z,e9142604-6e88-445d-a567-9de56d6db640,e9142604-6e88-445d-a567-9de56d6db640,false,,,ok,jpeg
GrokVault,full-vault-scan,/Users/philipbankier/Content/Grok IMagine/greymaker/GrokVault/2025-12-20_Auto/e922db12-bfac-467c-a86b-8ebb4d18afb3.png,2025-12-20_Auto/e922db12-bfac-467c-a86b-8ebb4d18afb3.png,407108,.png,image,746f0d72e2988063b5d1745a913e904c1707fc6aa3f7934a7f353c086b0e9815,2025-12-20T03:28:27.580Z,2025-12-20T03:28:27.584Z,e922db12-bfac-467c-a86b-8ebb4d18afb3,e922db12-bfac-467c-a86b-8ebb4d18afb3,false,,,ok,jpeg
GrokVault,full-vault-scan,/Users/philipbankier/Content/Grok IMagine/greymaker/GrokVault/2025-12-20_Auto/e94702fa-b86e-4119-957d-df1d0207615a.mp4,2025-12-20_Auto/e94702fa-b86e-4119-957d-df1d0207615a.mp4,1623134,.mp4,video,9e2417f8520591f1b6c63818098b14f67e259b6962e20c47aa55a714d250c9b1,2025-12-20T23:39:00.474Z,2025-12-20T23:39:00.476Z,e94702fa-b86e-4119-957d-df1d0207615a,e94702fa-b86e-4119-957d-df1d0207615a,false,,,ok,mp4-family
GrokVault,full-vault-scan,/Users/philipbankier/Content/Grok IMagine/greymaker/GrokVault/2025-12-20_Auto/e9618003-f29a-4f6d-8af7-a928a4b83847.mp4,2025-12-20_Auto/e9618003-f29a-4f6d-8af7-a928a4b83847.mp4,1630705,.mp4,video,5d26f9702385b01ed59a7c226f845dbcc586f28d0dae336845ba2d309bd2d8bb,2025-12-20T22:55:35.574Z,2025-12-20T22:55:35.576Z,e9618003-f29a-4f6d-8af7-a928a4b83847,e9618003-f29a-4f6d-8af7-a928a4b83847,false,,,ok,mp4-family
GrokVault,full-vault-scan,/Users/philipbankier/Content/Grok IMagine/greymaker/GrokVault/2025-12-20_Auto/e994bc56-9087-486e-b0f5-3cf4f8e62b6f.png,2025-12-20_Auto/e994bc56-9087-486e-b0f5-3cf4f8e62b6f.png,233880,.png,image,60593a120de80b2e2f377db1234f850301ab316fbea3e145bdffba9dab96e073,2025-12-20T23:18:34.225Z,2025-12-20T23:18:34.284Z,e994bc56-9087-486e-b0f5-3cf4f8e62b6f,e994bc56-9087-486e-b0f5-3cf4f8e62b6f,false,,,ok,jpeg
GrokVault,full-vault-scan,/Users/philipbankier/Content/Grok IMagine/greymaker/GrokVault/2025-12-20_Auto/e9980f40-57e0-44c1-b541-9deff8e665b4.png,2025-12-20_Auto/e9980f40-57e0-44c1-b541-9deff8e665b4.png,262712,.png,image,39ef7d0711958d4f227d89bafb5e9d9aa7eebf381bf4b136dc9a974f3961da8f,2025-12-20T21:32:26.372Z,2025-12-20T21:32:26.437Z,e9980f40-57e0-44c1-b541-9deff8e665b4,e9980f40-57e0-44c1-b541-9deff8e665b4,false,,,ok,jpeg
GrokVault,full-vault-scan,/Users/philipbankier/Content/Grok IMagine/greymaker/GrokVault/2025-12-20_Auto/e9b5b250-53a9-48f7-8751-931e497f69d6.png,2025-12-20_Auto/e9b5b250-53a9-48f7-8751-931e497f69d6.png,278191,.png,image,5e4cfdbb130d5a0cb4fa407fadc317ca2b40dc9ef884a337c71b692e5193b17b,2025-12-20T23:21:42.944Z,2025-12-20T23:21:43.016Z,e9b5b250-53a9-48f7-8751-931e497f69d6,e9b5b250-53a9-48f7-8751-931e497f69d6,false,,,ok,jpeg
GrokVault,full-vault-scan,/Users/philipbankier/Content/Grok IMagine/greymaker/GrokVault/2025-12-20_Auto/e9c4a05d-e50a-4527-908b-1ba38b8a9fb5.mp4,2025-12-20_Auto/e9c4a05d-e50a-4527-908b-1ba38b8a9fb5.mp4,1884507,.mp4,video,d277a8f0e36d821359adccd9d6c8b4eb6b93f029d72a8e48c75b85554cc1adf7,2025-12-20T23:57:04.605Z,2025-12-20T23:57:04.607Z,e9c4a05d-e50a-4527-908b-1ba38b8a9fb5,e9c4a05d-e50a-4527-908b-1ba38b8a9fb5,false,,,ok,mp4-family
GrokVault,full-vault-scan,/Users/philipbankier/Content/Grok IMagine/greymaker/GrokVault/2025-12-20_Auto/e9fccd61-3db4-43a6-9593-a7870813b2f0.png,2025-12-20_Auto/e9fccd61-3db4-43a6-9593-a7870813b2f0.png,319567,.png,image,7572378065d49a8014faa7c60b51bdcc75818e400362ad45d57d11639030e83b,2025-12-20T22:37:52.027Z,2025-12-20T22:37:52.096Z,e9fccd61-3db4-43a6-9593-a7870813b2f0,e9fccd61-3db4-43a6-9593-a7870813b2f0,false,,,ok,jpeg
GrokVault,full-vault-scan,/Users/philipbankier/Content/Grok IMagine/greymaker/GrokVault/2025-12-20_Auto/ea7cdc2a-25ac-4784-98a9-214933479e37.mp4,2025-12-20_Auto/ea7cdc2a-25ac-4784-98a9-214933479e37.mp4,1261185,.mp4,video,8d61ea68783fb23ce18b4e45b87d44e932500378955654f86d1134fd6f20bed7,2025-12-20T22:52:00.922Z,2025-12-20T22:52:00.924Z,ea7cdc2a-25ac-4784-98a9-214933479e37,ea7cdc2a-25ac-4784-98a9-214933479e37,false,,,ok,mp4-family
GrokVault,full-vault-scan,/Users/philipbankier/Content/Grok IMagine/greymaker/GrokVault/2025-12-20_Auto/ea86e73e-a4cf-4660-bd33-8c9f417452b0.mp4,2025-12-20_Auto/ea86e73e-a4cf-4660-bd33-8c9f417452b0.mp4,1772425,.mp4,video,1e1f564f3e28ac82f6dbde48bd76f51f9a4bdd11185ab6e887832f9768e61643,2025-12-20T04:43:09.858Z,2025-12-20T04:43:09.861Z,ea86e73e-a4cf-4660-bd33-8c9f417452b0,ea86e73e-a4cf-4660-bd33-8c9f417452b0,false,,,ok,mp4-family
GrokVault,full-vault-scan,/Users/philipbankier/Content/Grok IMagine/greymaker/GrokVault/2025-12-20_Auto/ea993e69-25a9-4910-a96c-bc7c35d1f201.png,2025-12-20_Auto/ea993e69-25a9-4910-a96c-bc7c35d1f201.png,341135,.png,image,6487a1fcfc9c13516670167d87e8f299749f22cab51306441d35847019220e23,2025-12-20T22:02:25.008Z,2025-12-20T22:02:25.077Z,ea993e69-25a9-4910-a96c-bc7c35d1f201,ea993e69-25a9-4910-a96c-bc7c35d1f201,false,,,ok,jpeg
GrokVault,full-vault-scan,/Users/philipbankier/Content/Grok IMagine/greymaker/GrokVault/2025-12-20_Auto/eacbfff2-5316-4ada-8e19-9f54efe500e7.png,2025-12-20_Auto/eacbfff2-5316-4ada-8e19-9f54efe500e7.png,212860,.png,image,679189d1f98a06f53649d4e4da5c569ab4f46457a298fbf769095e08e4c2bd32,2025-12-20T23:25:21.730Z,2025-12-20T23:25:21.788Z,eacbfff2-5316-4ada-8e19-9f54efe500e7,eacbfff2-5316-4ada-8e19-9f54efe500e7,false,,,ok,jpeg
GrokVault,full-vault-scan,/Users/philipbankier/Content/Grok IMagine/greymaker/GrokVault/2025-12-20_Auto/eafb2923-4fda-4edf-92e5-daafb7b12d16.mp4,2025-12-20_Auto/eafb2923-4fda-4edf-92e5-daafb7b12d16.mp4,1286317,.mp4,video,83ac20686bab1047b653774fa127b0d97db168db3510ae6cbc404850349e32db,2025-12-20T22:10:36.278Z,2025-12-20T22:10:36.280Z,eafb2923-4fda-4edf-92e5-daafb7b12d16,eafb2923-4fda-4edf-92e5-daafb7b12d16,false,,,ok,mp4-family
GrokVault,full-vault-scan,/Users/philipbankier/Content/Grok IMagine/greymaker/GrokVault/2025-12-20_Auto/eb60a04b-7b76-47a4-94bf-7bf281f13db4.png,2025-12-20_Auto/eb60a04b-7b76-47a4-94bf-7bf281f13db4.png,177665,.png,image,763ab64ae1ebc372b0f1fbf7c7f2c59eb8523a271eacd074d74b90960946600f,2025-12-20T22:24:30.449Z,2025-12-20T22:24:30.511Z,eb60a04b-7b76-47a4-94bf-7bf281f13db4,eb60a04b-7b76-47a4-94bf-7bf281f13db4,false,,,ok,jpeg
GrokVault,full-vault-scan,/Users/philipbankier/Content/Grok IMagine/greymaker/GrokVault/2025-12-20_Auto/ebb1f79a-8473-4b37-805b-56cdb93a0943.mp4,2025-12-20_Auto/ebb1f79a-8473-4b37-805b-56cdb93a0943.mp4,2095251,.mp4,video,92da1df445f7c8899e45ce99a4d0f016e1c80db25e2e6bdcc5237a0f3ea2e881,2025-12-20T23:33:04.412Z,2025-12-20T23:33:04.413Z,ebb1f79a-8473-4b37-805b-56cdb93a0943,ebb1f79a-8473-4b37-805b-56cdb93a0943,false,,,ok,mp4-family
GrokVault,full-vault-scan,/Users/philipbankier/Content/Grok IMagine/greymaker/GrokVault/2025-12-20_Auto/ebd7ca75-a400-4043-a698-f91aa1494a1c.png,2025-12-20_Auto/ebd7ca75-a400-4043-a698-f91aa1494a1c.png,328701,.png,image,431145d72bfddb3cab08315dc836e9fabf87a5312a140fab064a88f84ad4a48b,2025-12-20T00:14:04.513Z,2025-12-20T00:14:04.520Z,ebd7ca75-a400-4043-a698-f91aa1494a1c,ebd7ca75-a400-4043-a698-f91aa1494a1c,false,,,ok,jpeg
GrokVault,full-vault-scan,/Users/philipbankier/Content/Grok IMagine/greymaker/GrokVault/2025-12-20_Auto/ebda5175-9988-476f-8215-194f3f822336.png,2025-12-20_Auto/ebda5175-9988-476f-8215-194f3f822336.png,218185,.png,image,20130b3b1740fa686c7e1961d34901d0debca42e9964d4757bbc89025589a0a7,2025-12-20T21:28:20.811Z,2025-12-20T21:28:20.869Z,ebda5175-9988-476f-8215-194f3f822336,ebda5175-9988-476f-8215-194f3f822336,false,,,ok,jpeg
GrokVault,full-vault-scan,/Users/philipbankier/Content/Grok IMagine/greymaker/GrokVault/2025-12-20_Auto/ec448ca1-89aa-4648-a844-6e8663dbc72f.mp4,2025-12-20_Auto/ec448ca1-89aa-4648-a844-6e8663dbc72f.mp4,2321944,.mp4,video,d222520b39d6d689b1e35dcb2826407f2eb25679f515561140df77d8f4b0ada2,2025-12-20T22:04:34.236Z,2025-12-20T22:04:34.238Z,ec448ca1-89aa-4648-a844-6e8663dbc72f,ec448ca1-89aa-4648-a844-6e8663dbc72f,false,,,ok,mp4-family
GrokVault,full-vault-scan,/Users/philipbankier/Content/Grok IMagine/greymaker/GrokVault/2025-12-20_Auto/ec539ddf-8484-43fb-b497-d473b2c4b841.png,2025-12-20_Auto/ec539ddf-8484-43fb-b497-d473b2c4b841.png,193711,.png,image,16bdab933db3c30a7eb393641ab7d12d475ac5b7f5480f7a39caa26748568664,2025-12-20T22:13:58.196Z,2025-12-20T22:13:58.430Z,ec539ddf-8484-43fb-b497-d473b2c4b841,ec539ddf-8484-43fb-b497-d473b2c4b841,false,,,ok,jpeg
GrokVault,full-vault-scan,/Users/philipbankier/Content/Grok IMagine/greymaker/GrokVault/2025-12-20_Auto/ec742ba2-f890-4033-8d54-f54209ab2691.png,2025-12-20_Auto/ec742ba2-f890-4033-8d54-f54209ab2691.png,186594,.png,image,3a43725d1ee507151a68f37fadc6e521cf5242a983531f5c8c88b82533684746,2025-12-20T21:57:21.468Z,2025-12-20T21:57:21.526Z,ec742ba2-f890-4033-8d54-f54209ab2691,ec742ba2-f890-4033-8d54-f54209ab2691,false,,,ok,jpeg
GrokVault,full-vault-scan,/Users/philipbankier/Content/Grok IMagine/greymaker/GrokVault/2025-12-20_Auto/ec746424-ac5b-4572-adae-5b1be3310869_hd.mp4,2025-12-20_Auto/ec746424-ac5b-4572-adae-5b1be3310869_hd.mp4,5177698,.mp4,video,ce5e1537e96058a2bd640db70479233151fd49ffecba20a4397b265389017971,2025-12-20T05:34:08.337Z,2025-12-20T05:34:08.343Z,ec746424-ac5b-4572-adae-5b1be3310869,ec746424-ac5b-4572-adae-5b1be3310869,false,,,ok,mp4-family
GrokVault,full-vault-scan,/Users/philipbankier/Content/Grok IMagine/greymaker/GrokVault/2025-12-20_Auto/ec90d2a6-d42a-4a17-ab33-8a1b897cdabf.png,2025-12-20_Auto/ec90d2a6-d42a-4a17-ab33-8a1b897cdabf.png,246808,.png,image,de3c9a69cda6075ce385900ea2df300eba66e98b2be236de6bd6b08515a5a186,2025-12-20T21:17:06.525Z,2025-12-20T21:17:06.589Z,ec90d2a6-d42a-4a17-ab33-8a1b897cdabf,ec90d2a6-d42a-4a17-ab33-8a1b897cdabf,false,,,ok,jpeg
GrokVault,full-vault-scan,/Users/philipbankier/Content/Grok IMagine/greymaker/GrokVault/2025-12-20_Auto/ed343a39-4376-4df0-90e7-e3d4f24e7876.mp4,2025-12-20_Auto/ed343a39-4376-4df0-90e7-e3d4f24e7876.mp4,2496131,.mp4,video,70d985801117f62a05ea65aeb1ba52733697aac545be57a05e4631b8ae732e4d,2025-12-20T04:32:12.218Z,2025-12-20T04:32:12.220Z,ed343a39-4376-4df0-90e7-e3d4f24e7876,ed343a39-4376-4df0-90e7-e3d4f24e7876,false,,,ok,mp4-family
GrokVault,full-vault-scan,/Users/philipbankier/Content/Grok IMagine/greymaker/GrokVault/2025-12-20_Auto/ed517d55-8068-4ae1-b03c-87111706d80d.mp4,2025-12-20_Auto/ed517d55-8068-4ae1-b03c-87111706d80d.mp4,1575836,.mp4,video,9a8395e7628a043793bd5eff830512d034ef52bbd5c6eba30c982dada8749bce,2025-12-20T23:00:35.057Z,2025-12-20T23:00:35.059Z,ed517d55-8068-4ae1-b03c-87111706d80d,ed517d55-8068-4ae1-b03c-87111706d80d,false,,,ok,mp4-family
GrokVault,full-vault-scan,/Users/philipbankier/Content/Grok IMagine/greymaker/GrokVault/2025-12-20_Auto/ed749f58-e9bf-408e-b486-5814fe9af541.png,2025-12-20_Auto/ed749f58-e9bf-408e-b486-5814fe9af541.png,243135,.png,image,622105e7584559fde5684fe14350e98eb44d342ff495c54abcc0b752845cf0b0,2025-12-20T23:19:03.159Z,2025-12-20T23:19:03.230Z,ed749f58-e9bf-408e-b486-5814fe9af541,ed749f58-e9bf-408e-b486-5814fe9af541,false,,,ok,jpeg
GrokVault,full-vault-scan,/Users/philipbankier/Content/Grok IMagine/greymaker/GrokVault/2025-12-20_Auto/ed8d49b2-7134-487a-83ff-096a8ad99a5b.mp4,2025-12-20_Auto/ed8d49b2-7134-487a-83ff-096a8ad99a5b.mp4,1413916,.mp4,video,5aae7b8bc34e455f249e57444f58e7c61c1b6f1a827598354325c84013cbb951,2025-12-20T23:51:19.092Z,2025-12-20T23:51:19.093Z,ed8d49b2-7134-487a-83ff-096a8ad99a5b,ed8d49b2-7134-487a-83ff-096a8ad99a5b,false,,,ok,mp4-family
GrokVault,full-vault-scan,/Users/philipbankier/Content/Grok IMagine/greymaker/GrokVault/2025-12-20_Auto/edc54fcb-1e0f-4951-88a9-1ce792d42d38.png,2025-12-20_Auto/edc54fcb-1e0f-4951-88a9-1ce792d42d38.png,184523,.png,image,7958159613fb59e0eecda17a82f6bd1233da7b0160a2ad0f07371077666038ae,2025-12-20T21:59:31.033Z,2025-12-20T21:59:31.096Z,edc54fcb-1e0f-4951-88a9-1ce792d42d38,edc54fcb-1e0f-4951-88a9-1ce792d42d38,false,,,ok,jpeg
GrokVault,full-vault-scan,/Users/philipbankier/Content/Grok IMagine/greymaker/GrokVault/2025-12-20_Auto/edeb63cc-04d1-4602-bc7d-b4b2475b6884.png,2025-12-20_Auto/edeb63cc-04d1-4602-bc7d-b4b2475b6884.png,387204,.png,image,c3d591599c5d8b3caf5b98f4f5dbbaf3b8bea70471d25b898fd7ba820aa266be,2025-12-20T23:10:35.436Z,2025-12-20T23:10:35.501Z,edeb63cc-04d1-4602-bc7d-b4b2475b6884,edeb63cc-04d1-4602-bc7d-b4b2475b6884,false,,,ok,jpeg
GrokVault,full-vault-scan,/Users/philipbankier/Content/Grok IMagine/greymaker/GrokVault/2025-12-20_Auto/ee26129c-c743-48ff-a9ff-ab63408c92ee.png,2025-12-20_Auto/ee26129c-c743-48ff-a9ff-ab63408c92ee.png,222937,.png,image,3d7d04f066b2aeece93dec6e3a29e88c503ab969a8e4aa8b45124d6879a09230,2025-12-20T05:17:07.893Z,2025-12-20T05:17:07.895Z,ee26129c-c743-48ff-a9ff-ab63408c92ee,ee26129c-c743-48ff-a9ff-ab63408c92ee,false,,,ok,jpeg
GrokVault,full-vault-scan,/Users/philipbankier/Content/Grok IMagine/greymaker/GrokVault/2025-12-20_Auto/ef3939a1-a4df-497b-8c18-2b58b62548e0.png,2025-12-20_Auto/ef3939a1-a4df-497b-8c18-2b58b62548e0.png,194229,.png,image,d7a909ddc6f96e2d5a8202d3dbe5374e20553b0c8b613c15455dd0fdd46e97ac,2025-12-20T22:24:44.303Z,2025-12-20T22:24:44.362Z,ef3939a1-a4df-497b-8c18-2b58b62548e0,ef3939a1-a4df-497b-8c18-2b58b62548e0,false,,,ok,jpeg
GrokVault,full-vault-scan,/Users/philipbankier/Content/Grok IMagine/greymaker/GrokVault/2025-12-20_Auto/ef97b521-f31c-44a6-87eb-f25ecae9bff0.mp4,2025-12-20_Auto/ef97b521-f31c-44a6-87eb-f25ecae9bff0.mp4,1657331,.mp4,video,31ab18a2e37100ef8d94e702616d29d47abc637d80d86dafc5df0c1f86f4350f,2025-12-20T23:35:27.106Z,2025-12-20T23:35:27.107Z,ef97b521-f31c-44a6-87eb-f25ecae9bff0,ef97b521-f31c-44a6-87eb-f25ecae9bff0,false,,,ok,mp4-family
GrokVault,full-vault-scan,/Users/philipbankier/Content/Grok IMagine/greymaker/GrokVault/2025-12-20_Auto/efc3fbb0-d934-4d3d-b13b-b982dc6da64e.png,2025-12-20_Auto/efc3fbb0-d934-4d3d-b13b-b982dc6da64e.png,378605,.png,image,4ebb8de61bdc66b48d5493e2696c531331c534b7a7fcbf5bd664eaccc9662ba8,2025-12-20T23:09:23.570Z,2025-12-20T23:09:23.647Z,efc3fbb0-d934-4d3d-b13b-b982dc6da64e,efc3fbb0-d934-4d3d-b13b-b982dc6da64e,false,,,ok,jpeg
GrokVault,full-vault-scan,/Users/philipbankier/Content/Grok IMagine/greymaker/GrokVault/2025-12-20_Auto/efc5ccba-0a15-43d0-bab5-7a439f09cbed.png,2025-12-20_Auto/efc5ccba-0a15-43d0-bab5-7a439f09cbed.png,253384,.png,image,cf5291655fc89a74c6b76e464023564a5be3bfb816c9cdbfb385559503130167,2025-12-20T05:12:59.289Z,2025-12-20T05:12:59.291Z,efc5ccba-0a15-43d0-bab5-7a439f09cbed,efc5ccba-0a15-43d0-bab5-7a439f09cbed,false,,,ok,jpeg
GrokVault,full-vault-scan,/Users/philipbankier/Content/Grok IMagine/greymaker/GrokVault/2025-12-20_Auto/efe48764-cd1a-4c83-894d-5ac4c0c46dfc.mp4,2025-12-20_Auto/efe48764-cd1a-4c83-894d-5ac4c0c46dfc.mp4,2329925,.mp4,video,34f6407e3eb5097a180e59a04967454ffdd4cd33962f94061d87334fd77fe332,2025-12-20T21:49:12.678Z,2025-12-20T21:49:12.681Z,efe48764-cd1a-4c83-894d-5ac4c0c46dfc,efe48764-cd1a-4c83-894d-5ac4c0c46dfc,false,,,ok,mp4-family
GrokVault,full-vault-scan,/Users/philipbankier/Content/Grok IMagine/greymaker/GrokVault/2025-12-20_Auto/efee6c58-2514-4bf7-b221-ce6f615237d4_hd.mp4,2025-12-20_Auto/efee6c58-2514-4bf7-b221-ce6f615237d4_hd.mp4,4247178,.mp4,video,85a3d4dce262eff9d754f0a5ac3314d673db444eb6d797fb61f15ef38291a121,2025-12-20T21:08:24.364Z,2025-12-20T21:08:25.318Z,efee6c58-2514-4bf7-b221-ce6f615237d4,efee6c58-2514-4bf7-b221-ce6f615237d4,false,,,ok,mp4-family
GrokVault,full-vault-scan,/Users/philipbankier/Content/Grok IMagine/greymaker/GrokVault/2025-12-20_Auto/f024cf17-44a4-4bd0-8545-758d632d966d.png,2025-12-20_Auto/f024cf17-44a4-4bd0-8545-758d632d966d.png,231944,.png,image,17661659b5103a5eefb4df223200223c7e280200112efd98662785dd37edd8c3,2025-12-20T21:02:08.211Z,2025-12-20T21:02:08.270Z,f024cf17-44a4-4bd0-8545-758d632d966d,f024cf17-44a4-4bd0-8545-758d632d966d,false,,,ok,jpeg
GrokVault,full-vault-scan,/Users/philipbankier/Content/Grok IMagine/greymaker/GrokVault/2025-12-20_Auto/f029172b-06d9-46b6-8767-8050ae9ae9dd.png,2025-12-20_Auto/f029172b-06d9-46b6-8767-8050ae9ae9dd.png,245991,.png,image,575c54a8487e68c29e994c0672c280feff5d5631cdd8baf834318848a748b415,2025-12-20T21:33:24.301Z,2025-12-20T21:33:24.423Z,f029172b-06d9-46b6-8767-8050ae9ae9dd,f029172b-06d9-46b6-8767-8050ae9ae9dd,false,,,ok,jpeg
GrokVault,full-vault-scan,/Users/philipbankier/Content/Grok IMagine/greymaker/GrokVault/2025-12-20_Auto/f07834cd-895d-4a53-938e-df992e25a675.mp4,2025-12-20_Auto/f07834cd-895d-4a53-938e-df992e25a675.mp4,2093921,.mp4,video,a40510d7e7fcf28e4d2b49b8bfc03b23f4fa98fbf14509d1ebdb989739f85d0a,2025-12-20T05:04:41.300Z,2025-12-20T05:04:41.302Z,f07834cd-895d-4a53-938e-df992e25a675,f07834cd-895d-4a53-938e-df992e25a675,false,,,ok,mp4-family
GrokVault,full-vault-scan,/Users/philipbankier/Content/Grok IMagine/greymaker/GrokVault/2025-12-20_Auto/f0c3719c-a30c-450a-b08c-868ec403a374.png,2025-12-20_Auto/f0c3719c-a30c-450a-b08c-868ec403a374.png,248734,.png,image,4b50a269479a75d665cdb88aea4686a1b874eead16856db06c7435c6a192ea2c,2025-12-20T23:23:53.977Z,2025-12-20T23:23:54.041Z,f0c3719c-a30c-450a-b08c-868ec403a374,f0c3719c-a30c-450a-b08c-868ec403a374,false,,,ok,jpeg
GrokVault,full-vault-scan,/Users/philipbankier/Content/Grok IMagine/greymaker/GrokVault/2025-12-20_Auto/f1423d8f-3165-4900-9390-c31336be86c2.mp4,2025-12-20_Auto/f1423d8f-3165-4900-9390-c31336be86c2.mp4,2374490,.mp4,video,e8e401e7938a06bfdc6adb21d63e7b5e8a8f2f2f6bc2e83ad2cbf5f4bfa9544f,2025-12-20T03:58:10.819Z,2025-12-20T03:58:10.821Z,f1423d8f-3165-4900-9390-c31336be86c2,f1423d8f-3165-4900-9390-c31336be86c2,false,,,ok,mp4-family
GrokVault,full-vault-scan,/Users/philipbankier/Content/Grok IMagine/greymaker/GrokVault/2025-12-20_Auto/f287ae6b-2139-4f2d-9c20-0997162f991f.png,2025-12-20_Auto/f287ae6b-2139-4f2d-9c20-0997162f991f.png,198327,.png,image,249ace4c6048f037c9fe688034798b6eb6be5481957c89ca4a68aa1559db6cd9,2025-12-20T23:17:22.223Z,2025-12-20T23:17:22.282Z,f287ae6b-2139-4f2d-9c20-0997162f991f,f287ae6b-2139-4f2d-9c20-0997162f991f,false,,,ok,jpeg
GrokVault,full-vault-scan,/Users/philipbankier/Content/Grok IMagine/greymaker/GrokVault/2025-12-20_Auto/f2c91607-35c5-493d-9e14-55f99367b0bc.mp4,2025-12-20_Auto/f2c91607-35c5-493d-9e14-55f99367b0bc.mp4,1469845,.mp4,video,b909c8049cfa058f8989ae31ccc1af89fcc4b6f41c0fa5a77d81736bdf392271,2025-12-20T23:02:42.451Z,2025-12-20T23:02:42.453Z,f2c91607-35c5-493d-9e14-55f99367b0bc,f2c91607-35c5-493d-9e14-55f99367b0bc,false,,,ok,mp4-family
GrokVault,full-vault-scan,/Users/philipbankier/Content/Grok IMagine/greymaker/GrokVault/2025-12-20_Auto/f2d00a6b-0f27-4ad2-988b-96d67e08ba0d.mp4,2025-12-20_Auto/f2d00a6b-0f27-4ad2-988b-96d67e08ba0d.mp4,1335149,.mp4,video,f42d01b683401e7c8a78974ab5f24990b0f80e935ef2da763b2d90ee66d1ed2a,2025-12-20T05:03:09.060Z,2025-12-20T05:03:09.062Z,f2d00a6b-0f27-4ad2-988b-96d67e08ba0d,f2d00a6b-0f27-4ad2-988b-96d67e08ba0d,false,,,ok,mp4-family
GrokVault,full-vault-scan,/Users/philipbankier/Content/Grok IMagine/greymaker/GrokVault/2025-12-20_Auto/f325b984-a35c-483d-9065-decc9bacb5b1.mp4,2025-12-20_Auto/f325b984-a35c-483d-9065-decc9bacb5b1.mp4,1781221,.mp4,video,aca0d31135306a6851453c1c9f6838f2903d55ca98e164ad1677bf8562f61505,2025-12-20T21:18:17.367Z,2025-12-20T21:18:17.369Z,f325b984-a35c-483d-9065-decc9bacb5b1,f325b984-a35c-483d-9065-decc9bacb5b1,false,,,ok,mp4-family
GrokVault,full-vault-scan,/Users/philipbankier/Content/Grok IMagine/greymaker/GrokVault/2025-12-20_Auto/f3660132-ce7c-4c1e-b251-99c7369ff152.png,2025-12-20_Auto/f3660132-ce7c-4c1e-b251-99c7369ff152.png,178681,.png,image,80fbaaf2c62a1d277eb6fde28fb195787cdc54d43920f2a98cf70c14b6331a8a,2025-12-20T23:06:45.375Z,2025-12-20T23:06:45.440Z,f3660132-ce7c-4c1e-b251-99c7369ff152,f3660132-ce7c-4c1e-b251-99c7369ff152,false,,,ok,jpeg
GrokVault,full-vault-scan,/Users/philipbankier/Content/Grok IMagine/greymaker/GrokVault/2025-12-20_Auto/f39e62eb-1beb-4a0f-81d9-7b15dd8f354b.png,2025-12-20_Auto/f39e62eb-1beb-4a0f-81d9-7b15dd8f354b.png,286440,.png,image,0e96805a21da16a85c6414720f0c5785f3f1fa6722bd22bebfca3e71b1ee2fcf,2025-12-20T00:20:31.332Z,2025-12-20T00:20:31.334Z,f39e62eb-1beb-4a0f-81d9-7b15dd8f354b,f39e62eb-1beb-4a0f-81d9-7b15dd8f354b,false,,,ok,jpeg
GrokVault,full-vault-scan,/Users/philipbankier/Content/Grok IMagine/greymaker/GrokVault/2025-12-20_Auto/f39f192f-485e-4cb4-8a4c-4bb7a81a99a7.png,2025-12-20_Auto/f39f192f-485e-4cb4-8a4c-4bb7a81a99a7.png,202146,.png,image,8644f1c9d05a583c226bac1405503032042df36f8938b80ff8f71a2c03582feb,2025-12-20T21:22:36.500Z,2025-12-20T21:22:36.558Z,f39f192f-485e-4cb4-8a4c-4bb7a81a99a7,f39f192f-485e-4cb4-8a4c-4bb7a81a99a7,false,,,ok,jpeg
GrokVault,full-vault-scan,/Users/philipbankier/Content/Grok IMagine/greymaker/GrokVault/2025-12-20_Auto/f3a29d0d-0586-403a-9f52-3e2b0aad7c2c.mp4,2025-12-20_Auto/f3a29d0d-0586-403a-9f52-3e2b0aad7c2c.mp4,1654773,.mp4,video,2297fa18fe9a05d3cd245dd0695657465217a164b69987e65746f31687bf0b5c,2025-12-20T23:34:58.966Z,2025-12-20T23:34:58.967Z,f3a29d0d-0586-403a-9f52-3e2b0aad7c2c,f3a29d0d-0586-403a-9f52-3e2b0aad7c2c,false,,,ok,mp4-family
GrokVault,full-vault-scan,/Users/philipbankier/Content/Grok IMagine/greymaker/GrokVault/2025-12-20_Auto/f3aabefa-0338-4862-a030-a8bb1679d688.mp4,2025-12-20_Auto/f3aabefa-0338-4862-a030-a8bb1679d688.mp4,1044279,.mp4,video,91a3b079fd12745aab0e2232a3f0bddbc1fb712240df451fd71fd3d9689eabad,2025-12-20T22:56:45.992Z,2025-12-20T22:56:45.993Z,f3aabefa-0338-4862-a030-a8bb1679d688,f3aabefa-0338-4862-a030-a8bb1679d688,false,,,ok,mp4-family
GrokVault,full-vault-scan,/Users/philipbankier/Content/Grok IMagine/greymaker/GrokVault/2025-12-20_Auto/f3fcd860-05e2-4fed-9799-4c1b150e9ca9.png,2025-12-20_Auto/f3fcd860-05e2-4fed-9799-4c1b150e9ca9.png,240069,.png,image,1b61804c8a78825af7beff9a24d408c32bf87cf1b14dd7ef9d8786eb9693ca22,2025-12-20T22:15:11.397Z,2025-12-20T22:15:11.463Z,f3fcd860-05e2-4fed-9799-4c1b150e9ca9,f3fcd860-05e2-4fed-9799-4c1b150e9ca9,false,,,ok,jpeg
GrokVault,full-vault-scan,/Users/philipbankier/Content/Grok IMagine/greymaker/GrokVault/2025-12-20_Auto/f465f87c-e231-4308-b951-746bc03e1275.png,2025-12-20_Auto/f465f87c-e231-4308-b951-746bc03e1275.png,261393,.png,image,a6a0019faa136a40d8a9d582e33a052216d614bac50ee19b0f484752191c52e4,2025-12-20T21:27:24.295Z,2025-12-20T21:27:24.362Z,f465f87c-e231-4308-b951-746bc03e1275,f465f87c-e231-4308-b951-746bc03e1275,false,,,ok,jpeg
GrokVault,full-vault-scan,/Users/philipbankier/Content/Grok IMagine/greymaker/GrokVault/2025-12-20_Auto/f47e6dce-e16e-4a32-986d-404424064fd8.mp4,2025-12-20_Auto/f47e6dce-e16e-4a32-986d-404424064fd8.mp4,1454030,.mp4,video,be6fccc98a15723e2f653d5fdb8c34b4aaf6f343e280ae0822b30425275cd303,2025-12-20T22:22:35.804Z,2025-12-20T22:22:35.805Z,f47e6dce-e16e-4a32-986d-404424064fd8,f47e6dce-e16e-4a32-986d-404424064fd8,false,,,ok,mp4-family
GrokVault,full-vault-scan,/Users/philipbankier/Content/Grok IMagine/greymaker/GrokVault/2025-12-20_Auto/f4ccc649-d620-4a7e-9c34-350eeeda28bb.mp4,2025-12-20_Auto/f4ccc649-d620-4a7e-9c34-350eeeda28bb.mp4,1583945,.mp4,video,3414264df8325123f5833a239b2dbbc20632a003b4f61d4d0c75f2225422ab36,2025-12-20T23:34:01.839Z,2025-12-20T23:34:01.841Z,f4ccc649-d620-4a7e-9c34-350eeeda28bb,f4ccc649-d620-4a7e-9c34-350eeeda28bb,false,,,ok,mp4-family
GrokVault,full-vault-scan,/Users/philipbankier/Content/Grok IMagine/greymaker/GrokVault/2025-12-20_Auto/f4e87a50-597a-4480-8f30-097773e5dda6.mp4,2025-12-20_Auto/f4e87a50-597a-4480-8f30-097773e5dda6.mp4,2640656,.mp4,video,fb913c4f03a5a4cc8c7116d352d310c65cd65a83bf9c3508c3bf143b6be81b0f,2025-12-20T04:14:51.615Z,2025-12-20T04:14:51.618Z,f4e87a50-597a-4480-8f30-097773e5dda6,f4e87a50-597a-4480-8f30-097773e5dda6,false,,,ok,mp4-family
GrokVault,full-vault-scan,/Users/philipbankier/Content/Grok IMagine/greymaker/GrokVault/2025-12-20_Auto/f4fa9815-e83d-4d9e-8622-d34e8757c9ac.png,2025-12-20_Auto/f4fa9815-e83d-4d9e-8622-d34e8757c9ac.png,262193,.png,image,b3c2aafa06338ff4901961c1c9c5f79b02140296563aceb2917b18b830fad9ae,2025-12-20T23:27:19.494Z,2025-12-20T23:27:19.553Z,f4fa9815-e83d-4d9e-8622-d34e8757c9ac,f4fa9815-e83d-4d9e-8622-d34e8757c9ac,false,,,ok,jpeg
GrokVault,full-vault-scan,/Users/philipbankier/Content/Grok IMagine/greymaker/GrokVault/2025-12-20_Auto/f52bd96a-a0fe-4fb0-8f4a-eeaba9c49a9a.png,2025-12-20_Auto/f52bd96a-a0fe-4fb0-8f4a-eeaba9c49a9a.png,208964,.png,image,76fee267b7aca9efd37253667d1fdef51fd7ed73528db3246028f41c73d162a4,2025-12-20T04:55:38.355Z,2025-12-20T04:55:38.357Z,f52bd96a-a0fe-4fb0-8f4a-eeaba9c49a9a,f52bd96a-a0fe-4fb0-8f4a-eeaba9c49a9a,false,,,ok,jpeg
GrokVault,full-vault-scan,/Users/philipbankier/Content/Grok IMagine/greymaker/GrokVault/2025-12-20_Auto/f53f0ef2-fa28-4394-b6a8-8b37ce3186dd.mp4,2025-12-20_Auto/f53f0ef2-fa28-4394-b6a8-8b37ce3186dd.mp4,1364094,.mp4,video,3a460ff6d6c3f9294132f194a4c62b790a666798fa7d270b4dbf3c5eb8e49574,2025-12-20T23:38:32.037Z,2025-12-20T23:38:32.039Z,f53f0ef2-fa28-4394-b6a8-8b37ce3186dd,f53f0ef2-fa28-4394-b6a8-8b37ce3186dd,false,,,ok,mp4-family
GrokVault,full-vault-scan,/Users/philipbankier/Content/Grok IMagine/greymaker/GrokVault/2025-12-20_Auto/f5f72c01-4063-4519-887c-49fdef87d539.mp4,2025-12-20_Auto/f5f72c01-4063-4519-887c-49fdef87d539.mp4,1319435,.mp4,video,8c04f721965270b00ae1fc4e11aa8f9f09ad8897dc8e9d5159f32ef15674df23,2025-12-20T22:51:32.379Z,2025-12-20T22:51:32.381Z,f5f72c01-4063-4519-887c-49fdef87d539,f5f72c01-4063-4519-887c-49fdef87d539,false,,,ok,mp4-family
GrokVault,full-vault-scan,/Users/philipbankier/Content/Grok IMagine/greymaker/GrokVault/2025-12-20_Auto/f69a7caf-4562-4478-bb88-2c730aae0f0e.mp4,2025-12-20_Auto/f69a7caf-4562-4478-bb88-2c730aae0f0e.mp4,2233892,.mp4,video,99a3faea2ddba15b9b13d9d741158254aa741d04b6b87b536c5fb3f1236dde2a,2025-12-20T04:22:24.847Z,2025-12-20T04:22:24.849Z,f69a7caf-4562-4478-bb88-2c730aae0f0e,f69a7caf-4562-4478-bb88-2c730aae0f0e,false,,,ok,mp4-family
GrokVault,full-vault-scan,/Users/philipbankier/Content/Grok IMagine/greymaker/GrokVault/2025-12-20_Auto/f6c4ad84-5da9-4ac0-a63d-34060f68b397.mp4,2025-12-20_Auto/f6c4ad84-5da9-4ac0-a63d-34060f68b397.mp4,1660142,.mp4,video,eacd7ebf9e94766d974371315d6cc3bcd139386dfc2b47509d785c82a4399e16,2025-12-20T04:31:50.201Z,2025-12-20T04:31:50.203Z,f6c4ad84-5da9-4ac0-a63d-34060f68b397,f6c4ad84-5da9-4ac0-a63d-34060f68b397,false,,,ok,mp4-family
GrokVault,full-vault-scan,/Users/philipbankier/Content/Grok IMagine/greymaker/GrokVault/2025-12-20_Auto/f6f6e28c-5674-4a1a-a284-a1695d69fca9.png,2025-12-20_Auto/f6f6e28c-5674-4a1a-a284-a1695d69fca9.png,240467,.png,image,2a97c16d0995177719f79fef70dcae271d8ee90ca8104ea25a96d0ade98755ab,2025-12-20T23:14:27.863Z,2025-12-20T23:14:27.932Z,f6f6e28c-5674-4a1a-a284-a1695d69fca9,f6f6e28c-5674-4a1a-a284-a1695d69fca9,false,,,ok,jpeg
GrokVault,full-vault-scan,/Users/philipbankier/Content/Grok IMagine/greymaker/GrokVault/2025-12-20_Auto/f717fa0f-3806-4928-9ec8-34ed4914248a.png,2025-12-20_Auto/f717fa0f-3806-4928-9ec8-34ed4914248a.png,305929,.png,image,9a1251d8dd0b526a043458b44795803d79850d2d2d29f385bf672e2ac307cf3f,2025-12-20T04:28:50.245Z,2025-12-20T04:28:50.246Z,f717fa0f-3806-4928-9ec8-34ed4914248a,f717fa0f-3806-4928-9ec8-34ed4914248a,false,,,ok,jpeg
GrokVault,full-vault-scan,/Users/philipbankier/Content/Grok IMagine/greymaker/GrokVault/2025-12-20_Auto/f775e7b4-a0f4-40e4-b433-5784f39f7f20.mp4,2025-12-20_Auto/f775e7b4-a0f4-40e4-b433-5784f39f7f20.mp4,1770090,.mp4,video,366bccd619ba1b853745cd4f803d65780a1b3af358a89a774ea280c4fc79df82,2025-12-20T04:06:30.014Z,2025-12-20T04:06:30.016Z,f775e7b4-a0f4-40e4-b433-5784f39f7f20,f775e7b4-a0f4-40e4-b433-5784f39f7f20,false,,,ok,mp4-family
GrokVault,full-vault-scan,/Users/philipbankier/Content/Grok IMagine/greymaker/GrokVault/2025-12-20_Auto/f79d0d51-d2d7-4df6-a844-f0ad1aa35ab9.png,2025-12-20_Auto/f79d0d51-d2d7-4df6-a844-f0ad1aa35ab9.png,213511,.png,image,650047db2d94b45070c81d97eb7a84fbd5beb1a9a9182eebaeea5987a01c33d3,2025-12-20T05:31:28.204Z,2025-12-20T05:31:28.206Z,f79d0d51-d2d7-4df6-a844-f0ad1aa35ab9,f79d0d51-d2d7-4df6-a844-f0ad1aa35ab9,false,,,ok,jpeg
GrokVault,full-vault-scan,/Users/philipbankier/Content/Grok IMagine/greymaker/GrokVault/2025-12-20_Auto/f7ae481f-1e00-49a6-b4f9-d0eded9229aa.mp4,2025-12-20_Auto/f7ae481f-1e00-49a6-b4f9-d0eded9229aa.mp4,2062111,.mp4,video,f520c16e82751efe58faff4e0752849889ac4bb7588edbcc0c6ec2bd85c177ec,2025-12-20T22:07:57.137Z,2025-12-20T22:07:57.141Z,f7ae481f-1e00-49a6-b4f9-d0eded9229aa,f7ae481f-1e00-49a6-b4f9-d0eded9229aa,false,,,ok,mp4-family
GrokVault,full-vault-scan,/Users/philipbankier/Content/Grok IMagine/greymaker/GrokVault/2025-12-20_Auto/f8189480-0b5e-4b46-9cf1-1ec17671b398.png,2025-12-20_Auto/f8189480-0b5e-4b46-9cf1-1ec17671b398.png,267696,.png,image,7c49d952d7f7537bb41ad6c2380ae7c3b6fa977f5689631eedb1b9dcbb8a285f,2025-12-20T21:51:37.054Z,2025-12-20T21:51:37.112Z,f8189480-0b5e-4b46-9cf1-1ec17671b398,f8189480-0b5e-4b46-9cf1-1ec17671b398,false,,,ok,jpeg
GrokVault,full-vault-scan,/Users/philipbankier/Content/Grok IMagine/greymaker/GrokVault/2025-12-20_Auto/f866fca9-54d5-499f-9fb9-8528e99e8191.mp4,2025-12-20_Auto/f866fca9-54d5-499f-9fb9-8528e99e8191.mp4,1851276,.mp4,video,13854519b2f23a463ba3424470fb37d7af8bf71b9d363c546d141c8322086e19,2025-12-20T22:09:54.018Z,2025-12-20T22:09:54.020Z,f866fca9-54d5-499f-9fb9-8528e99e8191,f866fca9-54d5-499f-9fb9-8528e99e8191,false,,,ok,mp4-family
GrokVault,full-vault-scan,/Users/philipbankier/Content/Grok IMagine/greymaker/GrokVault/2025-12-20_Auto/f869a594-35ee-42e1-b36f-c8b477d08818.png,2025-12-20_Auto/f869a594-35ee-42e1-b36f-c8b477d08818.png,269955,.png,image,0dad67c0edb228b9c92df0caa858dc9ab4cc25244853ed8bf57b26fe65b3491d,2025-12-20T21:29:47.688Z,2025-12-20T21:29:47.757Z,f869a594-35ee-42e1-b36f-c8b477d08818,f869a594-35ee-42e1-b36f-c8b477d08818,false,,,ok,jpeg
GrokVault,full-vault-scan,/Users/philipbankier/Content/Grok IMagine/greymaker/GrokVault/2025-12-20_Auto/f88f4598-4381-45f5-b86a-76bf51fead8d.png,2025-12-20_Auto/f88f4598-4381-45f5-b86a-76bf51fead8d.png,297017,.png,image,b453fdc3e95c20bbacbe5a34845aec0f0edaab93895e5da41c6fa55de8d49c1f,2025-12-20T22:16:39.002Z,2025-12-20T22:16:39.062Z,f88f4598-4381-45f5-b86a-76bf51fead8d,f88f4598-4381-45f5-b86a-76bf51fead8d,false,,,ok,jpeg
GrokVault,full-vault-scan,/Users/philipbankier/Content/Grok IMagine/greymaker/GrokVault/2025-12-20_Auto/f8bf97a4-9a9c-4b5e-a18e-a9ab9d48769e.png,2025-12-20_Auto/f8bf97a4-9a9c-4b5e-a18e-a9ab9d48769e.png,309637,.png,image,cce41c1f049f6a3a9c819023091f246d6e436e6ad9d75e613e167b39529c5b11,2025-12-20T00:10:20.018Z,2025-12-20T00:10:20.021Z,f8bf97a4-9a9c-4b5e-a18e-a9ab9d48769e,f8bf97a4-9a9c-4b5e-a18e-a9ab9d48769e,false,,,ok,jpeg
GrokVault,full-vault-scan,/Users/philipbankier/Content/Grok IMagine/greymaker/GrokVault/2025-12-20_Auto/f90e90c7-8694-487b-89d4-7057082e3db1.mp4,2025-12-20_Auto/f90e90c7-8694-487b-89d4-7057082e3db1.mp4,1631342,.mp4,video,cf7f6bd51e12191c6c8434081930821d1f873b539262c94e64545b3cde45f4a7,2025-12-20T22:18:33.718Z,2025-12-20T22:18:33.719Z,f90e90c7-8694-487b-89d4-7057082e3db1,f90e90c7-8694-487b-89d4-7057082e3db1,false,,,ok,mp4-family
GrokVault,full-vault-scan,/Users/philipbankier/Content/Grok IMagine/greymaker/GrokVault/2025-12-20_Auto/f9181364-a0d3-4a54-966e-00309ee86aa9.png,2025-12-20_Auto/f9181364-a0d3-4a54-966e-00309ee86aa9.png,266227,.png,image,d8d8233948b0e21580f6aaa33f2c273e5b9312b6900768b307e61c259217c6c2,2025-12-20T22:01:55.918Z,2025-12-20T22:01:55.985Z,f9181364-a0d3-4a54-966e-00309ee86aa9,f9181364-a0d3-4a54-966e-00309ee86aa9,false,,,ok,jpeg
GrokVault,full-vault-scan,/Users/philipbankier/Content/Grok IMagine/greymaker/GrokVault/2025-12-20_Auto/f9bdb4a3-5102-404b-bc6c-ea97174d3bf5.png,2025-12-20_Auto/f9bdb4a3-5102-404b-bc6c-ea97174d3bf5.png,224932,.png,image,451e84bb3020e1eb9b4053bfadf1231470eeb064abc3f393b1160488ff65886a,2025-12-20T21:40:36.955Z,2025-12-20T21:40:37.015Z,f9bdb4a3-5102-404b-bc6c-ea97174d3bf5,f9bdb4a3-5102-404b-bc6c-ea97174d3bf5,false,,,ok,jpeg
GrokVault,full-vault-scan,/Users/philipbankier/Content/Grok IMagine/greymaker/GrokVault/2025-12-20_Auto/f9e126dc-975e-487e-8454-518d4303709b.mp4,2025-12-20_Auto/f9e126dc-975e-487e-8454-518d4303709b.mp4,1926470,.mp4,video,b161abceb7f054649169496271cc6ee9cf41d853905929609656953967cf8fc8,2025-12-20T23:00:05.942Z,2025-12-20T23:00:05.944Z,f9e126dc-975e-487e-8454-518d4303709b,f9e126dc-975e-487e-8454-518d4303709b,false,,,ok,mp4-family
GrokVault,full-vault-scan,/Users/philipbankier/Content/Grok IMagine/greymaker/GrokVault/2025-12-20_Auto/fa3086ec-1c45-4e14-879b-62781f8be001.png,2025-12-20_Auto/fa3086ec-1c45-4e14-879b-62781f8be001.png,374659,.png,image,97bb7455276018dc6e0473fb373b2d0df72839c2b7826ff0e42a48a8a78a279f,2025-12-20T00:02:00.881Z,2025-12-20T00:02:00.885Z,fa3086ec-1c45-4e14-879b-62781f8be001,fa3086ec-1c45-4e14-879b-62781f8be001,false,,,ok,jpeg
GrokVault,full-vault-scan,/Users/philipbankier/Content/Grok IMagine/greymaker/GrokVault/2025-12-20_Auto/fa7d7f4c-28c2-4e5d-84a1-3a36989fd950.mp4,2025-12-20_Auto/fa7d7f4c-28c2-4e5d-84a1-3a36989fd950.mp4,1362091,.mp4,video,7b83548bdf1936df1b41845654b16415ac15730105106806e028d1250f0cad45,2025-12-20T22:32:47.621Z,2025-12-20T22:32:47.622Z,fa7d7f4c-28c2-4e5d-84a1-3a36989fd950,fa7d7f4c-28c2-4e5d-84a1-3a36989fd950,false,,,ok,mp4-family
GrokVault,full-vault-scan,/Users/philipbankier/Content/Grok IMagine/greymaker/GrokVault/2025-12-20_Auto/fa9beef0-5454-43ee-83ba-c2c98eac4154.mp4,2025-12-20_Auto/fa9beef0-5454-43ee-83ba-c2c98eac4154.mp4,1882124,.mp4,video,b9ecfa59d02d1e5ecc89ba44d88533e7797959fc6cc78387d7d0491635faede3,2025-12-20T04:23:33.022Z,2025-12-20T04:23:33.023Z,fa9beef0-5454-43ee-83ba-c2c98eac4154,fa9beef0-5454-43ee-83ba-c2c98eac4154,false,,,ok,mp4-family
GrokVault,full-vault-scan,/Users/philipbankier/Content/Grok IMagine/greymaker/GrokVault/2025-12-20_Auto/faac6179-5ff4-4760-83f2-06700d171a59.png,2025-12-20_Auto/faac6179-5ff4-4760-83f2-06700d171a59.png,281025,.png,image,441da36eeda53a85c6106dd787d744dd09b55fb5fe0e938006d3efba8bb94dd0,2025-12-20T05:17:29.995Z,2025-12-20T05:17:29.998Z,faac6179-5ff4-4760-83f2-06700d171a59,faac6179-5ff4-4760-83f2-06700d171a59,false,,,ok,jpeg
GrokVault,full-vault-scan,/Users/philipbankier/Content/Grok IMagine/greymaker/GrokVault/2025-12-20_Auto/fada7c8c-23af-4ff1-9b90-e5942f963039.png,2025-12-20_Auto/fada7c8c-23af-4ff1-9b90-e5942f963039.png,335904,.png,image,8f791ad645f2b6f7eba9f6fa66dacd3caca7fa9b45eeb9ad5c7558ead4fd8f28,2025-12-20T00:04:39.178Z,2025-12-20T00:04:39.183Z,fada7c8c-23af-4ff1-9b90-e5942f963039,fada7c8c-23af-4ff1-9b90-e5942f963039,false,,,ok,jpeg
GrokVault,full-vault-scan,/Users/philipbankier/Content/Grok IMagine/greymaker/GrokVault/2025-12-20_Auto/fb0003e4-07b9-43ce-8675-5c3d9533c774.png,2025-12-20_Auto/fb0003e4-07b9-43ce-8675-5c3d9533c774.png,442692,.png,image,6dc21875b5cbe63fbe8d23c88e0e515027cfef9ebecd831023519887d7020af4,2025-12-20T04:26:33.988Z,2025-12-20T04:26:33.991Z,fb0003e4-07b9-43ce-8675-5c3d9533c774,fb0003e4-07b9-43ce-8675-5c3d9533c774,false,,,ok,jpeg
GrokVault,full-vault-scan,/Users/philipbankier/Content/Grok IMagine/greymaker/GrokVault/2025-12-20_Auto/fb796f11-a434-4b88-8c77-d677340869bf.mp4,2025-12-20_Auto/fb796f11-a434-4b88-8c77-d677340869bf.mp4,1144684,.mp4,video,6f2a34bbffcf6da60fe8c162c4e71c105dc032eba8d7f40a183e579d7fec592d,2025-12-20T22:57:58.032Z,2025-12-20T22:57:58.033Z,fb796f11-a434-4b88-8c77-d677340869bf,fb796f11-a434-4b88-8c77-d677340869bf,false,,,ok,mp4-family
GrokVault,full-vault-scan,/Users/philipbankier/Content/Grok IMagine/greymaker/GrokVault/2025-12-20_Auto/fb7c4094-9814-455c-bdac-0519819d068f.png,2025-12-20_Auto/fb7c4094-9814-455c-bdac-0519819d068f.png,228421,.png,image,eaf1458b63ca7941eff841cae3e55a2a8e8ded01fb232c03d2bacf7ed56c9215,2025-12-20T04:12:37.825Z,2025-12-20T04:12:37.826Z,fb7c4094-9814-455c-bdac-0519819d068f,fb7c4094-9814-455c-bdac-0519819d068f,false,,,ok,jpeg
GrokVault,full-vault-scan,/Users/philipbankier/Content/Grok IMagine/greymaker/GrokVault/2025-12-20_Auto/fbb24bd0-0176-419a-9fea-5e78e0970167.mp4,2025-12-20_Auto/fbb24bd0-0176-419a-9fea-5e78e0970167.mp4,2486105,.mp4,video,c2616ce0af5a852616228c6f0f66f3bf3c691298834f5ce45e0ccaddef8967ad,2025-12-20T03:30:19.379Z,2025-12-20T03:30:19.382Z,fbb24bd0-0176-419a-9fea-5e78e0970167,fbb24bd0-0176-419a-9fea-5e78e0970167,false,,,ok,mp4-family
GrokVault,full-vault-scan,/Users/philipbankier/Content/Grok IMagine/greymaker/GrokVault/2025-12-20_Auto/fbbf56be-3eb7-44bb-8cc3-df316319df74.png,2025-12-20_Auto/fbbf56be-3eb7-44bb-8cc3-df316319df74.png,257129,.png,image,d568d1c955ffab9fd071a5a9747bc88b051f93b71f536731c3af7123060843db,2025-12-20T05:00:31.154Z,2025-12-20T05:00:31.164Z,fbbf56be-3eb7-44bb-8cc3-df316319df74,fbbf56be-3eb7-44bb-8cc3-df316319df74,false,,,ok,jpeg
GrokVault,full-vault-scan,/Users/philipbankier/Content/Grok IMagine/greymaker/GrokVault/2025-12-20_Auto/fc4153a8-e006-40d6-8f30-6239fc0b5cc4.png,2025-12-20_Auto/fc4153a8-e006-40d6-8f30-6239fc0b5cc4.png,212134,.png,image,a39265a7fe9a4b42342403c8dc3e6c874a3b6679b6adde2f6e762af3ae3d8038,2025-12-20T21:39:54.504Z,2025-12-20T21:39:54.562Z,fc4153a8-e006-40d6-8f30-6239fc0b5cc4,fc4153a8-e006-40d6-8f30-6239fc0b5cc4,false,,,ok,jpeg
GrokVault,full-vault-scan,/Users/philipbankier/Content/Grok IMagine/greymaker/GrokVault/2025-12-20_Auto/fc9b3dd0-98de-4bd0-84af-fd9a52d9f69d.mp4,2025-12-20_Auto/fc9b3dd0-98de-4bd0-84af-fd9a52d9f69d.mp4,1961154,.mp4,video,760da8807d66716e5a51ce8d5046f19eca354c5ba8294e9f2183e309716a4001,2025-12-20T23:02:28.453Z,2025-12-20T23:02:28.454Z,fc9b3dd0-98de-4bd0-84af-fd9a52d9f69d,fc9b3dd0-98de-4bd0-84af-fd9a52d9f69d,false,,,ok,mp4-family
GrokVault,full-vault-scan,/Users/philipbankier/Content/Grok IMagine/greymaker/GrokVault/2025-12-20_Auto/fcb0caaf-8cc6-49f8-97e7-2aa80b0198d7.mp4,2025-12-20_Auto/fcb0caaf-8cc6-49f8-97e7-2aa80b0198d7.mp4,2676834,.mp4,video,73e10720de9246d2e1c57aa11c49a0091d3c3741ea1b5e343f38290a96166aee,2025-12-20T03:29:55.360Z,2025-12-20T03:29:55.362Z,fcb0caaf-8cc6-49f8-97e7-2aa80b0198d7,fcb0caaf-8cc6-49f8-97e7-2aa80b0198d7,false,,,ok,mp4-family
GrokVault,full-vault-scan,/Users/philipbankier/Content/Grok IMagine/greymaker/GrokVault/2025-12-20_Auto/fcb80656-ed2b-4379-a616-3d734fe69e16.png,2025-12-20_Auto/fcb80656-ed2b-4379-a616-3d734fe69e16.png,234621,.png,image,19b05d379b17bc2407f62fc644a4a72a06c247546ec8567cc9ff345b0ebd3e4d,2025-12-20T20:55:47.860Z,2025-12-20T20:55:47.918Z,fcb80656-ed2b-4379-a616-3d734fe69e16,fcb80656-ed2b-4379-a616-3d734fe69e16,false,,,ok,jpeg
GrokVault,full-vault-scan,/Users/philipbankier/Content/Grok IMagine/greymaker/GrokVault/2025-12-20_Auto/fd06c4f9-81f5-4b4f-b2d7-ce09f1790e27.mp4,2025-12-20_Auto/fd06c4f9-81f5-4b4f-b2d7-ce09f1790e27.mp4,1549062,.mp4,video,84dc76025880b7b99f6bdc9ba405c8900a0d4a87d5f6f10b2b4357ee0b17ee4a,2025-12-20T23:36:09.248Z,2025-12-20T23:36:09.249Z,fd06c4f9-81f5-4b4f-b2d7-ce09f1790e27,fd06c4f9-81f5-4b4f-b2d7-ce09f1790e27,false,,,ok,mp4-family
GrokVault,full-vault-scan,/Users/philipbankier/Content/Grok IMagine/greymaker/GrokVault/2025-12-20_Auto/fd18e9e8-081c-4879-84bb-50289c373ca9.png,2025-12-20_Auto/fd18e9e8-081c-4879-84bb-50289c373ca9.png,239781,.png,image,1f66db2d3df839bdba4b29458e07b07bccab77ea92c7c79883457cf4cac1fb60,2025-12-20T04:59:47.047Z,2025-12-20T04:59:47.048Z,fd18e9e8-081c-4879-84bb-50289c373ca9,fd18e9e8-081c-4879-84bb-50289c373ca9,false,,,ok,jpeg
GrokVault,full-vault-scan,/Users/philipbankier/Content/Grok IMagine/greymaker/GrokVault/2025-12-20_Auto/fd2fd841-f518-4540-96c5-d1638c52f803.png,2025-12-20_Auto/fd2fd841-f518-4540-96c5-d1638c52f803.png,326799,.png,image,6feef9d6d337c92981d6744d21a270ab41f50fd220aee4075eaa3bad1ca0a05b,2025-12-20T20:05:02.808Z,2025-12-20T20:05:02.866Z,fd2fd841-f518-4540-96c5-d1638c52f803,fd2fd841-f518-4540-96c5-d1638c52f803,false,,,ok,jpeg
GrokVault,full-vault-scan,/Users/philipbankier/Content/Grok IMagine/greymaker/GrokVault/2025-12-20_Auto/fd95f1fa-fd66-4eff-a873-3f48e0dbb722.mp4,2025-12-20_Auto/fd95f1fa-fd66-4eff-a873-3f48e0dbb722.mp4,1127567,.mp4,video,1f334ad913a27a46a842de7bfd1c90181b291f04236bc5cbd2f68e81c77ae5ee,2025-12-20T23:04:50.182Z,2025-12-20T23:04:50.183Z,fd95f1fa-fd66-4eff-a873-3f48e0dbb722,fd95f1fa-fd66-4eff-a873-3f48e0dbb722,false,,,ok,mp4-family
GrokVault,full-vault-scan,/Users/philipbankier/Content/Grok IMagine/greymaker/GrokVault/2025-12-20_Auto/fda9b897-580e-4391-9664-41194843d7f9.mp4,2025-12-20_Auto/fda9b897-580e-4391-9664-41194843d7f9.mp4,744915,.mp4,video,7b6cb6a62ddda96e597cf7cbf82c1b18c4093fe57eb4c10abdc435cf0fb18dfc,2025-12-20T04:42:23.769Z,2025-12-20T04:42:23.770Z,fda9b897-580e-4391-9664-41194843d7f9,fda9b897-580e-4391-9664-41194843d7f9,false,,,ok,mp4-family
GrokVault,full-vault-scan,/Users/philipbankier/Content/Grok IMagine/greymaker/GrokVault/2025-12-20_Auto/fe00c132-a64e-417f-94b4-540acf75373f.png,2025-12-20_Auto/fe00c132-a64e-417f-94b4-540acf75373f.png,164739,.png,image,88ddd62262704ae9eb9b50b0b774433ff82df4ad095c50f0d4d1d5ce9ea0c5bd,2025-12-20T04:39:45.955Z,2025-12-20T04:39:45.957Z,fe00c132-a64e-417f-94b4-540acf75373f,fe00c132-a64e-417f-94b4-540acf75373f,false,,,ok,jpeg
GrokVault,full-vault-scan,/Users/philipbankier/Content/Grok IMagine/greymaker/GrokVault/2025-12-20_Auto/ff098e42-4fa2-445d-9cae-e8c2afd5e251.mp4,2025-12-20_Auto/ff098e42-4fa2-445d-9cae-e8c2afd5e251.mp4,1329973,.mp4,video,a797a7b902fa822cb0dd7736d41761f2e03b514543937d7caefd54e9fb780313,2025-12-20T22:19:59.077Z,2025-12-20T22:19:59.078Z,ff098e42-4fa2-445d-9cae-e8c2afd5e251,ff098e42-4fa2-445d-9cae-e8c2afd5e251,false,,,ok,mp4-family
GrokVault,full-vault-scan,/Users/philipbankier/Content/Grok IMagine/greymaker/GrokVault/2025-12-20_Auto/ff62f9d6-536f-4b20-b9e6-70805a6b6c18.png,2025-12-20_Auto/ff62f9d6-536f-4b20-b9e6-70805a6b6c18.png,229586,.png,image,ae097b09f68b4335ba4dc5584910b634ff313955522c8ef4f3c7f29137d615cc,2025-12-20T21:42:46.172Z,2025-12-20T21:42:46.233Z,ff62f9d6-536f-4b20-b9e6-70805a6b6c18,ff62f9d6-536f-4b20-b9e6-70805a6b6c18,false,,,ok,jpeg
GrokVault,full-vault-scan,/Users/philipbankier/Content/Grok IMagine/greymaker/GrokVault/2025-12-20_Auto/ff98a597-aa80-4cbc-91b2-c1f5b405e957.png,2025-12-20_Auto/ff98a597-aa80-4cbc-91b2-c1f5b405e957.png,211221,.png,image,9bcf112e7ea7810db98ea88a610cd1ba2316fe02291fcbcc8362cd211f22289e,2025-12-20T23:19:47.328Z,2025-12-20T23:19:47.387Z,ff98a597-aa80-4cbc-91b2-c1f5b405e957,ff98a597-aa80-4cbc-91b2-c1f5b405e957,false,,,ok,jpeg
GrokVault,full-vault-scan,/Users/philipbankier/Content/Grok IMagine/greymaker/GrokVault/2025-12-20_Auto/ffa71f3f-fd2f-4f70-a51d-f3a5b234191c.png,2025-12-20_Auto/ffa71f3f-fd2f-4f70-a51d-f3a5b234191c.png,363796,.png,image,c70d68992474de27fe08c9d2fdc9848f4960651fd5c742f09226d22f9b30611e,2025-12-20T00:23:53.832Z,2025-12-20T00:23:53.838Z,ffa71f3f-fd2f-4f70-a51d-f3a5b234191c,ffa71f3f-fd2f-4f70-a51d-f3a5b234191c,false,,,ok,jpeg
GrokVault,full-vault-scan,/Users/philipbankier/Content/Grok IMagine/greymaker/GrokVault/2025-12-20_Auto/ffb0ff4b-f2d0-4fed-ae56-11222c68e9d4.mp4,2025-12-20_Auto/ffb0ff4b-f2d0-4fed-ae56-11222c68e9d4.mp4,1844218,.mp4,video,e867eaff3e83ede2204f328ba4da0ae50342abadd35b4977f9ed5190d9675d01,2025-12-20T21:57:34.856Z,2025-12-20T21:57:34.858Z,ffb0ff4b-f2d0-4fed-ae56-11222c68e9d4,ffb0ff4b-f2d0-4fed-ae56-11222c68e9d4,false,,,ok,mp4-family
GrokVault,full-vault-scan,/Users/philipbankier/Content/Grok IMagine/greymaker/GrokVault/2025-12-20_Auto/ffd467c8-1166-430f-b582-1fb4fb73d417.png,2025-12-20_Auto/ffd467c8-1166-430f-b582-1fb4fb73d417.png,258975,.png,image,523b872517533246e8c4e3d2f94f2901f7fee2dc3a809c653a97db3e94c644f5,2025-12-20T21:55:12.569Z,2025-12-20T21:55:12.630Z,ffd467c8-1166-430f-b582-1fb4fb73d417,ffd467c8-1166-430f-b582-1fb4fb73d417,false,,,ok,jpeg
GrokVault,full-vault-scan,/Users/philipbankier/Content/Grok IMagine/greymaker/GrokVault/2025-12-20_Auto/ffd62eeb-8956-427d-a894-d2085ac0a651.mp4,2025-12-20_Auto/ffd62eeb-8956-427d-a894-d2085ac0a651.mp4,1684344,.mp4,video,5ecb4d9276c5b2fca5792903b4d6ac32986b00b3856dc6be68c8b6fa59c3cd0e,2025-12-20T04:29:33.834Z,2025-12-20T04:29:33.836Z,ffd62eeb-8956-427d-a894-d2085ac0a651,ffd62eeb-8956-427d-a894-d2085ac0a651,false,,,ok,mp4-family
GrokVault,full-vault-scan,/Users/philipbankier/Content/Grok IMagine/greymaker/GrokVault/2025-12-21_Auto/00116d65-3cfd-4945-b289-477b5f660133.png,2025-12-21_Auto/00116d65-3cfd-4945-b289-477b5f660133.png,143331,.png,image,f7035bd7c7a522ad9d8eeb8f345cf8b8e357559ea93ed268a976876b46b86d59,2025-12-21T03:43:28.745Z,2025-12-21T03:43:28.803Z,00116d65-3cfd-4945-b289-477b5f660133,00116d65-3cfd-4945-b289-477b5f660133,false,,,ok,jpeg
GrokVault,full-vault-scan,/Users/philipbankier/Content/Grok IMagine/greymaker/GrokVault/2025-12-21_Auto/00458738-158d-43bd-8409-7d62d23b963c.png,2025-12-21_Auto/00458738-158d-43bd-8409-7d62d23b963c.png,240387,.png,image,44fca9f10e493dd34510a1d7b3f00d11fac25a1a5500dd8b51dce233710100ce,2025-12-21T02:43:21.266Z,2025-12-21T02:43:21.330Z,00458738-158d-43bd-8409-7d62d23b963c,00458738-158d-43bd-8409-7d62d23b963c,false,,,ok,jpeg
GrokVault,full-vault-scan,/Users/philipbankier/Content/Grok IMagine/greymaker/GrokVault/2025-12-21_Auto/00efb302-6cbc-4c33-a402-58281beefd7d.png,2025-12-21_Auto/00efb302-6cbc-4c33-a402-58281beefd7d.png,206202,.png,image,20fcdd233ed4f148863fb556c98c87652b56f300de9ee59123a1b2165c5ae170,2025-12-21T01:18:54.599Z,2025-12-21T01:18:54.647Z,00efb302-6cbc-4c33-a402-58281beefd7d,00efb302-6cbc-4c33-a402-58281beefd7d,false,,,ok,jpeg
GrokVault,full-vault-scan,/Users/philipbankier/Content/Grok IMagine/greymaker/GrokVault/2025-12-21_Auto/0155ef31-4f05-4861-8f37-db091b40d0af.mp4,2025-12-21_Auto/0155ef31-4f05-4861-8f37-db091b40d0af.mp4,1339015,.mp4,video,f24332767652ba2b01f1206f9ac366588c7d06a6f5509d68a9a05709a74fe51d,2025-12-21T01:40:23.492Z,2025-12-21T01:40:23.493Z,0155ef31-4f05-4861-8f37-db091b40d0af,0155ef31-4f05-4861-8f37-db091b40d0af,false,,,ok,mp4-family
GrokVault,full-vault-scan,/Users/philipbankier/Content/Grok IMagine/greymaker/GrokVault/2025-12-21_Auto/01da1b52-0a86-4e46-8b16-8b57b582759c.mp4,2025-12-21_Auto/01da1b52-0a86-4e46-8b16-8b57b582759c.mp4,951173,.mp4,video,7ed10703c87404b5f8fbc36b322e06148a92e50226e5fd0ed6a29e8f35075e29,2025-12-21T03:24:32.466Z,2025-12-21T03:24:32.467Z,01da1b52-0a86-4e46-8b16-8b57b582759c,01da1b52-0a86-4e46-8b16-8b57b582759c,false,,,ok,mp4-family
GrokVault,full-vault-scan,/Users/philipbankier/Content/Grok IMagine/greymaker/GrokVault/2025-12-21_Auto/02892533-338c-4277-841a-b3a369703be3.png,2025-12-21_Auto/02892533-338c-4277-841a-b3a369703be3.png,243414,.png,image,82ea46a52996ea3391f55c1c9208772beab9b4816e8635c0b62b8b90452ac7c2,2025-12-21T01:25:42.929Z,2025-12-21T01:25:42.988Z,02892533-338c-4277-841a-b3a369703be3,02892533-338c-4277-841a-b3a369703be3,false,,,ok,jpeg
GrokVault,full-vault-scan,/Users/philipbankier/Content/Grok IMagine/greymaker/GrokVault/2025-12-21_Auto/030b1306-554c-44af-a3d5-5ec42d1dc7fd.png,2025-12-21_Auto/030b1306-554c-44af-a3d5-5ec42d1dc7fd.png,383814,.png,image,f89b7b795060d05ae96f5bf67a3a9763b718881ba7db2a6d665030c0c90881ac,2025-12-21T00:07:38.064Z,2025-12-21T00:07:38.124Z,030b1306-554c-44af-a3d5-5ec42d1dc7fd,030b1306-554c-44af-a3d5-5ec42d1dc7fd,false,,,ok,jpeg
GrokVault,full-vault-scan,/Users/philipbankier/Content/Grok IMagine/greymaker/GrokVault/2025-12-21_Auto/038050f0-a6ed-4839-b2dd-06b61d5dc8f4.mp4,2025-12-21_Auto/038050f0-a6ed-4839-b2dd-06b61d5dc8f4.mp4,3790149,.mp4,video,5e045da1b18f5c2962e76344da8ddb94e1d3ddc4ecbae02d8e95d10783f20f0e,2025-12-21T01:45:42.599Z,2025-12-21T01:45:42.603Z,038050f0-a6ed-4839-b2dd-06b61d5dc8f4,038050f0-a6ed-4839-b2dd-06b61d5dc8f4,false,,,ok,mp4-family
GrokVault,full-vault-scan,/Users/philipbankier/Content/Grok IMagine/greymaker/GrokVault/2025-12-21_Auto/03b013a1-de4e-421a-a455-818ae55c496d.mp4,2025-12-21_Auto/03b013a1-de4e-421a-a455-818ae55c496d.mp4,1306738,.mp4,video,e56208e235946567df1025193df70fe8801a15650a89f5434c2ba9eba6eeaf62,2025-12-21T01:05:26.784Z,2025-12-21T01:05:26.785Z,03b013a1-de4e-421a-a455-818ae55c496d,03b013a1-de4e-421a-a455-818ae55c496d,false,,,ok,mp4-family
GrokVault,full-vault-scan,/Users/philipbankier/Content/Grok IMagine/greymaker/GrokVault/2025-12-21_Auto/03fb6acc-1a98-43c1-bc32-04dc34947c4a.png,2025-12-21_Auto/03fb6acc-1a98-43c1-bc32-04dc34947c4a.png,311539,.png,image,54da590d57ab6e9bd1c68bf84a08392f584318c75c8dd4c5adadce6b5be7b794,2025-12-21T00:03:59.528Z,2025-12-21T00:03:59.586Z,03fb6acc-1a98-43c1-bc32-04dc34947c4a,03fb6acc-1a98-43c1-bc32-04dc34947c4a,false,,,ok,jpeg
GrokVault,full-vault-scan,/Users/philipbankier/Content/Grok IMagine/greymaker/GrokVault/2025-12-21_Auto/0430e97e-d044-45c0-b34d-7a8260f761c9.mp4,2025-12-21_Auto/0430e97e-d044-45c0-b34d-7a8260f761c9.mp4,2244870,.mp4,video,f4e25e1e4ad255574e83f8b9a0ba16017ef21ad1d6451eba09183bcb158935c2,2025-12-21T01:47:38.325Z,2025-12-21T01:47:38.328Z,0430e97e-d044-45c0-b34d-7a8260f761c9,0430e97e-d044-45c0-b34d-7a8260f761c9,false,,,ok,mp4-family
GrokVault,full-vault-scan,/Users/philipbankier/Content/Grok IMagine/greymaker/GrokVault/2025-12-21_Auto/049bcbe3-e9a5-4a86-9ed8-0432a819e62f.mp4,2025-12-21_Auto/049bcbe3-e9a5-4a86-9ed8-0432a819e62f.mp4,1920791,.mp4,video,2fca99c02783a2f2e4187af5b2842556fbd7e1d9e8d4475fe2a861565eb20c48,2025-12-21T01:02:39.460Z,2025-12-21T01:02:39.462Z,049bcbe3-e9a5-4a86-9ed8-0432a819e62f,049bcbe3-e9a5-4a86-9ed8-0432a819e62f,false,,,ok,mp4-family
GrokVault,full-vault-scan,/Users/philipbankier/Content/Grok IMagine/greymaker/GrokVault/2025-12-21_Auto/04a313b3-1e1e-4398-8e5d-8b4ff1c45789.png,2025-12-21_Auto/04a313b3-1e1e-4398-8e5d-8b4ff1c45789.png,287927,.png,image,cacc9dafedab443a48de11428029d0c94123c487dced5e21908cc10a0b3b3681,2025-12-21T00:29:06.418Z,2025-12-21T00:29:06.484Z,04a313b3-1e1e-4398-8e5d-8b4ff1c45789,04a313b3-1e1e-4398-8e5d-8b4ff1c45789,false,,,ok,jpeg
GrokVault,full-vault-scan,/Users/philipbankier/Content/Grok IMagine/greymaker/GrokVault/2025-12-21_Auto/04faa534-871b-4e61-a252-8f2ff2ccf57c.mp4,2025-12-21_Auto/04faa534-871b-4e61-a252-8f2ff2ccf57c.mp4,3109593,.mp4,video,44755aef54cd583e4fd43e858bf65a69dcc5d5174e1d2f11f458efdb4460aae8,2025-12-21T01:03:12.890Z,2025-12-21T01:03:12.893Z,04faa534-871b-4e61-a252-8f2ff2ccf57c,04faa534-871b-4e61-a252-8f2ff2ccf57c,false,,,ok,mp4-family
GrokVault,full-vault-scan,/Users/philipbankier/Content/Grok IMagine/greymaker/GrokVault/2025-12-21_Auto/052149d9-bf99-434d-96a7-590c4224a61e.png,2025-12-21_Auto/052149d9-bf99-434d-96a7-590c4224a61e.png,243626,.png,image,4eae273a554d769b1637b3b6f8fb8601422b26341f870b08ead857b69e5320f9,2025-12-21T02:55:59.712Z,2025-12-21T02:55:59.776Z,052149d9-bf99-434d-96a7-590c4224a61e,052149d9-bf99-434d-96a7-590c4224a61e,false,,,ok,jpeg
GrokVault,full-vault-scan,/Users/philipbankier/Content/Grok IMagine/greymaker/GrokVault/2025-12-21_Auto/055b87ff-dfa3-4006-8426-561e8cd18ceb.png,2025-12-21_Auto/055b87ff-dfa3-4006-8426-561e8cd18ceb.png,324242,.png,image,3eb31041423b1ad5b24da2423f8c85b5e6ebc77c34e12d9e3b170743cac8fc6a,2025-12-21T00:05:31.908Z,2025-12-21T00:05:31.967Z,055b87ff-dfa3-4006-8426-561e8cd18ceb,055b87ff-dfa3-4006-8426-561e8cd18ceb,false,,,ok,jpeg
GrokVault,full-vault-scan,/Users/philipbankier/Content/Grok IMagine/greymaker/GrokVault/2025-12-21_Auto/05acef01-1ea0-44b2-9b02-894242320517.png,2025-12-21_Auto/05acef01-1ea0-44b2-9b02-894242320517.png,259410,.png,image,9682cc9ec6c0d80141d6ed603013175fd91637e750722533ebdd61195b22a0cc,2025-12-21T01:31:26.931Z,2025-12-21T01:31:26.995Z,05acef01-1ea0-44b2-9b02-894242320517,05acef01-1ea0-44b2-9b02-894242320517,false,,,ok,jpeg
GrokVault,full-vault-scan,/Users/philipbankier/Content/Grok IMagine/greymaker/GrokVault/2025-12-21_Auto/05ad0cf6-ea4d-4018-84bc-a8157df928c6.mp4,2025-12-21_Auto/05ad0cf6-ea4d-4018-84bc-a8157df928c6.mp4,1380318,.mp4,video,903ceec806c99b37544a39c49d0d6ee77bc184770eba089460ab4d63cf3d42a1,2025-12-21T02:08:54.496Z,2025-12-21T02:08:54.497Z,05ad0cf6-ea4d-4018-84bc-a8157df928c6,05ad0cf6-ea4d-4018-84bc-a8157df928c6,false,,,ok,mp4-family
GrokVault,full-vault-scan,/Users/philipbankier/Content/Grok IMagine/greymaker/GrokVault/2025-12-21_Auto/05b73549-535c-4d02-b4a9-cda28a09030c.mp4,2025-12-21_Auto/05b73549-535c-4d02-b4a9-cda28a09030c.mp4,2866957,.mp4,video,1997747da7a424b86996ef65ca203d5a01fb1a664df931a0e7383dba534c1b3b,2025-12-21T01:53:41.843Z,2025-12-21T01:53:41.846Z,05b73549-535c-4d02-b4a9-cda28a09030c,05b73549-535c-4d02-b4a9-cda28a09030c,false,,,ok,mp4-family
GrokVault,full-vault-scan,/Users/philipbankier/Content/Grok IMagine/greymaker/GrokVault/2025-12-21_Auto/05c7c4e6-ccd8-4e27-a2d1-ba93471f3154.png,2025-12-21_Auto/05c7c4e6-ccd8-4e27-a2d1-ba93471f3154.png,283006,.png,image,dbc7525f052074b95a0175dacf06ab2f347f8c9998ed2cdddf06aa3e23545397,2025-12-21T00:35:44.506Z,2025-12-21T00:35:44.564Z,05c7c4e6-ccd8-4e27-a2d1-ba93471f3154,05c7c4e6-ccd8-4e27-a2d1-ba93471f3154,false,,,ok,jpeg
GrokVault,full-vault-scan,/Users/philipbankier/Content/Grok IMagine/greymaker/GrokVault/2025-12-21_Auto/05f2ce95-3ac2-4736-a114-8074e4b45637.mp4,2025-12-21_Auto/05f2ce95-3ac2-4736-a114-8074e4b45637.mp4,1271017,.mp4,video,7f1be40f2ab9eee26be5ef272188a9c2b75de5de889f25557bf387008f8fad5e,2025-12-21T00:09:29.292Z,2025-12-21T00:09:29.294Z,05f2ce95-3ac2-4736-a114-8074e4b45637,05f2ce95-3ac2-4736-a114-8074e4b45637,false,,,ok,mp4-family
GrokVault,full-vault-scan,/Users/philipbankier/Content/Grok IMagine/greymaker/GrokVault/2025-12-21_Auto/0666dbbd-7985-44fa-b953-dbc6b8b34aac.mp4,2025-12-21_Auto/0666dbbd-7985-44fa-b953-dbc6b8b34aac.mp4,1685742,.mp4,video,6ced47e29526a83c2618ac218933893a034fb780e890a48890aeeae1e2f2acaa,2025-12-21T00:18:55.797Z,2025-12-21T00:18:55.798Z,0666dbbd-7985-44fa-b953-dbc6b8b34aac,0666dbbd-7985-44fa-b953-dbc6b8b34aac,false,,,ok,mp4-family
GrokVault,full-vault-scan,/Users/philipbankier/Content/Grok IMagine/greymaker/GrokVault/2025-12-21_Auto/067c34d2-647c-4acb-97fe-0963603f9dc9.mp4,2025-12-21_Auto/067c34d2-647c-4acb-97fe-0963603f9dc9.mp4,1655235,.mp4,video,fd0c2f9342b1a38d55174d10a2d1fb3604d34f2afdc87251c1f2566322572c87,2025-12-21T00:47:14.908Z,2025-12-21T00:47:14.909Z,067c34d2-647c-4acb-97fe-0963603f9dc9,067c34d2-647c-4acb-97fe-0963603f9dc9,false,,,ok,mp4-family
GrokVault,full-vault-scan,/Users/philipbankier/Content/Grok IMagine/greymaker/GrokVault/2025-12-21_Auto/06eaca92-5407-46eb-b2df-d5c55207ae56.mp4,2025-12-21_Auto/06eaca92-5407-46eb-b2df-d5c55207ae56.mp4,1407433,.mp4,video,9c8828dd5473167f71d8f3a09155a6dbebbb48e20318baf16025f571e83e658c,2025-12-21T01:24:13.024Z,2025-12-21T01:24:13.025Z,06eaca92-5407-46eb-b2df-d5c55207ae56,06eaca92-5407-46eb-b2df-d5c55207ae56,false,,,ok,mp4-family
GrokVault,full-vault-scan,/Users/philipbankier/Content/Grok IMagine/greymaker/GrokVault/2025-12-21_Auto/083988fc-3d96-436a-8378-fad4e7cb7cff.mp4,2025-12-21_Auto/083988fc-3d96-436a-8378-fad4e7cb7cff.mp4,1116407,.mp4,video,d322891a0c27169bb8d9258b4171a5f16e8cf84a4d0192a1feed6e1ed94ca2ae,2025-12-21T01:21:16.684Z,2025-12-21T01:21:16.685Z,083988fc-3d96-436a-8378-fad4e7cb7cff,083988fc-3d96-436a-8378-fad4e7cb7cff,false,,,ok,mp4-family
GrokVault,full-vault-scan,/Users/philipbankier/Content/Grok IMagine/greymaker/GrokVault/2025-12-21_Auto/0887b652-591f-4919-be46-d3812781e117.png,2025-12-21_Auto/0887b652-591f-4919-be46-d3812781e117.png,275383,.png,image,8725b6c3d7ce4796d741a96281f87f6878bf312f3c9d35fc61ccc6c7a70985d8,2025-12-21T02:09:36.496Z,2025-12-21T02:09:36.570Z,0887b652-591f-4919-be46-d3812781e117,0887b652-591f-4919-be46-d3812781e117,false,,,ok,jpeg
GrokVault,full-vault-scan,/Users/philipbankier/Content/Grok IMagine/greymaker/GrokVault/2025-12-21_Auto/08a7a08a-90e0-4a0a-971f-4d529ad3110f.png,2025-12-21_Auto/08a7a08a-90e0-4a0a-971f-4d529ad3110f.png,275957,.png,image,5958fe407324e36a0cb52bd948bcce536c0dfa94c174a41124baeb9b76ef0eb1,2025-12-21T01:42:34.570Z,2025-12-21T01:42:34.633Z,08a7a08a-90e0-4a0a-971f-4d529ad3110f,08a7a08a-90e0-4a0a-971f-4d529ad3110f,false,,,ok,jpeg
GrokVault,full-vault-scan,/Users/philipbankier/Content/Grok IMagine/greymaker/GrokVault/2025-12-21_Auto/094cc578-b6d0-4271-a16c-9237ffa09e5e.png,2025-12-21_Auto/094cc578-b6d0-4271-a16c-9237ffa09e5e.png,205096,.png,image,47a6964238e4aadf8582b75d31dd98cd1ca66a29113474f2ed017ef216bfae81,2025-12-21T00:23:31.742Z,2025-12-21T00:23:31.802Z,094cc578-b6d0-4271-a16c-9237ffa09e5e,094cc578-b6d0-4271-a16c-9237ffa09e5e,false,,,ok,jpeg
GrokVault,full-vault-scan,/Users/philipbankier/Content/Grok IMagine/greymaker/GrokVault/2025-12-21_Auto/097aecfd-01a9-467b-966f-911bad11802a.png,2025-12-21_Auto/097aecfd-01a9-467b-966f-911bad11802a.png,333223,.png,image,ee729ec2f2e2dc0c7a57ada4d673430fdc020b98b56c5becb38f0152861b0408,2025-12-21T00:46:42.502Z,2025-12-21T00:46:42.561Z,097aecfd-01a9-467b-966f-911bad11802a,097aecfd-01a9-467b-966f-911bad11802a,false,,,ok,jpeg
GrokVault,full-vault-scan,/Users/philipbankier/Content/Grok IMagine/greymaker/GrokVault/2025-12-21_Auto/097dfbd2-0a14-4134-a72c-606715c37ac2.png,2025-12-21_Auto/097dfbd2-0a14-4134-a72c-606715c37ac2.png,244635,.png,image,e84000640cad3191ff43843144643ac8e2f761503b9798f9b23c7c5d3039e7cd,2025-12-21T02:47:47.810Z,2025-12-21T02:47:47.867Z,097dfbd2-0a14-4134-a72c-606715c37ac2,097dfbd2-0a14-4134-a72c-606715c37ac2,false,,,ok,jpeg
GrokVault,full-vault-scan,/Users/philipbankier/Content/Grok IMagine/greymaker/GrokVault/2025-12-21_Auto/0a3bc2f6-cc36-4d26-8d2d-32f0090ebc6c.png,2025-12-21_Auto/0a3bc2f6-cc36-4d26-8d2d-32f0090ebc6c.png,232042,.png,image,8bffd25ff284445f12c70a6718ca3714db72ce383f82767d2ec26fe48d232292,2025-12-21T02:36:29.837Z,2025-12-21T02:36:29.895Z,0a3bc2f6-cc36-4d26-8d2d-32f0090ebc6c,0a3bc2f6-cc36-4d26-8d2d-32f0090ebc6c,false,,,ok,jpeg
GrokVault,full-vault-scan,/Users/philipbankier/Content/Grok IMagine/greymaker/GrokVault/2025-12-21_Auto/0a5d34b4-1566-4751-99fa-07a06206829e.png,2025-12-21_Auto/0a5d34b4-1566-4751-99fa-07a06206829e.png,262343,.png,image,4df5e132a1b4dd2c427c3f27de09876e1aaf7689192b628e26a00877865e7fa9,2025-12-21T01:17:09.621Z,2025-12-21T01:17:09.640Z,0a5d34b4-1566-4751-99fa-07a06206829e,0a5d34b4-1566-4751-99fa-07a06206829e,false,,,ok,jpeg
GrokVault,full-vault-scan,/Users/philipbankier/Content/Grok IMagine/greymaker/GrokVault/2025-12-21_Auto/0aa726a1-11ed-4c6e-aff9-735aa1fb3900.png,2025-12-21_Auto/0aa726a1-11ed-4c6e-aff9-735aa1fb3900.png,201581,.png,image,b4f46d6a88f53b78b67aef84c252852f16b7969b2ec37774b833eab3a286afad,2025-12-21T02:49:17.337Z,2025-12-21T02:49:17.395Z,0aa726a1-11ed-4c6e-aff9-735aa1fb3900,0aa726a1-11ed-4c6e-aff9-735aa1fb3900,false,,,ok,jpeg
GrokVault,full-vault-scan,/Users/philipbankier/Content/Grok IMagine/greymaker/GrokVault/2025-12-21_Auto/0afc5302-b5bf-4127-a569-25caf7769f18.png,2025-12-21_Auto/0afc5302-b5bf-4127-a569-25caf7769f18.png,260553,.png,image,d32963bc08a07fb1d7ffc3e9ede291466dd3c486e62bcdee668117271ed7d384,2025-12-21T02:15:52.613Z,2025-12-21T02:15:52.687Z,0afc5302-b5bf-4127-a569-25caf7769f18,0afc5302-b5bf-4127-a569-25caf7769f18,false,,,ok,jpeg
GrokVault,full-vault-scan,/Users/philipbankier/Content/Grok IMagine/greymaker/GrokVault/2025-12-21_Auto/0b16b5ca-417c-4636-b439-2f5002a64f1b.mp4,2025-12-21_Auto/0b16b5ca-417c-4636-b439-2f5002a64f1b.mp4,2770023,.mp4,video,2b331cee52446763cda09f3eb2216064e8e496ca00a012354d77b6b96c3ef382,2025-12-21T00:05:46.501Z,2025-12-21T00:05:46.505Z,0b16b5ca-417c-4636-b439-2f5002a64f1b,0b16b5ca-417c-4636-b439-2f5002a64f1b,false,,,ok,mp4-family
GrokVault,full-vault-scan,/Users/philipbankier/Content/Grok IMagine/greymaker/GrokVault/2025-12-21_Auto/0c015a91-117c-4d85-a9c3-33ed16522ef9.png,2025-12-21_Auto/0c015a91-117c-4d85-a9c3-33ed16522ef9.png,257085,.png,image,5676be61e6b984776ad4c7f6792b6c277450b656c71a27585913b0bda04ef456,2025-12-21T02:56:21.691Z,2025-12-21T02:56:21.759Z,0c015a91-117c-4d85-a9c3-33ed16522ef9,0c015a91-117c-4d85-a9c3-33ed16522ef9,false,,,ok,jpeg
GrokVault,full-vault-scan,/Users/philipbankier/Content/Grok IMagine/greymaker/GrokVault/2025-12-21_Auto/0d31da64-5bac-430a-b67b-b0509bf2f75d.png,2025-12-21_Auto/0d31da64-5bac-430a-b67b-b0509bf2f75d.png,198172,.png,image,94698a85316e13bbc19d59be6134c080e4b048726e2efcd9e2b190a815f63b04,2025-12-21T02:25:51.135Z,2025-12-21T02:25:51.194Z,0d31da64-5bac-430a-b67b-b0509bf2f75d,0d31da64-5bac-430a-b67b-b0509bf2f75d,false,,,ok,jpeg
GrokVault,full-vault-scan,/Users/philipbankier/Content/Grok IMagine/greymaker/GrokVault/2025-12-21_Auto/0e612fc8-1b06-4ed1-a651-58c6f23c86e7.png,2025-12-21_Auto/0e612fc8-1b06-4ed1-a651-58c6f23c86e7.png,219506,.png,image,a3cf46f832e3eb96697f28e7d507958ed602b07c2adaa360dd9c1769917a763d,2025-12-21T02:09:15.488Z,2025-12-21T02:09:15.548Z,0e612fc8-1b06-4ed1-a651-58c6f23c86e7,0e612fc8-1b06-4ed1-a651-58c6f23c86e7,false,,,ok,jpeg
GrokVault,full-vault-scan,/Users/philipbankier/Content/Grok IMagine/greymaker/GrokVault/2025-12-21_Auto/0e6ebd88-1c4d-4019-8d19-cf036b898a22.mp4,2025-12-21_Auto/0e6ebd88-1c4d-4019-8d19-cf036b898a22.mp4,1233880,.mp4,video,f513a2681f080a01016ea68845859c965b2d4112c4bced432055a5f66023b820,2025-12-21T03:33:15.682Z,2025-12-21T03:33:15.684Z,0e6ebd88-1c4d-4019-8d19-cf036b898a22,0e6ebd88-1c4d-4019-8d19-cf036b898a22,false,,,ok,mp4-family
GrokVault,full-vault-scan,/Users/philipbankier/Content/Grok IMagine/greymaker/GrokVault/2025-12-21_Auto/0ea56ac3-c7d9-4ace-ba3b-0547161c4784.mp4,2025-12-21_Auto/0ea56ac3-c7d9-4ace-ba3b-0547161c4784.mp4,1985399,.mp4,video,3c08c34bbd3d83c52ef3c37b125adc08e99de8183d8fabb01d493dcff1a2f66e,2025-12-21T03:03:22.026Z,2025-12-21T03:03:22.028Z,0ea56ac3-c7d9-4ace-ba3b-0547161c4784,0ea56ac3-c7d9-4ace-ba3b-0547161c4784,false,,,ok,mp4-family
GrokVault,full-vault-scan,/Users/philipbankier/Content/Grok IMagine/greymaker/GrokVault/2025-12-21_Auto/0ed8fe47-7598-4b7a-8bf3-b9da783d2aa0.mp4,2025-12-21_Auto/0ed8fe47-7598-4b7a-8bf3-b9da783d2aa0.mp4,1832240,.mp4,video,fa32fa5cdd4c50b19a9f78d6e52b30fb118265d28666c0cb1d69f31cb682838b,2025-12-21T00:09:10.375Z,2025-12-21T00:09:10.379Z,0ed8fe47-7598-4b7a-8bf3-b9da783d2aa0,0ed8fe47-7598-4b7a-8bf3-b9da783d2aa0,false,,,ok,mp4-family
GrokVault,full-vault-scan,/Users/philipbankier/Content/Grok IMagine/greymaker/GrokVault/2025-12-21_Auto/0eda33e4-75c8-46e3-9bfa-b50240549736.mp4,2025-12-21_Auto/0eda33e4-75c8-46e3-9bfa-b50240549736.mp4,1610963,.mp4,video,090a7f28794974a5428ff75e3bf63c32cb7dfd893bdee45fb8666964cdf0760d,2025-12-21T01:15:23.747Z,2025-12-21T01:15:23.749Z,0eda33e4-75c8-46e3-9bfa-b50240549736,0eda33e4-75c8-46e3-9bfa-b50240549736,false,,,ok,mp4-family
GrokVault,full-vault-scan,/Users/philipbankier/Content/Grok IMagine/greymaker/GrokVault/2025-12-21_Auto/0f5e2695-91fc-4c7d-9548-cdf651726f90.mp4,2025-12-21_Auto/0f5e2695-91fc-4c7d-9548-cdf651726f90.mp4,1019089,.mp4,video,4a18958630c2bf4b9496a1b0535fcf4943baaadfb1a45af238e074a9633895a9,2025-12-21T02:04:10.208Z,2025-12-21T02:04:10.209Z,0f5e2695-91fc-4c7d-9548-cdf651726f90,0f5e2695-91fc-4c7d-9548-cdf651726f90,false,,,ok,mp4-family
GrokVault,full-vault-scan,/Users/philipbankier/Content/Grok IMagine/greymaker/GrokVault/2025-12-21_Auto/0f68c404-0d47-4a99-a5c0-58ddcf96a3ea.png,2025-12-21_Auto/0f68c404-0d47-4a99-a5c0-58ddcf96a3ea.png,332151,.png,image,00155fd35ae36fd148676a714874c53643addcb507f9c2cbb1f1670e5c43f250,2025-12-21T01:59:56.393Z,2025-12-21T01:59:56.459Z,0f68c404-0d47-4a99-a5c0-58ddcf96a3ea,0f68c404-0d47-4a99-a5c0-58ddcf96a3ea,false,,,ok,jpeg
GrokVault,full-vault-scan,/Users/philipbankier/Content/Grok IMagine/greymaker/GrokVault/2025-12-21_Auto/1035464c-b60f-4425-bb93-09194b869a0a.png,2025-12-21_Auto/1035464c-b60f-4425-bb93-09194b869a0a.png,153586,.png,image,68d28f62d7b95b9b187f646b9822085be4c8ed63d55e05090de0c42e20a4b762,2025-12-21T03:44:00.041Z,2025-12-21T03:44:00.104Z,1035464c-b60f-4425-bb93-09194b869a0a,1035464c-b60f-4425-bb93-09194b869a0a,false,,,ok,jpeg
GrokVault,full-vault-scan,/Users/philipbankier/Content/Grok IMagine/greymaker/GrokVault/2025-12-21_Auto/103b8caa-1523-4adc-abd9-855b54d136da.mp4,2025-12-21_Auto/103b8caa-1523-4adc-abd9-855b54d136da.mp4,2217514,.mp4,video,a20297191a1b2bd899304e2b6f047491e5a857b6c2b093d7c67a5c5687e68f71,2025-12-21T02:56:43.880Z,2025-12-21T02:56:43.882Z,103b8caa-1523-4adc-abd9-855b54d136da,103b8caa-1523-4adc-abd9-855b54d136da,false,,,ok,mp4-family
GrokVault,full-vault-scan,/Users/philipbankier/Content/Grok IMagine/greymaker/GrokVault/2025-12-21_Auto/1051eea8-7660-48c3-996b-296ce265bc80.png,2025-12-21_Auto/1051eea8-7660-48c3-996b-296ce265bc80.png,268731,.png,image,4a6d8650f7cf8aa8a39915809c8a947ca7cb7e50f66a1fe7edfa80e506a7619b,2025-12-21T00:38:53.979Z,2025-12-21T00:38:54.037Z,1051eea8-7660-48c3-996b-296ce265bc80,1051eea8-7660-48c3-996b-296ce265bc80,false,,,ok,jpeg
GrokVault,full-vault-scan,/Users/philipbankier/Content/Grok IMagine/greymaker/GrokVault/2025-12-21_Auto/10a32d74-de28-432f-b9af-3c8a142a8e34.png,2025-12-21_Auto/10a32d74-de28-432f-b9af-3c8a142a8e34.png,212865,.png,image,32586f91a46fba1ecc6db405805489dda07b22beed145cf023575430a8c51767,2025-12-21T02:34:45.304Z,2025-12-21T02:34:45.361Z,10a32d74-de28-432f-b9af-3c8a142a8e34,10a32d74-de28-432f-b9af-3c8a142a8e34,false,,,ok,jpeg
GrokVault,full-vault-scan,/Users/philipbankier/Content/Grok IMagine/greymaker/GrokVault/2025-12-21_Auto/1211ce0f-6faf-48ce-896c-9eaafbcfed66.mp4,2025-12-21_Auto/1211ce0f-6faf-48ce-896c-9eaafbcfed66.mp4,1415370,.mp4,video,ae39dba2edf8cbcef1780b6f25aedcafe050b8ba6ec4f464760b63f37bfdef48,2025-12-21T01:41:20.923Z,2025-12-21T01:41:20.925Z,1211ce0f-6faf-48ce-896c-9eaafbcfed66,1211ce0f-6faf-48ce-896c-9eaafbcfed66,false,,,ok,mp4-family
GrokVault,full-vault-scan,/Users/philipbankier/Content/Grok IMagine/greymaker/GrokVault/2025-12-21_Auto/12a14e36-f486-4425-9c8e-e40e227f269f.mp4,2025-12-21_Auto/12a14e36-f486-4425-9c8e-e40e227f269f.mp4,1584196,.mp4,video,8247c0ffbfadf3d4458f4eb5e97fd5079096ba32f11eb4ea84cb7c6a5db1e351,2025-12-21T00:15:18.601Z,2025-12-21T00:15:18.603Z,12a14e36-f486-4425-9c8e-e40e227f269f,12a14e36-f486-4425-9c8e-e40e227f269f,false,,,ok,mp4-family
GrokVault,full-vault-scan,/Users/philipbankier/Content/Grok IMagine/greymaker/GrokVault/2025-12-21_Auto/12ccc8a8-29cf-4ddb-be32-2a718beed465.png,2025-12-21_Auto/12ccc8a8-29cf-4ddb-be32-2a718beed465.png,326445,.png,image,e05cf713cf14b9ce35cac5080bbb93b5d951b695c2b98088d5ac0fbc1c89c0d4,2025-12-21T00:07:04.303Z,2025-12-21T00:07:04.600Z,12ccc8a8-29cf-4ddb-be32-2a718beed465,12ccc8a8-29cf-4ddb-be32-2a718beed465,false,,,ok,jpeg
GrokVault,full-vault-scan,/Users/philipbankier/Content/Grok IMagine/greymaker/GrokVault/2025-12-21_Auto/12e9484a-8fad-41b0-ac97-d1952f2eed05.png,2025-12-21_Auto/12e9484a-8fad-41b0-ac97-d1952f2eed05.png,291264,.png,image,02b66b6fd2332af8743623babd567190deaf5ba73ac1e35dfe86e017dad0d123,2025-12-21T01:52:23.657Z,2025-12-21T01:52:23.715Z,12e9484a-8fad-41b0-ac97-d1952f2eed05,12e9484a-8fad-41b0-ac97-d1952f2eed05,false,,,ok,jpeg
GrokVault,full-vault-scan,/Users/philipbankier/Content/Grok IMagine/greymaker/GrokVault/2025-12-21_Auto/13dbfa3d-6f4b-4758-860e-7b4b80105c22.png,2025-12-21_Auto/13dbfa3d-6f4b-4758-860e-7b4b80105c22.png,334322,.png,image,e57221b3064ea83fa6a523d1df53149080539b2debd90ad5ea82d4f16944b6f0,2025-12-21T01:57:14.572Z,2025-12-21T01:57:14.634Z,13dbfa3d-6f4b-4758-860e-7b4b80105c22,13dbfa3d-6f4b-4758-860e-7b4b80105c22,false,,,ok,jpeg
GrokVault,full-vault-scan,/Users/philipbankier/Content/Grok IMagine/greymaker/GrokVault/2025-12-21_Auto/1468e094-8a86-4fd9-ab35-64b2f815643d.png,2025-12-21_Auto/1468e094-8a86-4fd9-ab35-64b2f815643d.png,362739,.png,image,eb156673df7aa0f8c4a6c1a897ef35121395a193c5c89d83b0ccb32c0967c208,2025-12-21T00:30:09.725Z,2025-12-21T00:30:09.803Z,1468e094-8a86-4fd9-ab35-64b2f815643d,1468e094-8a86-4fd9-ab35-64b2f815643d,false,,,ok,jpeg
GrokVault,full-vault-scan,/Users/philipbankier/Content/Grok IMagine/greymaker/GrokVault/2025-12-21_Auto/15131cdc-3526-4129-9dd6-2dbd4e05e7d6.png,2025-12-21_Auto/15131cdc-3526-4129-9dd6-2dbd4e05e7d6.png,193761,.png,image,ceae31ed3f3c5638dcfbea6f44627bca5c4c032008ea4923be5cf8ac557bf3ba,2025-12-21T02:48:32.239Z,2025-12-21T02:48:32.309Z,15131cdc-3526-4129-9dd6-2dbd4e05e7d6,15131cdc-3526-4129-9dd6-2dbd4e05e7d6,false,,,ok,jpeg
GrokVault,full-vault-scan,/Users/philipbankier/Content/Grok IMagine/greymaker/GrokVault/2025-12-21_Auto/15b15124-d5a7-4aca-893d-73f462e04be1.png,2025-12-21_Auto/15b15124-d5a7-4aca-893d-73f462e04be1.png,277968,.png,image,4c6167ec53b593fcf092525060881b2049a589004434f70ad71e086e4cbdf388,2025-12-21T01:41:58.072Z,2025-12-21T01:41:58.135Z,15b15124-d5a7-4aca-893d-73f462e04be1,15b15124-d5a7-4aca-893d-73f462e04be1,false,,,ok,jpeg
GrokVault,full-vault-scan,/Users/philipbankier/Content/Grok IMagine/greymaker/GrokVault/2025-12-21_Auto/1645f208-efc1-4c43-8622-0044c2622c60.png,2025-12-21_Auto/1645f208-efc1-4c43-8622-0044c2622c60.png,230837,.png,image,62ceee1b9579914f40929baff295fc2594ac88c0bea42c77c283bc26428c7279,2025-12-21T02:27:36.167Z,2025-12-21T02:27:36.235Z,1645f208-efc1-4c43-8622-0044c2622c60,1645f208-efc1-4c43-8622-0044c2622c60,false,,,ok,jpeg
GrokVault,full-vault-scan,/Users/philipbankier/Content/Grok IMagine/greymaker/GrokVault/2025-12-21_Auto/16d6a689-8644-4a09-8658-59545b25d556.png,2025-12-21_Auto/16d6a689-8644-4a09-8658-59545b25d556.png,146334,.png,image,4612488b4d24f14b2ca9273cc3e8653dfae6e308e735fb22c3fafbbf50306d9b,2025-12-21T03:44:26.599Z,2025-12-21T03:44:26.669Z,16d6a689-8644-4a09-8658-59545b25d556,16d6a689-8644-4a09-8658-59545b25d556,false,,,ok,jpeg
GrokVault,full-vault-scan,/Users/philipbankier/Content/Grok IMagine/greymaker/GrokVault/2025-12-21_Auto/17663a4d-e12a-4700-af61-efa8af0ce310.png,2025-12-21_Auto/17663a4d-e12a-4700-af61-efa8af0ce310.png,199346,.png,image,503d8634f19c1fb2f7b9270dfbd9d30ceafcc431d4514a1475725530006f33e0,2025-12-21T01:26:18.289Z,2025-12-21T01:26:18.350Z,17663a4d-e12a-4700-af61-efa8af0ce310,17663a4d-e12a-4700-af61-efa8af0ce310,false,,,ok,jpeg
GrokVault,full-vault-scan,/Users/philipbankier/Content/Grok IMagine/greymaker/GrokVault/2025-12-21_Auto/17bd0977-3612-4c6c-a751-19f30beb51dc.png,2025-12-21_Auto/17bd0977-3612-4c6c-a751-19f30beb51dc.png,286182,.png,image,f6cbd16bd968d1cc14cf558c38186bfaf2708011aa48106b891b59d65bca88c1,2025-12-21T00:27:30.205Z,2025-12-21T00:27:30.274Z,17bd0977-3612-4c6c-a751-19f30beb51dc,17bd0977-3612-4c6c-a751-19f30beb51dc,false,,,ok,jpeg
GrokVault,full-vault-scan,/Users/philipbankier/Content/Grok IMagine/greymaker/GrokVault/2025-12-21_Auto/17d09a19-0c94-4f0a-9141-9668bf342b7a.png,2025-12-21_Auto/17d09a19-0c94-4f0a-9141-9668bf342b7a.png,322960,.png,image,8fe47b90da4b1d59255ca7c226dc245689af961e81a317121817614bc93c3659,2025-12-21T02:00:17.654Z,2025-12-21T02:00:17.714Z,17d09a19-0c94-4f0a-9141-9668bf342b7a,17d09a19-0c94-4f0a-9141-9668bf342b7a,false,,,ok,jpeg
GrokVault,full-vault-scan,/Users/philipbankier/Content/Grok IMagine/greymaker/GrokVault/2025-12-21_Auto/18c54f0f-61a7-4123-b920-c567c61e557e.png,2025-12-21_Auto/18c54f0f-61a7-4123-b920-c567c61e557e.png,255666,.png,image,0f3ba2f544104ceed8ed125ddb62580223ba33f918a4abdfb597a971e1340caf,2025-12-21T02:41:32.490Z,2025-12-21T02:41:32.557Z,18c54f0f-61a7-4123-b920-c567c61e557e,18c54f0f-61a7-4123-b920-c567c61e557e,false,,,ok,jpeg
GrokVault,full-vault-scan,/Users/philipbankier/Content/Grok IMagine/greymaker/GrokVault/2025-12-21_Auto/1a72e5af-b2c2-4c87-af1b-c3d4cae14db6.png,2025-12-21_Auto/1a72e5af-b2c2-4c87-af1b-c3d4cae14db6.png,217623,.png,image,8e05e915b6f99c997469fcd1556740575a33547df271ee82bb5471c70bf170e8,2025-12-21T03:15:59.846Z,2025-12-21T03:15:59.914Z,1a72e5af-b2c2-4c87-af1b-c3d4cae14db6,1a72e5af-b2c2-4c87-af1b-c3d4cae14db6,false,,,ok,jpeg
GrokVault,full-vault-scan,/Users/philipbankier/Content/Grok IMagine/greymaker/GrokVault/2025-12-21_Auto/1a96b523-f31d-4fd5-963f-db3a09163362.mp4,2025-12-21_Auto/1a96b523-f31d-4fd5-963f-db3a09163362.mp4,2259967,.mp4,video,862aa6dc1590a3370391af91dee04cc941cac4d096a7633c28c32c7213acf449,2025-12-21T00:58:25.169Z,2025-12-21T00:58:25.171Z,1a96b523-f31d-4fd5-963f-db3a09163362,1a96b523-f31d-4fd5-963f-db3a09163362,false,,,ok,mp4-family
GrokVault,full-vault-scan,/Users/philipbankier/Content/Grok IMagine/greymaker/GrokVault/2025-12-21_Auto/1aa52e9b-4522-4980-8298-5564cc301ab0.png,2025-12-21_Auto/1aa52e9b-4522-4980-8298-5564cc301ab0.png,399888,.png,image,2c3abc14372c58e4b31df2f338d3868a138e983e1ebd7af50e5c91912227c1ef,2025-12-21T00:54:34.608Z,2025-12-21T00:54:34.689Z,1aa52e9b-4522-4980-8298-5564cc301ab0,1aa52e9b-4522-4980-8298-5564cc301ab0,false,,,ok,jpeg
GrokVault,full-vault-scan,/Users/philipbankier/Content/Grok IMagine/greymaker/GrokVault/2025-12-21_Auto/1b33279f-4739-4771-b23d-d2a4b37bf9d0.png,2025-12-21_Auto/1b33279f-4739-4771-b23d-d2a4b37bf9d0.png,348488,.png,image,29bdb2d92f70d309dd5cb1fc33f52a6f25b8403d159780ef3f2393e36dc6cde4,2025-12-21T00:19:57.521Z,2025-12-21T00:19:57.521Z,1b33279f-4739-4771-b23d-d2a4b37bf9d0,1b33279f-4739-4771-b23d-d2a4b37bf9d0,false,,,ok,jpeg
GrokVault,full-vault-scan,/Users/philipbankier/Content/Grok IMagine/greymaker/GrokVault/2025-12-21_Auto/1b4c7a8b-3278-4666-b45a-06a309f4e362.png,2025-12-21_Auto/1b4c7a8b-3278-4666-b45a-06a309f4e362.png,262883,.png,image,db4174c38bfb21f38f7bed013f8bedfa0f74df7c1c715c16635f536c9b4cf462,2025-12-21T02:08:12.712Z,2025-12-21T02:08:12.781Z,1b4c7a8b-3278-4666-b45a-06a309f4e362,1b4c7a8b-3278-4666-b45a-06a309f4e362,false,,,ok,jpeg
GrokVault,full-vault-scan,/Users/philipbankier/Content/Grok IMagine/greymaker/GrokVault/2025-12-21_Auto/1b986ac9-8b88-417a-9630-94ca74afcada.png,2025-12-21_Auto/1b986ac9-8b88-417a-9630-94ca74afcada.png,232829,.png,image,33a3f50aef8f0a52384d397850a014a22998c454fe8ddbb122f9aaf767fad0af,2025-12-21T01:27:12.885Z,2025-12-21T01:27:12.945Z,1b986ac9-8b88-417a-9630-94ca74afcada,1b986ac9-8b88-417a-9630-94ca74afcada,false,,,ok,jpeg
GrokVault,full-vault-scan,/Users/philipbankier/Content/Grok IMagine/greymaker/GrokVault/2025-12-21_Auto/1ba63ffe-3118-4957-b1ac-ff96b2bf1703.png,2025-12-21_Auto/1ba63ffe-3118-4957-b1ac-ff96b2bf1703.png,343750,.png,image,bc9fe5490c9c8204b4a0b117c0c9edf653daefd0d58cf058e25f584e5fb54fec,2025-12-21T01:54:57.301Z,2025-12-21T01:54:57.371Z,1ba63ffe-3118-4957-b1ac-ff96b2bf1703,1ba63ffe-3118-4957-b1ac-ff96b2bf1703,false,,,ok,jpeg
GrokVault,full-vault-scan,/Users/philipbankier/Content/Grok IMagine/greymaker/GrokVault/2025-12-21_Auto/1c6f6775-3d89-45f3-b63f-ade1976d01ff.mp4,2025-12-21_Auto/1c6f6775-3d89-45f3-b63f-ade1976d01ff.mp4,1694067,.mp4,video,b5b856744e86083411b4361a1ef166736043778bf54d29abe3c615a23beb6a4f,2025-12-21T01:20:42.166Z,2025-12-21T01:20:42.169Z,1c6f6775-3d89-45f3-b63f-ade1976d01ff,1c6f6775-3d89-45f3-b63f-ade1976d01ff,false,,,ok,mp4-family
GrokVault,full-vault-scan,/Users/philipbankier/Content/Grok IMagine/greymaker/GrokVault/2025-12-21_Auto/1ccf1fdd-895b-4ae8-92a9-fb7b90e015b1.mp4,2025-12-21_Auto/1ccf1fdd-895b-4ae8-92a9-fb7b90e015b1.mp4,2691420,.mp4,video,df2787ccd6eb3838b58b545e232ba0ff61eae2b8ba053a2fdd2a2f808d3cf21f,2025-12-21T03:12:29.505Z,2025-12-21T03:12:29.508Z,1ccf1fdd-895b-4ae8-92a9-fb7b90e015b1,1ccf1fdd-895b-4ae8-92a9-fb7b90e015b1,false,,,ok,mp4-family
GrokVault,full-vault-scan,/Users/philipbankier/Content/Grok IMagine/greymaker/GrokVault/2025-12-21_Auto/1cf31a5b-398a-46de-b179-c117d90b451f.mp4,2025-12-21_Auto/1cf31a5b-398a-46de-b179-c117d90b451f.mp4,1761757,.mp4,video,293f9c9b1e4715a798d1575077d600000244a7381bf8252698126bdb0748a39a,2025-12-21T00:08:54.346Z,2025-12-21T00:08:54.348Z,1cf31a5b-398a-46de-b179-c117d90b451f,1cf31a5b-398a-46de-b179-c117d90b451f,false,,,ok,mp4-family
GrokVault,full-vault-scan,/Users/philipbankier/Content/Grok IMagine/greymaker/GrokVault/2025-12-21_Auto/1cfc49ff-ec84-4964-b79b-f6a7ff7b4679.png,2025-12-21_Auto/1cfc49ff-ec84-4964-b79b-f6a7ff7b4679.png,35324,.png,image,1b2a36c89da91a5c7b72db9c47286beba8522624451486f4bf6838f51b077c6b,2025-12-21T00:19:25.873Z,2025-12-21T00:19:25.874Z,1cfc49ff-ec84-4964-b79b-f6a7ff7b4679,1cfc49ff-ec84-4964-b79b-f6a7ff7b4679,false,,,ok,webp
GrokVault,full-vault-scan,/Users/philipbankier/Content/Grok IMagine/greymaker/GrokVault/2025-12-21_Auto/1d416028-82d8-434c-9e00-229df4bc8f8d.png,2025-12-21_Auto/1d416028-82d8-434c-9e00-229df4bc8f8d.png,212303,.png,image,cb7141f66cd8281699b8efa319b75efd1e1c0a25e78ed959df61130572ab2860,2025-12-21T03:16:47.603Z,2025-12-21T03:16:47.661Z,1d416028-82d8-434c-9e00-229df4bc8f8d,1d416028-82d8-434c-9e00-229df4bc8f8d,false,,,ok,jpeg
GrokVault,full-vault-scan,/Users/philipbankier/Content/Grok IMagine/greymaker/GrokVault/2025-12-21_Auto/1d42559b-4d1e-4b15-8377-bd81a116fcd2.mp4,2025-12-21_Auto/1d42559b-4d1e-4b15-8377-bd81a116fcd2.mp4,2484809,.mp4,video,2a7b47ca6747a59a9451167e304257302763d66cf5c918d21870cd94b31bc0a1,2025-12-21T03:22:35.331Z,2025-12-21T03:22:35.333Z,1d42559b-4d1e-4b15-8377-bd81a116fcd2,1d42559b-4d1e-4b15-8377-bd81a116fcd2,false,,,ok,mp4-family
GrokVault,full-vault-scan,/Users/philipbankier/Content/Grok IMagine/greymaker/GrokVault/2025-12-21_Auto/1db5b091-ef0a-4aef-8112-56a758032f2c.png,2025-12-21_Auto/1db5b091-ef0a-4aef-8112-56a758032f2c.png,371871,.png,image,fddbf254f99d14b00be26fa2d940cde8abe669c1811865ae9701a528327b601d,2025-12-21T00:52:41.639Z,2025-12-21T00:52:41.714Z,1db5b091-ef0a-4aef-8112-56a758032f2c,1db5b091-ef0a-4aef-8112-56a758032f2c,false,,,ok,jpeg
GrokVault,full-vault-scan,/Users/philipbankier/Content/Grok IMagine/greymaker/GrokVault/2025-12-21_Auto/1dc51cb4-8c65-4102-b83f-6b3207cf524f.png,2025-12-21_Auto/1dc51cb4-8c65-4102-b83f-6b3207cf524f.png,162690,.png,image,e1b1a2db260a30965d44560695894eae14a3b9ef95ce289365e0492f67279997,2025-12-21T03:36:02.959Z,2025-12-21T03:36:03.018Z,1dc51cb4-8c65-4102-b83f-6b3207cf524f,1dc51cb4-8c65-4102-b83f-6b3207cf524f,false,,,ok,jpeg
GrokVault,full-vault-scan,/Users/philipbankier/Content/Grok IMagine/greymaker/GrokVault/2025-12-21_Auto/1f05f1e5-5488-4c98-946b-320906cc1151.mp4,2025-12-21_Auto/1f05f1e5-5488-4c98-946b-320906cc1151.mp4,3873615,.mp4,video,d93d04d0858a606805be0998f4188a0de7ae159de0ec889454a2f1752d41a082,2025-12-21T01:44:08.466Z,2025-12-21T01:44:08.470Z,1f05f1e5-5488-4c98-946b-320906cc1151,1f05f1e5-5488-4c98-946b-320906cc1151,false,,,ok,mp4-family
GrokVault,full-vault-scan,/Users/philipbankier/Content/Grok IMagine/greymaker/GrokVault/2025-12-21_Auto/1f72cea8-5c9f-44c8-a68e-b83306e075c4.png,2025-12-21_Auto/1f72cea8-5c9f-44c8-a68e-b83306e075c4.png,326883,.png,image,7659a4dca52b8bb5cf33225319948bf7f3758359e35dc18d9941ebbdcfb077ef,2025-12-21T00:39:42.093Z,2025-12-21T00:39:42.156Z,1f72cea8-5c9f-44c8-a68e-b83306e075c4,1f72cea8-5c9f-44c8-a68e-b83306e075c4,false,,,ok,jpeg
GrokVault,full-vault-scan,/Users/philipbankier/Content/Grok IMagine/greymaker/GrokVault/2025-12-21_Auto/1fd1d0e4-930a-4039-ba58-eccfab79ba25.mp4,2025-12-21_Auto/1fd1d0e4-930a-4039-ba58-eccfab79ba25.mp4,1121404,.mp4,video,42c8210e8960d903e8aef7bf9599500bcc99e4f36a2026ce772c97268842f798,2025-12-21T01:25:07.302Z,2025-12-21T01:25:07.304Z,1fd1d0e4-930a-4039-ba58-eccfab79ba25,1fd1d0e4-930a-4039-ba58-eccfab79ba25,false,,,ok,mp4-family
GrokVault,full-vault-scan,/Users/philipbankier/Content/Grok IMagine/greymaker/GrokVault/2025-12-21_Auto/1fd25a44-0663-46c7-a6cf-cccb197509f6.png,2025-12-21_Auto/1fd25a44-0663-46c7-a6cf-cccb197509f6.png,239620,.png,image,45e30f58fcf1c51a9cedc6478664edb41ce6489284c007830527d9ce14f1daee,2025-12-21T01:43:11.699Z,2025-12-21T01:43:11.762Z,1fd25a44-0663-46c7-a6cf-cccb197509f6,1fd25a44-0663-46c7-a6cf-cccb197509f6,false,,,ok,jpeg
GrokVault,full-vault-scan,/Users/philipbankier/Content/Grok IMagine/greymaker/GrokVault/2025-12-21_Auto/1fd7c35e-79d3-4a2f-abd1-e87f47909221.png,2025-12-21_Auto/1fd7c35e-79d3-4a2f-abd1-e87f47909221.png,311470,.png,image,5435e06a84fbe10f9797dca7ebb85bb7c6ab4556750a4a1d85ad5b361b6fa9fd,2025-12-21T01:50:11.132Z,2025-12-21T01:50:11.191Z,1fd7c35e-79d3-4a2f-abd1-e87f47909221,1fd7c35e-79d3-4a2f-abd1-e87f47909221,false,,,ok,jpeg
GrokVault,full-vault-scan,/Users/philipbankier/Content/Grok IMagine/greymaker/GrokVault/2025-12-21_Auto/1fe587ca-b23d-4d32-82aa-dbcab11fe63f.png,2025-12-21_Auto/1fe587ca-b23d-4d32-82aa-dbcab11fe63f.png,249355,.png,image,f7ce007deee880c2ce0cd8caaf8cae829ed000eb901e36a429b0b9394afe5774,2025-12-21T02:40:27.209Z,2025-12-21T02:40:27.279Z,1fe587ca-b23d-4d32-82aa-dbcab11fe63f,1fe587ca-b23d-4d32-82aa-dbcab11fe63f,false,,,ok,jpeg
GrokVault,full-vault-scan,/Users/philipbankier/Content/Grok IMagine/greymaker/GrokVault/2025-12-21_Auto/21285153-0f1c-4aee-8769-20c9ec1ffcd7.mp4,2025-12-21_Auto/21285153-0f1c-4aee-8769-20c9ec1ffcd7.mp4,2341492,.mp4,video,3b6650443e9822d96e87262ebacdfc7702313bafaa1838d5d4c53da8cdc527b0,2025-12-21T00:02:05.530Z,2025-12-21T00:02:05.532Z,21285153-0f1c-4aee-8769-20c9ec1ffcd7,21285153-0f1c-4aee-8769-20c9ec1ffcd7,false,,,ok,mp4-family
GrokVault,full-vault-scan,/Users/philipbankier/Content/Grok IMagine/greymaker/GrokVault/2025-12-21_Auto/216601ef-0065-4aa9-9931-ebebaf539224.png,2025-12-21_Auto/216601ef-0065-4aa9-9931-ebebaf539224.png,1117001,.png,image,f883fb1f32152cd789a4ccf4b10c9082db4e8def6b3f33a5d20be524a447a1a6,2025-12-21T00:20:12.660Z,2025-12-21T00:20:12.662Z,216601ef-0065-4aa9-9931-ebebaf539224,216601ef-0065-4aa9-9931-ebebaf539224,false,,,ok,png
GrokVault,full-vault-scan,/Users/philipbankier/Content/Grok IMagine/greymaker/GrokVault/2025-12-21_Auto/21892bfa-b652-4adb-9b6d-4271bdfb84c2.png,2025-12-21_Auto/21892bfa-b652-4adb-9b6d-4271bdfb84c2.png,245401,.png,image,463919165ec2a0d6efbb2d673028549fed921452021d02ad245c02e559c58889,2025-12-21T03:08:42.688Z,2025-12-21T03:08:42.745Z,21892bfa-b652-4adb-9b6d-4271bdfb84c2,21892bfa-b652-4adb-9b6d-4271bdfb84c2,false,,,ok,jpeg
GrokVault,full-vault-scan,/Users/philipbankier/Content/Grok IMagine/greymaker/GrokVault/2025-12-21_Auto/225d1406-0b51-48e1-bbcb-e602b1d07ab3.png,2025-12-21_Auto/225d1406-0b51-48e1-bbcb-e602b1d07ab3.png,268446,.png,image,551d7b3f42b3011ed6183a7f479fcb292ee6ea111ad70d228f9cf0ea8f34e571,2025-12-21T02:12:23.005Z,2025-12-21T02:12:23.072Z,225d1406-0b51-48e1-bbcb-e602b1d07ab3,225d1406-0b51-48e1-bbcb-e602b1d07ab3,false,,,ok,jpeg
GrokVault,full-vault-scan,/Users/philipbankier/Content/Grok IMagine/greymaker/GrokVault/2025-12-21_Auto/22842636-2e5f-4c44-977f-d19f4a873320.png,2025-12-21_Auto/22842636-2e5f-4c44-977f-d19f4a873320.png,315219,.png,image,b47682b0ae142090704a0d172bd59dee7ad0d5d81d0825f962091358e77e432f,2025-12-21T00:28:51.037Z,2025-12-21T00:28:51.108Z,22842636-2e5f-4c44-977f-d19f4a873320,22842636-2e5f-4c44-977f-d19f4a873320,false,,,ok,jpeg
GrokVault,full-vault-scan,/Users/philipbankier/Content/Grok IMagine/greymaker/GrokVault/2025-12-21_Auto/22a3ab12-319d-4406-ab2f-3ea47f11fa32.png,2025-12-21_Auto/22a3ab12-319d-4406-ab2f-3ea47f11fa32.png,241682,.png,image,659b8e4cc53ba29b80634b68235a18245f81b56a5afcd6db776043e9353392a8,2025-12-21T02:44:29.235Z,2025-12-21T02:44:29.295Z,22a3ab12-319d-4406-ab2f-3ea47f11fa32,22a3ab12-319d-4406-ab2f-3ea47f11fa32,false,,,ok,jpeg
GrokVault,full-vault-scan,/Users/philipbankier/Content/Grok IMagine/greymaker/GrokVault/2025-12-21_Auto/22a7f3d9-66a3-489a-819e-11f9fc899d88.png,2025-12-21_Auto/22a7f3d9-66a3-489a-819e-11f9fc899d88.png,411433,.png,image,ad0df9f763eec901969629ac43abb6e507d6730af576c0d34050ec098e920ed3,2025-12-21T00:57:02.882Z,2025-12-21T00:57:02.958Z,22a7f3d9-66a3-489a-819e-11f9fc899d88,22a7f3d9-66a3-489a-819e-11f9fc899d88,false,,,ok,jpeg
GrokVault,full-vault-scan,/Users/philipbankier/Content/Grok IMagine/greymaker/GrokVault/2025-12-21_Auto/22ead89b-8e39-42e5-84be-7dd0d2963d50.mp4,2025-12-21_Auto/22ead89b-8e39-42e5-84be-7dd0d2963d50.mp4,2801817,.mp4,video,c399ca58c4c757f1929dc57ad7676035bca5adf129fde5ad06098e8ad8ea5181,2025-12-21T01:58:13.865Z,2025-12-21T01:58:13.868Z,22ead89b-8e39-42e5-84be-7dd0d2963d50,22ead89b-8e39-42e5-84be-7dd0d2963d50,false,,,ok,mp4-family
GrokVault,full-vault-scan,/Users/philipbankier/Content/Grok IMagine/greymaker/GrokVault/2025-12-21_Auto/22fb99ee-5771-4f1b-a324-d6fdab94a218.png,2025-12-21_Auto/22fb99ee-5771-4f1b-a324-d6fdab94a218.png,292653,.png,image,0b543debfc43f516f1da2e55379b601a066fcac956921bc4fbe0ecd6d3aca698,2025-12-21T01:52:42.324Z,2025-12-21T01:52:42.383Z,22fb99ee-5771-4f1b-a324-d6fdab94a218,22fb99ee-5771-4f1b-a324-d6fdab94a218,false,,,ok,jpeg
GrokVault,full-vault-scan,/Users/philipbankier/Content/Grok IMagine/greymaker/GrokVault/2025-12-21_Auto/23845e87-e051-460c-a808-455e20dab284.png,2025-12-21_Auto/23845e87-e051-460c-a808-455e20dab284.png,318279,.png,image,0da3e6d3b031ff0602cf405a8c38deb9f93c1ffb282aa06fc5c780fdce0e920b,2025-12-21T01:54:38.012Z,2025-12-21T01:54:38.074Z,23845e87-e051-460c-a808-455e20dab284,23845e87-e051-460c-a808-455e20dab284,false,,,ok,jpeg
GrokVault,full-vault-scan,/Users/philipbankier/Content/Grok IMagine/greymaker/GrokVault/2025-12-21_Auto/23afd5e8-a68d-40bb-966d-9cc8bff92c98.png,2025-12-21_Auto/23afd5e8-a68d-40bb-966d-9cc8bff92c98.png,409320,.png,image,e230becd8e7c5a8a79ccb43efba969edb2c4d3b68fffd10023ff65597ee1ec3b,2025-12-21T00:58:43.084Z,2025-12-21T00:58:43.161Z,23afd5e8-a68d-40bb-966d-9cc8bff92c98,23afd5e8-a68d-40bb-966d-9cc8bff92c98,false,,,ok,jpeg
GrokVault,full-vault-scan,/Users/philipbankier/Content/Grok IMagine/greymaker/GrokVault/2025-12-21_Auto/2495dbb8-9acf-4c6d-8b6d-cf4a4a7be54f.png,2025-12-21_Auto/2495dbb8-9acf-4c6d-8b6d-cf4a4a7be54f.png,221538,.png,image,8accad3e425f8136f82490c1f531762b71624f58fe30b7a341a97e0878d46c89,2025-12-21T01:14:32.579Z,2025-12-21T01:14:32.638Z,2495dbb8-9acf-4c6d-8b6d-cf4a4a7be54f,2495dbb8-9acf-4c6d-8b6d-cf4a4a7be54f,false,,,ok,jpeg
GrokVault,full-vault-scan,/Users/philipbankier/Content/Grok IMagine/greymaker/GrokVault/2025-12-21_Auto/24967457-ec79-4000-adae-fc830a633f6c.png,2025-12-21_Auto/24967457-ec79-4000-adae-fc830a633f6c.png,184662,.png,image,c9cf8b723bce565f7223c4ac30324b36092fae4ab625ca33199e8619e3de38a8,2025-12-21T01:46:41.235Z,2025-12-21T01:46:41.257Z,24967457-ec79-4000-adae-fc830a633f6c,24967457-ec79-4000-adae-fc830a633f6c,false,,,ok,jpeg
GrokVault,full-vault-scan,/Users/philipbankier/Content/Grok IMagine/greymaker/GrokVault/2025-12-21_Auto/24ce5493-e281-4c24-81e4-caac85dff25b.png,2025-12-21_Auto/24ce5493-e281-4c24-81e4-caac85dff25b.png,232215,.png,image,21db07c6c9268d631bf6c0a1623ea3f2cac5c6f09a5c552e615a734c27b9eb32,2025-12-21T02:20:00.188Z,2025-12-21T02:20:00.245Z,24ce5493-e281-4c24-81e4-caac85dff25b,24ce5493-e281-4c24-81e4-caac85dff25b,false,,,ok,jpeg
GrokVault,full-vault-scan,/Users/philipbankier/Content/Grok IMagine/greymaker/GrokVault/2025-12-21_Auto/24d838ea-7c6a-45bf-a551-e52a6a013bb7.png,2025-12-21_Auto/24d838ea-7c6a-45bf-a551-e52a6a013bb7.png,258420,.png,image,274f5145d07e0dec137dc486e856ca78b14adfd6f8d0a5f35f98f4abd021e466,2025-12-21T00:11:49.293Z,2025-12-21T00:11:49.558Z,24d838ea-7c6a-45bf-a551-e52a6a013bb7,24d838ea-7c6a-45bf-a551-e52a6a013bb7,false,,,ok,jpeg
GrokVault,full-vault-scan,/Users/philipbankier/Content/Grok IMagine/greymaker/GrokVault/2025-12-21_Auto/24ebc054-febd-47c5-b2f1-94f1080f52f4.mp4,2025-12-21_Auto/24ebc054-febd-47c5-b2f1-94f1080f52f4.mp4,2496995,.mp4,video,cc3be7cbb8f50040082aaa1c24a5207601014f49e5405f33dcd8530637f654f5,2025-12-21T01:51:44.855Z,2025-12-21T01:51:44.858Z,24ebc054-febd-47c5-b2f1-94f1080f52f4,24ebc054-febd-47c5-b2f1-94f1080f52f4,false,,,ok,mp4-family
GrokVault,full-vault-scan,/Users/philipbankier/Content/Grok IMagine/greymaker/GrokVault/2025-12-21_Auto/252e199f-7575-4e20-9ccf-7d1d184303af.mp4,2025-12-21_Auto/252e199f-7575-4e20-9ccf-7d1d184303af.mp4,1838195,.mp4,video,a09eb59f4bcd51fd32d6bd435f00720495a1163e46ee6c4e7739c466a79614ef,2025-12-21T01:25:24.526Z,2025-12-21T01:25:24.528Z,252e199f-7575-4e20-9ccf-7d1d184303af,252e199f-7575-4e20-9ccf-7d1d184303af,false,,,ok,mp4-family
GrokVault,full-vault-scan,/Users/philipbankier/Content/Grok IMagine/greymaker/GrokVault/2025-12-21_Auto/2547b681-1685-49fa-bc35-16d7f9ee22f5.mp4,2025-12-21_Auto/2547b681-1685-49fa-bc35-16d7f9ee22f5.mp4,1354483,.mp4,video,6f4eba3c8bad05f69c31dcc087b36c712670507fea2e9b5526b258280336a2cd,2025-12-21T01:29:54.560Z,2025-12-21T01:29:54.561Z,2547b681-1685-49fa-bc35-16d7f9ee22f5,2547b681-1685-49fa-bc35-16d7f9ee22f5,false,,,ok,mp4-family
GrokVault,full-vault-scan,/Users/philipbankier/Content/Grok IMagine/greymaker/GrokVault/2025-12-21_Auto/25b2d799-d758-4c1a-84ac-a4d9bd5a31d0.png,2025-12-21_Auto/25b2d799-d758-4c1a-84ac-a4d9bd5a31d0.png,360019,.png,image,adb3cdf9c355054c56da3d91d98a59f5610e3a2054202f6da5ea77b2be25785d,2025-12-21T00:50:47.302Z,2025-12-21T00:50:47.377Z,25b2d799-d758-4c1a-84ac-a4d9bd5a31d0,25b2d799-d758-4c1a-84ac-a4d9bd5a31d0,false,,,ok,jpeg
GrokVault,full-vault-scan,/Users/philipbankier/Content/Grok IMagine/greymaker/GrokVault/2025-12-21_Auto/25f57762-c410-41b0-a5bf-3e504c232b52.png,2025-12-21_Auto/25f57762-c410-41b0-a5bf-3e504c232b52.png,198482,.png,image,9b48527e3907368a32e72deff58d14eab8f1655eb9fa6de6a5ae93e29d5e7804,2025-12-21T01:15:06.959Z,2025-12-21T01:15:07.016Z,25f57762-c410-41b0-a5bf-3e504c232b52,25f57762-c410-41b0-a5bf-3e504c232b52,false,,,ok,jpeg
GrokVault,full-vault-scan,/Users/philipbankier/Content/Grok IMagine/greymaker/GrokVault/2025-12-21_Auto/26261474-f86a-43e3-b057-bd73c6d0fe57.png,2025-12-21_Auto/26261474-f86a-43e3-b057-bd73c6d0fe57.png,245454,.png,image,eb2f36641e75528c1d6a4ea64fb76a51331ab847b7368d6a00d767ce8f601faf,2025-12-21T02:41:55.605Z,2025-12-21T02:41:55.672Z,26261474-f86a-43e3-b057-bd73c6d0fe57,26261474-f86a-43e3-b057-bd73c6d0fe57,false,,,ok,jpeg
GrokVault,full-vault-scan,/Users/philipbankier/Content/Grok IMagine/greymaker/GrokVault/2025-12-21_Auto/26a449f6-12cd-459f-81f6-855bd03f065d.mp4,2025-12-21_Auto/26a449f6-12cd-459f-81f6-855bd03f065d.mp4,1298544,.mp4,video,48bd6ded0a0f3f4859fb8cdc8d14142b904d3725b3032a334b31fcabee797129,2025-12-21T01:23:38.624Z,2025-12-21T01:23:38.625Z,26a449f6-12cd-459f-81f6-855bd03f065d,26a449f6-12cd-459f-81f6-855bd03f065d,false,,,ok,mp4-family
GrokVault,full-vault-scan,/Users/philipbankier/Content/Grok IMagine/greymaker/GrokVault/2025-12-21_Auto/271e843b-4642-4a8e-b25a-fd0c417ecb67.png,2025-12-21_Auto/271e843b-4642-4a8e-b25a-fd0c417ecb67.png,250919,.png,image,59c81ff41b87ce8d7445a996b7eacb4babca9b003ce0476d639a3bd2ea04be0a,2025-12-21T02:45:33.059Z,2025-12-21T02:45:33.124Z,271e843b-4642-4a8e-b25a-fd0c417ecb67,271e843b-4642-4a8e-b25a-fd0c417ecb67,false,,,ok,jpeg
GrokVault,full-vault-scan,/Users/philipbankier/Content/Grok IMagine/greymaker/GrokVault/2025-12-21_Auto/2740ec02-6698-4bfd-8d94-92031dd0ab86.png,2025-12-21_Auto/2740ec02-6698-4bfd-8d94-92031dd0ab86.png,272120,.png,image,6b3cbd6ea9d8e81c9068342ee05063110ef4353cad364607594d74ab0cad7b2a,2025-12-21T01:33:57.840Z,2025-12-21T01:33:57.911Z,2740ec02-6698-4bfd-8d94-92031dd0ab86,2740ec02-6698-4bfd-8d94-92031dd0ab86,false,,,ok,jpeg
GrokVault,full-vault-scan,/Users/philipbankier/Content/Grok IMagine/greymaker/GrokVault/2025-12-21_Auto/27f9140d-64b6-440a-b3fa-1521258e6401.png,2025-12-21_Auto/27f9140d-64b6-440a-b3fa-1521258e6401.png,303651,.png,image,2141e365cb625627275753c72472413cf07bb9ad98735ab1de3132e481870c1c,2025-12-21T00:16:22.596Z,2025-12-21T00:16:22.655Z,27f9140d-64b6-440a-b3fa-1521258e6401,27f9140d-64b6-440a-b3fa-1521258e6401,false,,,ok,jpeg
GrokVault,full-vault-scan,/Users/philipbankier/Content/Grok IMagine/greymaker/GrokVault/2025-12-21_Auto/294d2a38-6869-42cf-9410-d6d0fbc441e4.mp4,2025-12-21_Auto/294d2a38-6869-42cf-9410-d6d0fbc441e4.mp4,1045101,.mp4,video,a0b81fe8e78214894d3b6939abb7c0f371bc84f9f5362c1a41acf54552226fb9,2025-12-21T03:34:51.102Z,2025-12-21T03:34:51.103Z,294d2a38-6869-42cf-9410-d6d0fbc441e4,294d2a38-6869-42cf-9410-d6d0fbc441e4,false,,,ok,mp4-family
GrokVault,full-vault-scan,/Users/philipbankier/Content/Grok IMagine/greymaker/GrokVault/2025-12-21_Auto/295ad41d-96ab-41c4-afad-4ef65103490f.png,2025-12-21_Auto/295ad41d-96ab-41c4-afad-4ef65103490f.png,344405,.png,image,fa90f5e027d67d3656bcf4f40c79fc6aa142f2ba12a639fe975e0d02581c9ad9,2025-12-21T01:55:16.680Z,2025-12-21T01:55:16.745Z,295ad41d-96ab-41c4-afad-4ef65103490f,295ad41d-96ab-41c4-afad-4ef65103490f,false,,,ok,jpeg
GrokVault,full-vault-scan,/Users/philipbankier/Content/Grok IMagine/greymaker/GrokVault/2025-12-21_Auto/296058c0-c2a3-4b4f-99bc-8e0ac0f1eb12.mp4,2025-12-21_Auto/296058c0-c2a3-4b4f-99bc-8e0ac0f1eb12.mp4,1798075,.mp4,video,c9bf5dcdc382ec930b07f31925d64c982025c50bc1186e04e2321efaad8e3d57,2025-12-21T01:12:48.560Z,2025-12-21T01:12:48.563Z,296058c0-c2a3-4b4f-99bc-8e0ac0f1eb12,296058c0-c2a3-4b4f-99bc-8e0ac0f1eb12,false,,,ok,mp4-family
GrokVault,full-vault-scan,/Users/philipbankier/Content/Grok IMagine/greymaker/GrokVault/2025-12-21_Auto/2993c884-c101-4784-b0d4-41e6d93c12a5.png,2025-12-21_Auto/2993c884-c101-4784-b0d4-41e6d93c12a5.png,242065,.png,image,25741189c2ef23afa7e90b9a9d663a782d9c95c58a80902b19115781985f085e,2025-12-21T02:51:07.796Z,2025-12-21T02:51:07.863Z,2993c884-c101-4784-b0d4-41e6d93c12a5,2993c884-c101-4784-b0d4-41e6d93c12a5,false,,,ok,jpeg
GrokVault,full-vault-scan,/Users/philipbankier/Content/Grok IMagine/greymaker/GrokVault/2025-12-21_Auto/29993e6e-e015-4435-bf7b-1aa62001fb59.mp4,2025-12-21_Auto/29993e6e-e015-4435-bf7b-1aa62001fb59.mp4,2797653,.mp4,video,7141ec82944989ee633df34ed33c725c1360dadb89e9cdedff5f8334eff66e55,2025-12-21T02:13:24.573Z,2025-12-21T02:13:24.575Z,29993e6e-e015-4435-bf7b-1aa62001fb59,29993e6e-e015-4435-bf7b-1aa62001fb59,false,,,ok,mp4-family
GrokVault,full-vault-scan,/Users/philipbankier/Content/Grok IMagine/greymaker/GrokVault/2025-12-21_Auto/29ec4b37-b658-48d4-ac76-f1afb76316b0.png,2025-12-21_Auto/29ec4b37-b658-48d4-ac76-f1afb76316b0.png,296564,.png,image,e6310db2e79174bc5e3f90dd2ff4174213eca3fa30d4a1116845b5e574f2672d,2025-12-21T01:54:18.712Z,2025-12-21T01:54:18.771Z,29ec4b37-b658-48d4-ac76-f1afb76316b0,29ec4b37-b658-48d4-ac76-f1afb76316b0,false,,,ok,jpeg
GrokVault,full-vault-scan,/Users/philipbankier/Content/Grok IMagine/greymaker/GrokVault/2025-12-21_Auto/29fbb818-bc8f-4489-ab3b-050e8aa9eb03.mp4,2025-12-21_Auto/29fbb818-bc8f-4489-ab3b-050e8aa9eb03.mp4,2745828,.mp4,video,40bcf8fbfb53d165ceb96a416ec056f19452a0dbdfcb046884069c6f4d6f4cd7,2025-12-21T03:06:01.137Z,2025-12-21T03:06:01.140Z,29fbb818-bc8f-4489-ab3b-050e8aa9eb03,29fbb818-bc8f-4489-ab3b-050e8aa9eb03,false,,,ok,mp4-family
GrokVault,full-vault-scan,/Users/philipbankier/Content/Grok IMagine/greymaker/GrokVault/2025-12-21_Auto/2a0bb1c1-8281-42ed-84e9-9e748ed16908.mp4,2025-12-21_Auto/2a0bb1c1-8281-42ed-84e9-9e748ed16908.mp4,2481635,.mp4,video,b305bc6531821b8977f8813b66879f950980a59683271016655464d17e1466f5,2025-12-21T00:02:20.048Z,2025-12-21T00:02:20.051Z,2a0bb1c1-8281-42ed-84e9-9e748ed16908,2a0bb1c1-8281-42ed-84e9-9e748ed16908,false,,,ok,mp4-family
GrokVault,full-vault-scan,/Users/philipbankier/Content/Grok IMagine/greymaker/GrokVault/2025-12-21_Auto/2a11451d-afef-4b7c-b318-f9a7730bad34.png,2025-12-21_Auto/2a11451d-afef-4b7c-b318-f9a7730bad34.png,225047,.png,image,77071e4370fdf480ff0e9f34b7a4eb24a6b2524d242f1782d0313e7cd140572e,2025-12-21T02:24:06.197Z,2025-12-21T02:24:06.262Z,2a11451d-afef-4b7c-b318-f9a7730bad34,2a11451d-afef-4b7c-b318-f9a7730bad34,false,,,ok,jpeg
GrokVault,full-vault-scan,/Users/philipbankier/Content/Grok IMagine/greymaker/GrokVault/2025-12-21_Auto/2a3b2bf2-31eb-4c84-99d4-e7de2ac671cd.mp4,2025-12-21_Auto/2a3b2bf2-31eb-4c84-99d4-e7de2ac671cd.mp4,1317512,.mp4,video,ac80d2b508c421a38367831e883ddf642357d940873809c3b6a3f6c392404496,2025-12-21T00:04:44.568Z,2025-12-21T00:04:44.569Z,2a3b2bf2-31eb-4c84-99d4-e7de2ac671cd,2a3b2bf2-31eb-4c84-99d4-e7de2ac671cd,false,,,ok,mp4-family
GrokVault,full-vault-scan,/Users/philipbankier/Content/Grok IMagine/greymaker/GrokVault/2025-12-21_Auto/2a843df8-b6f6-4745-ae9c-c58a79f65f72.png,2025-12-21_Auto/2a843df8-b6f6-4745-ae9c-c58a79f65f72.png,227066,.png,image,52720749054e7813658d11b03426cce8110a4cd3a81a4714bcd3492d6c8ba2f4,2025-12-21T00:29:21.722Z,2025-12-21T00:29:21.780Z,2a843df8-b6f6-4745-ae9c-c58a79f65f72,2a843df8-b6f6-4745-ae9c-c58a79f65f72,false,,,ok,jpeg
GrokVault,full-vault-scan,/Users/philipbankier/Content/Grok IMagine/greymaker/GrokVault/2025-12-21_Auto/2c0f9086-7b78-4c45-95d9-da51a56839cc.mp4,2025-12-21_Auto/2c0f9086-7b78-4c45-95d9-da51a56839cc.mp4,1485289,.mp4,video,a751cf9d523c2535622bfb0c56fbf322dc249f2f267e16f5e5ef5f90dab83bb9,2025-12-21T03:27:40.905Z,2025-12-21T03:27:40.906Z,2c0f9086-7b78-4c45-95d9-da51a56839cc,2c0f9086-7b78-4c45-95d9-da51a56839cc,false,,,ok,mp4-family
GrokVault,full-vault-scan,/Users/philipbankier/Content/Grok IMagine/greymaker/GrokVault/2025-12-21_Auto/2cf749e5-6374-414b-9cca-6af1b65ce9b8.png,2025-12-21_Auto/2cf749e5-6374-414b-9cca-6af1b65ce9b8.png,278802,.png,image,b746f7151804afce4c93ce2aa9a89fa41831350618a7b64b5d731d088ecbeed1,2025-12-21T01:42:16.170Z,2025-12-21T01:42:16.234Z,2cf749e5-6374-414b-9cca-6af1b65ce9b8,2cf749e5-6374-414b-9cca-6af1b65ce9b8,false,,,ok,jpeg
GrokVault,full-vault-scan,/Users/philipbankier/Content/Grok IMagine/greymaker/GrokVault/2025-12-21_Auto/2d72625e-b1fd-4847-98ab-006207756c38.mp4,2025-12-21_Auto/2d72625e-b1fd-4847-98ab-006207756c38.mp4,3327676,.mp4,video,14b8f6f7fb11b919988ef68150fb5051a9db3ce8c8e60683b0859e9012605363,2025-12-21T00:53:45.719Z,2025-12-21T00:53:45.721Z,2d72625e-b1fd-4847-98ab-006207756c38,2d72625e-b1fd-4847-98ab-006207756c38,false,,,ok,mp4-family
GrokVault,full-vault-scan,/Users/philipbankier/Content/Grok IMagine/greymaker/GrokVault/2025-12-21_Auto/2d7cee2f-d81a-4aab-a5a6-4e256accac97.png,2025-12-21_Auto/2d7cee2f-d81a-4aab-a5a6-4e256accac97.png,246944,.png,image,9cfd36eec71b6ad564b1e51a1985e2a2892388198f21015c09604121d34a27fd,2025-12-21T02:30:08.840Z,2025-12-21T02:30:08.911Z,2d7cee2f-d81a-4aab-a5a6-4e256accac97,2d7cee2f-d81a-4aab-a5a6-4e256accac97,false,,,ok,jpeg
GrokVault,full-vault-scan,/Users/philipbankier/Content/Grok IMagine/greymaker/GrokVault/2025-12-21_Auto/2d9479b9-a227-42f3-990c-9ffbb86ace2e.png,2025-12-21_Auto/2d9479b9-a227-42f3-990c-9ffbb86ace2e.png,204073,.png,image,89bcc3937915df7b5713619f4183455f3ab6ce50bc14d24db33de846da061310,2025-12-21T00:34:09.593Z,2025-12-21T00:34:09.653Z,2d9479b9-a227-42f3-990c-9ffbb86ace2e,2d9479b9-a227-42f3-990c-9ffbb86ace2e,false,,,ok,jpeg
GrokVault,full-vault-scan,/Users/philipbankier/Content/Grok IMagine/greymaker/GrokVault/2025-12-21_Auto/2e38243a-aee8-4927-ba83-fb6cbab32019.mp4,2025-12-21_Auto/2e38243a-aee8-4927-ba83-fb6cbab32019.mp4,2567794,.mp4,video,85edd594cc395e0b96885b1488af16398d7230f4a83a33f44e94d9f960489a3a,2025-12-21T01:51:26.282Z,2025-12-21T01:51:26.284Z,2e38243a-aee8-4927-ba83-fb6cbab32019,2e38243a-aee8-4927-ba83-fb6cbab32019,false,,,ok,mp4-family
GrokVault,full-vault-scan,/Users/philipbankier/Content/Grok IMagine/greymaker/GrokVault/2025-12-21_Auto/2e47f0ea-80e9-4272-83d6-715940e3051b.png,2025-12-21_Auto/2e47f0ea-80e9-4272-83d6-715940e3051b.png,227416,.png,image,07e51ecbd55e7c0bde1984c91f5665b37ff3578de007158fe970e2f254a45ace,2025-12-21T02:53:00.502Z,2025-12-21T02:53:00.564Z,2e47f0ea-80e9-4272-83d6-715940e3051b,2e47f0ea-80e9-4272-83d6-715940e3051b,false,,,ok,jpeg
GrokVault,full-vault-scan,/Users/philipbankier/Content/Grok IMagine/greymaker/GrokVault/2025-12-21_Auto/2e563516-70c0-4fa7-8ea7-5ea6dd2dd40c.mp4,2025-12-21_Auto/2e563516-70c0-4fa7-8ea7-5ea6dd2dd40c.mp4,1720813,.mp4,video,5407684823a1fb5095b537b3689c44c0d0c1a3c579ea7f7bb1097f704f41ddc1,2025-12-21T00:14:31.482Z,2025-12-21T00:14:31.484Z,2e563516-70c0-4fa7-8ea7-5ea6dd2dd40c,2e563516-70c0-4fa7-8ea7-5ea6dd2dd40c,false,,,ok,mp4-family
GrokVault,full-vault-scan,/Users/philipbankier/Content/Grok IMagine/greymaker/GrokVault/2025-12-21_Auto/2ef726e8-8322-499d-ae1a-a19915eeff9c.png,2025-12-21_Auto/2ef726e8-8322-499d-ae1a-a19915eeff9c.png,268464,.png,image,09ff8f0360baaa72fba67b1257df496560e361d5227d6f32f40e008bdfbaafd9,2025-12-21T01:50:48.309Z,2025-12-21T01:50:48.367Z,2ef726e8-8322-499d-ae1a-a19915eeff9c,2ef726e8-8322-499d-ae1a-a19915eeff9c,false,,,ok,jpeg
GrokVault,full-vault-scan,/Users/philipbankier/Content/Grok IMagine/greymaker/GrokVault/2025-12-21_Auto/2f6f9aaf-9dcd-4fec-9081-7cceacf3fae8.mp4,2025-12-21_Auto/2f6f9aaf-9dcd-4fec-9081-7cceacf3fae8.mp4,1087879,.mp4,video,6276a5ea95022e0ca9b8532d66016a84cdeb4dfc7c91c6adf0f17834fbb35165,2025-12-21T01:26:54.653Z,2025-12-21T01:26:54.655Z,2f6f9aaf-9dcd-4fec-9081-7cceacf3fae8,2f6f9aaf-9dcd-4fec-9081-7cceacf3fae8,false,,,ok,mp4-family
GrokVault,full-vault-scan,/Users/philipbankier/Content/Grok IMagine/greymaker/GrokVault/2025-12-21_Auto/2fb3b9ae-b297-469e-8250-cdcdf5f7be21.mp4,2025-12-21_Auto/2fb3b9ae-b297-469e-8250-cdcdf5f7be21.mp4,1629506,.mp4,video,14d4e213b84c52c046a1438ecac5fc3cd5ef6315b48a6b11983629ee13a2e98b,2025-12-21T01:30:31.682Z,2025-12-21T01:30:31.684Z,2fb3b9ae-b297-469e-8250-cdcdf5f7be21,2fb3b9ae-b297-469e-8250-cdcdf5f7be21,false,,,ok,mp4-family
GrokVault,full-vault-scan,/Users/philipbankier/Content/Grok IMagine/greymaker/GrokVault/2025-12-21_Auto/2fc42bc1-c9ff-43b0-a47b-e47f4f22db27.png,2025-12-21_Auto/2fc42bc1-c9ff-43b0-a47b-e47f4f22db27.png,288157,.png,image,f192df80275cd3553562a646742e4d78251d38c28ba01bcaf80419cdba23c0d4,2025-12-21T00:34:56.069Z,2025-12-21T00:34:56.129Z,2fc42bc1-c9ff-43b0-a47b-e47f4f22db27,2fc42bc1-c9ff-43b0-a47b-e47f4f22db27,false,,,ok,jpeg
GrokVault,full-vault-scan,/Users/philipbankier/Content/Grok IMagine/greymaker/GrokVault/2025-12-21_Auto/2ff7eebf-e3b4-4078-9e09-5d5b0a661009.mp4,2025-12-21_Auto/2ff7eebf-e3b4-4078-9e09-5d5b0a661009.mp4,2181956,.mp4,video,2da890157ae0b9476658f2e74689d41fe48d1c245417715be3c91aecc037ff31,2025-12-21T00:20:42.700Z,2025-12-21T00:20:42.702Z,2ff7eebf-e3b4-4078-9e09-5d5b0a661009,2ff7eebf-e3b4-4078-9e09-5d5b0a661009,false,,,ok,mp4-family
GrokVault,full-vault-scan,/Users/philipbankier/Content/Grok IMagine/greymaker/GrokVault/2025-12-21_Auto/300e9d03-ca55-4500-bde0-bebb842c99fa.mp4,2025-12-21_Auto/300e9d03-ca55-4500-bde0-bebb842c99fa.mp4,4760512,.mp4,video,19bb99d250cf241b29b7126b6a9de05f2b959b64e4fa79400795d225045d7165,2025-12-21T01:00:22.638Z,2025-12-21T01:00:22.643Z,300e9d03-ca55-4500-bde0-bebb842c99fa,300e9d03-ca55-4500-bde0-bebb842c99fa,false,,,ok,mp4-family
GrokVault,full-vault-scan,/Users/philipbankier/Content/Grok IMagine/greymaker/GrokVault/2025-12-21_Auto/300f879c-05fb-426d-8c28-52a9bd867152.mp4,2025-12-21_Auto/300f879c-05fb-426d-8c28-52a9bd867152.mp4,2297417,.mp4,video,1dce07cfbed0d064f695cb0e51d01f978a2890ed41ffa37ffb5c8d9dda88c1b3,2025-12-21T00:01:35.479Z,2025-12-21T00:01:35.482Z,300f879c-05fb-426d-8c28-52a9bd867152,300f879c-05fb-426d-8c28-52a9bd867152,false,,,ok,mp4-family
GrokVault,full-vault-scan,/Users/philipbankier/Content/Grok IMagine/greymaker/GrokVault/2025-12-21_Auto/30beebff-4c0a-4130-933e-844812e2e498.png,2025-12-21_Auto/30beebff-4c0a-4130-933e-844812e2e498.png,256987,.png,image,163e3953cc849d71bd17f6c28f0ecdd6cdbb2e1ac01fd5394401db4ccd6bc616,2025-12-21T00:42:38.144Z,2025-12-21T00:42:38.194Z,30beebff-4c0a-4130-933e-844812e2e498,30beebff-4c0a-4130-933e-844812e2e498,false,,,ok,jpeg
GrokVault,full-vault-scan,/Users/philipbankier/Content/Grok IMagine/greymaker/GrokVault/2025-12-21_Auto/31225790-f2e2-49d7-89bd-cc357c596454.mp4,2025-12-21_Auto/31225790-f2e2-49d7-89bd-cc357c596454.mp4,1407652,.mp4,video,c7e0e35d1da0329f9ce1226facabeb3c1bc1fd9031b1aef9c2ae9d26e9d9d541,2025-12-21T01:06:34.709Z,2025-12-21T01:06:34.710Z,31225790-f2e2-49d7-89bd-cc357c596454,31225790-f2e2-49d7-89bd-cc357c596454,false,,,ok,mp4-family
GrokVault,full-vault-scan,/Users/philipbankier/Content/Grok IMagine/greymaker/GrokVault/2025-12-21_Auto/3224a61d-0577-4099-8c7b-b31f6960d2ed.png,2025-12-21_Auto/3224a61d-0577-4099-8c7b-b31f6960d2ed.png,200876,.png,image,570b0e17d67d8937fa97ff176fea6215726c55cc509eb0e7910948734c1758b4,2025-12-21T03:41:50.192Z,2025-12-21T03:41:50.266Z,3224a61d-0577-4099-8c7b-b31f6960d2ed,3224a61d-0577-4099-8c7b-b31f6960d2ed,false,,,ok,jpeg
GrokVault,full-vault-scan,/Users/philipbankier/Content/Grok IMagine/greymaker/GrokVault/2025-12-21_Auto/3257b1fb-d7af-4a7c-af17-8d92e15fe886.png,2025-12-21_Auto/3257b1fb-d7af-4a7c-af17-8d92e15fe886.png,204627,.png,image,343f4b5b91a8c18f2c378898d3cea3aa3ec2fb4b28d0980afae4f85ea44c72a9,2025-12-21T01:34:16.807Z,2025-12-21T01:34:16.866Z,3257b1fb-d7af-4a7c-af17-8d92e15fe886,3257b1fb-d7af-4a7c-af17-8d92e15fe886,false,,,ok,jpeg
GrokVault,full-vault-scan,/Users/philipbankier/Content/Grok IMagine/greymaker/GrokVault/2025-12-21_Auto/32b5230a-16cb-4cc2-8e55-f49b0bb6ae61.png,2025-12-21_Auto/32b5230a-16cb-4cc2-8e55-f49b0bb6ae61.png,302876,.png,image,328c922497532ecfd26c72dfa416a2937d338700bee2aeb238d44e82f293cfdc,2025-12-21T00:31:13.564Z,2025-12-21T00:31:13.627Z,32b5230a-16cb-4cc2-8e55-f49b0bb6ae61,32b5230a-16cb-4cc2-8e55-f49b0bb6ae61,false,,,ok,jpeg
GrokVault,full-vault-scan,/Users/philipbankier/Content/Grok IMagine/greymaker/GrokVault/2025-12-21_Auto/330fbd1e-277e-4169-9282-0f1a68930b04.png,2025-12-21_Auto/330fbd1e-277e-4169-9282-0f1a68930b04.png,242856,.png,image,fad93aacd75d4edcb91dbca3b8ce0769746cd070c57b2d1fc4bb7191224b95f3,2025-12-21T00:45:04.247Z,2025-12-21T00:45:04.305Z,330fbd1e-277e-4169-9282-0f1a68930b04,330fbd1e-277e-4169-9282-0f1a68930b04,false,,,ok,jpeg
GrokVault,full-vault-scan,/Users/philipbankier/Content/Grok IMagine/greymaker/GrokVault/2025-12-21_Auto/335a81a7-a155-4847-b8f9-c5c864d0353c.png,2025-12-21_Auto/335a81a7-a155-4847-b8f9-c5c864d0353c.png,178984,.png,image,21d0c0a6723e568ffa185489cb674cf030332dc6084cd60452c11dc0ae0073ce,2025-12-21T03:40:35.031Z,2025-12-21T03:40:35.103Z,335a81a7-a155-4847-b8f9-c5c864d0353c,335a81a7-a155-4847-b8f9-c5c864d0353c,false,,,ok,jpeg
GrokVault,full-vault-scan,/Users/philipbankier/Content/Grok IMagine/greymaker/GrokVault/2025-12-21_Auto/3391dfd6-381f-4275-beaf-be33ac360d5b.png,2025-12-21_Auto/3391dfd6-381f-4275-beaf-be33ac360d5b.png,245273,.png,image,9135fe99453a2910f08555fb9a8a9a84251faeb5132fd3f4845008307fbb6a1b,2025-12-21T01:21:53.195Z,2025-12-21T01:21:53.326Z,3391dfd6-381f-4275-beaf-be33ac360d5b,3391dfd6-381f-4275-beaf-be33ac360d5b,false,,,ok,jpeg
GrokVault,full-vault-scan,/Users/philipbankier/Content/Grok IMagine/greymaker/GrokVault/2025-12-21_Auto/33a65b4a-2ffc-449f-ba5d-813242673f0a.png,2025-12-21_Auto/33a65b4a-2ffc-449f-ba5d-813242673f0a.png,232213,.png,image,b13e2f19815210910e33bbcc2a57532336e3d781a97f846ef79f7b4e331e6735,2025-12-21T01:35:13.702Z,2025-12-21T01:35:13.760Z,33a65b4a-2ffc-449f-ba5d-813242673f0a,33a65b4a-2ffc-449f-ba5d-813242673f0a,false,,,ok,jpeg
GrokVault,full-vault-scan,/Users/philipbankier/Content/Grok IMagine/greymaker/GrokVault/2025-12-21_Auto/33b46276-76d3-4916-99f7-b20822beb25c.mp4,2025-12-21_Auto/33b46276-76d3-4916-99f7-b20822beb25c.mp4,1304632,.mp4,video,7dc39e449afc6053d945ac4025fc5b954b0ca85ba06a40a5b95d90092a5201e4,2025-12-21T01:23:55.672Z,2025-12-21T01:23:55.674Z,33b46276-76d3-4916-99f7-b20822beb25c,33b46276-76d3-4916-99f7-b20822beb25c,false,,,ok,mp4-family
GrokVault,full-vault-scan,/Users/philipbankier/Content/Grok IMagine/greymaker/GrokVault/2025-12-21_Auto/33cae4df-edae-47e7-a0e9-450bf7118fd5.png,2025-12-21_Auto/33cae4df-edae-47e7-a0e9-450bf7118fd5.png,325348,.png,image,52aa35aead1104b705677c423f8c950e2313b820163e3b350ed924dcbb047c7e,2025-12-21T00:34:40.752Z,2025-12-21T00:34:40.821Z,33cae4df-edae-47e7-a0e9-450bf7118fd5,33cae4df-edae-47e7-a0e9-450bf7118fd5,false,,,ok,jpeg
GrokVault,full-vault-scan,/Users/philipbankier/Content/Grok IMagine/greymaker/GrokVault/2025-12-21_Auto/33d5ada5-3a75-4a81-875a-47e384b1cbd2.mp4,2025-12-21_Auto/33d5ada5-3a75-4a81-875a-47e384b1cbd2.mp4,1900810,.mp4,video,ffe5e108bd7b8eb386a379152279bebc2f8a7825d2bd95d60d45ebcf847766dc,2025-12-21T01:47:19.604Z,2025-12-21T01:47:19.606Z,33d5ada5-3a75-4a81-875a-47e384b1cbd2,33d5ada5-3a75-4a81-875a-47e384b1cbd2,false,,,ok,mp4-family
GrokVault,full-vault-scan,/Users/philipbankier/Content/Grok IMagine/greymaker/GrokVault/2025-12-21_Auto/3435827a-8b4b-44ce-9016-d06be1b2a784.png,2025-12-21_Auto/3435827a-8b4b-44ce-9016-d06be1b2a784.png,255306,.png,image,b3c88d98fb24797d23fecfb08ddb657d6526ab37065cab13628447bebe5ddedb,2025-12-21T03:17:58.191Z,2025-12-21T03:17:58.248Z,3435827a-8b4b-44ce-9016-d06be1b2a784,3435827a-8b4b-44ce-9016-d06be1b2a784,false,,,ok,jpeg
GrokVault,full-vault-scan,/Users/philipbankier/Content/Grok IMagine/greymaker/GrokVault/2025-12-21_Auto/343f734b-7593-4269-a659-cfbf81b839cb.png,2025-12-21_Auto/343f734b-7593-4269-a659-cfbf81b839cb.png,225024,.png,image,8a1e7e4cc180cb0c94111e1f38a8a49b02c4e852126db94e408a964e62442cb5,2025-12-21T02:29:46.748Z,2025-12-21T02:29:46.814Z,343f734b-7593-4269-a659-cfbf81b839cb,343f734b-7593-4269-a659-cfbf81b839cb,false,,,ok,jpeg
GrokVault,full-vault-scan,/Users/philipbankier/Content/Grok IMagine/greymaker/GrokVault/2025-12-21_Auto/34455d9d-cb2e-466c-8170-4a47d22d8cfe.png,2025-12-21_Auto/34455d9d-cb2e-466c-8170-4a47d22d8cfe.png,257679,.png,image,1dc82aa3025b412eac5d68cb18be84943a65c50080a09cf121a42fb82cc9c196,2025-12-21T02:33:21.330Z,2025-12-21T02:33:21.400Z,34455d9d-cb2e-466c-8170-4a47d22d8cfe,34455d9d-cb2e-466c-8170-4a47d22d8cfe,false,,,ok,jpeg
GrokVault,full-vault-scan,/Users/philipbankier/Content/Grok IMagine/greymaker/GrokVault/2025-12-21_Auto/34a0d25c-c19a-4c76-a454-8d8fa1fca8a3.mp4,2025-12-21_Auto/34a0d25c-c19a-4c76-a454-8d8fa1fca8a3.mp4,2917808,.mp4,video,1b36efcd3825064ad7ca5ff9b1bc6134b58430f2a38f41a6bb5f07f12e155b52,2025-12-21T00:08:07.295Z,2025-12-21T00:08:07.297Z,34a0d25c-c19a-4c76-a454-8d8fa1fca8a3,34a0d25c-c19a-4c76-a454-8d8fa1fca8a3,false,,,ok,mp4-family
GrokVault,full-vault-scan,/Users/philipbankier/Content/Grok IMagine/greymaker/GrokVault/2025-12-21_Auto/3524551a-6e15-4d82-aaae-8923079c345a.png,2025-12-21_Auto/3524551a-6e15-4d82-aaae-8923079c345a.png,128679,.png,image,9cd810e38c0a1b2aa6c3f9b09bada672a86280daf730e11c76c3094d99cafb09,2025-12-21T03:28:05.902Z,2025-12-21T03:28:05.960Z,3524551a-6e15-4d82-aaae-8923079c345a,3524551a-6e15-4d82-aaae-8923079c345a,false,,,ok,jpeg
GrokVault,full-vault-scan,/Users/philipbankier/Content/Grok IMagine/greymaker/GrokVault/2025-12-21_Auto/353d3165-4621-4cb1-8250-e2359c75efa8.mp4,2025-12-21_Auto/353d3165-4621-4cb1-8250-e2359c75efa8.mp4,2942216,.mp4,video,8a13bdd6669a072c74b5004b9519f1f32484e926688da78fc08d915908761ff9,2025-12-21T03:21:04.000Z,2025-12-21T03:21:04.003Z,353d3165-4621-4cb1-8250-e2359c75efa8,353d3165-4621-4cb1-8250-e2359c75efa8,false,,,ok,mp4-family
GrokVault,full-vault-scan,/Users/philipbankier/Content/Grok IMagine/greymaker/GrokVault/2025-12-21_Auto/3572a813-1c12-4123-9258-e420ae9d30fa.mp4,2025-12-21_Auto/3572a813-1c12-4123-9258-e420ae9d30fa.mp4,1310321,.mp4,video,2668fc7ad6371b16f350a19e92310ad3089bc3824c893574e963aa9869b67a13,2025-12-21T01:06:51.617Z,2025-12-21T01:06:51.618Z,3572a813-1c12-4123-9258-e420ae9d30fa,3572a813-1c12-4123-9258-e420ae9d30fa,false,,,ok,mp4-family
GrokVault,full-vault-scan,/Users/philipbankier/Content/Grok IMagine/greymaker/GrokVault/2025-12-21_Auto/366373c4-dc48-4dfe-86bf-0c321d41322c.png,2025-12-21_Auto/366373c4-dc48-4dfe-86bf-0c321d41322c.png,258888,.png,image,99f3a68d5188087c4efa7867623876cd3140384bf7923bdd981e1584f09274ec,2025-12-21T01:34:35.943Z,2025-12-21T01:34:36.012Z,366373c4-dc48-4dfe-86bf-0c321d41322c,366373c4-dc48-4dfe-86bf-0c321d41322c,false,,,ok,jpeg
GrokVault,full-vault-scan,/Users/philipbankier/Content/Grok IMagine/greymaker/GrokVault/2025-12-21_Auto/36668dd3-7080-4521-a2d0-251e3d65154a.png,2025-12-21_Auto/36668dd3-7080-4521-a2d0-251e3d65154a.png,237815,.png,image,f9d9dd1e00f16a4a9a5c6721e270952e9487172c0542247732fb6aa31250d2cd,2025-12-21T02:54:07.028Z,2025-12-21T02:54:07.093Z,36668dd3-7080-4521-a2d0-251e3d65154a,36668dd3-7080-4521-a2d0-251e3d65154a,false,,,ok,jpeg
GrokVault,full-vault-scan,/Users/philipbankier/Content/Grok IMagine/greymaker/GrokVault/2025-12-21_Auto/36aa38bb-3cf8-4dc6-8694-2d6983de3eaa.mp4,2025-12-21_Auto/36aa38bb-3cf8-4dc6-8694-2d6983de3eaa.mp4,1335467,.mp4,video,2a2e83982f5cb5391c334d8ac91d325cf26c08a80c6ad6c36185103e82b4126d,2025-12-21T02:59:19.147Z,2025-12-21T02:59:19.148Z,36aa38bb-3cf8-4dc6-8694-2d6983de3eaa,36aa38bb-3cf8-4dc6-8694-2d6983de3eaa,false,,,ok,mp4-family
GrokVault,full-vault-scan,/Users/philipbankier/Content/Grok IMagine/greymaker/GrokVault/2025-12-21_Auto/36ec75cc-96b1-4808-bed6-dd5c6660522b.png,2025-12-21_Auto/36ec75cc-96b1-4808-bed6-dd5c6660522b.png,230820,.png,image,160df7ed878f38f7ca9498ff13241e430b9e8ed311a72e0eae1d1dae9471638d,2025-12-21T01:35:49.641Z,2025-12-21T01:35:49.700Z,36ec75cc-96b1-4808-bed6-dd5c6660522b,36ec75cc-96b1-4808-bed6-dd5c6660522b,false,,,ok,jpeg
GrokVault,full-vault-scan,/Users/philipbankier/Content/Grok IMagine/greymaker/GrokVault/2025-12-21_Auto/36f8157d-70cb-4c8b-86bc-b1137ae3c6cd.png,2025-12-21_Auto/36f8157d-70cb-4c8b-86bc-b1137ae3c6cd.png,243343,.png,image,95d7d9783dae6846ecea7cb321530549b9cb25e0ea963e77500ef6c2c4333598,2025-12-21T00:27:14.653Z,2025-12-21T00:27:14.714Z,36f8157d-70cb-4c8b-86bc-b1137ae3c6cd,36f8157d-70cb-4c8b-86bc-b1137ae3c6cd,false,,,ok,jpeg
GrokVault,full-vault-scan,/Users/philipbankier/Content/Grok IMagine/greymaker/GrokVault/2025-12-21_Auto/3704bb64-d7de-4ceb-aaea-9b4d42df9ad4.png,2025-12-21_Auto/3704bb64-d7de-4ceb-aaea-9b4d42df9ad4.png,303673,.png,image,e7f819c882c829861f80b586f27c8ba80ff1f9739eb71657a4c37293077dd0dc,2025-12-21T00:32:01.494Z,2025-12-21T00:32:01.557Z,3704bb64-d7de-4ceb-aaea-9b4d42df9ad4,3704bb64-d7de-4ceb-aaea-9b4d42df9ad4,false,,,ok,jpeg
GrokVault,full-vault-scan,/Users/philipbankier/Content/Grok IMagine/greymaker/GrokVault/2025-12-21_Auto/38697503-8a95-46c8-9f18-f1f102f7b597.png,2025-12-21_Auto/38697503-8a95-46c8-9f18-f1f102f7b597.png,358571,.png,image,6fc3b9c180057ef4b8cab3466b098f167145c03d8ed7dd23545c39ac2f99d859,2025-12-21T00:47:47.519Z,2025-12-21T00:47:47.577Z,38697503-8a95-46c8-9f18-f1f102f7b597,38697503-8a95-46c8-9f18-f1f102f7b597,false,,,ok,jpeg
GrokVault,full-vault-scan,/Users/philipbankier/Content/Grok IMagine/greymaker/GrokVault/2025-12-21_Auto/388282c6-9413-40ac-99d7-5f83c6474ec9.mp4,2025-12-21_Auto/388282c6-9413-40ac-99d7-5f83c6474ec9.mp4,2750541,.mp4,video,41fffd748c0b5c1ee9e4adb34a998dc6609cc2f0060efeccc735ddb709352d68,2025-12-21T03:06:23.148Z,2025-12-21T03:06:23.151Z,388282c6-9413-40ac-99d7-5f83c6474ec9,388282c6-9413-40ac-99d7-5f83c6474ec9,false,,,ok,mp4-family
GrokVault,full-vault-scan,/Users/philipbankier/Content/Grok IMagine/greymaker/GrokVault/2025-12-21_Auto/389fbd97-a22e-4204-9576-bb1d8790d99a.mp4,2025-12-21_Auto/389fbd97-a22e-4204-9576-bb1d8790d99a.mp4,1876002,.mp4,video,3d3dbc529e94bf779909bfe8a325b33676b4c480d32f9f690ff7f6bc2fc42c8a,2025-12-21T02:19:38.685Z,2025-12-21T02:19:38.686Z,389fbd97-a22e-4204-9576-bb1d8790d99a,389fbd97-a22e-4204-9576-bb1d8790d99a,false,,,ok,mp4-family
GrokVault,full-vault-scan,/Users/philipbankier/Content/Grok IMagine/greymaker/GrokVault/2025-12-21_Auto/38ea4cc0-b18f-4f5d-9c22-8211949d1afe.png,2025-12-21_Auto/38ea4cc0-b18f-4f5d-9c22-8211949d1afe.png,191083,.png,image,b7f5fb99a3bd66887bc824c040e6bd925b9c8bacd5fce85655f0af4c55460f4d,2025-12-21T02:26:53.492Z,2025-12-21T02:26:53.547Z,38ea4cc0-b18f-4f5d-9c22-8211949d1afe,38ea4cc0-b18f-4f5d-9c22-8211949d1afe,false,,,ok,jpeg
GrokVault,full-vault-scan,/Users/philipbankier/Content/Grok IMagine/greymaker/GrokVault/2025-12-21_Auto/39339cbc-2ac1-491b-b724-7cba1b0aeaad.png,2025-12-21_Auto/39339cbc-2ac1-491b-b724-7cba1b0aeaad.png,260536,.png,image,0792656528ecbd9a07d647ec02be7a91004f72c5fc597d0274a467094e35fdaf,2025-12-21T01:49:52.236Z,2025-12-21T01:49:52.295Z,39339cbc-2ac1-491b-b724-7cba1b0aeaad,39339cbc-2ac1-491b-b724-7cba1b0aeaad,false,,,ok,jpeg
GrokVault,full-vault-scan,/Users/philipbankier/Content/Grok IMagine/greymaker/GrokVault/2025-12-21_Auto/39505981-0420-4d80-b6e6-bd09913d3814.png,2025-12-21_Auto/39505981-0420-4d80-b6e6-bd09913d3814.png,180991,.png,image,735feceb07ede19dcb5d7709da4d6b6271c07c35b56f99d965dade1accd4b566,2025-12-21T01:16:52.095Z,2025-12-21T01:16:52.153Z,39505981-0420-4d80-b6e6-bd09913d3814,39505981-0420-4d80-b6e6-bd09913d3814,false,,,ok,jpeg
GrokVault,full-vault-scan,/Users/philipbankier/Content/Grok IMagine/greymaker/GrokVault/2025-12-21_Auto/3ae3bd71-f779-425a-8cbc-d21ec744cff7.png,2025-12-21_Auto/3ae3bd71-f779-425a-8cbc-d21ec744cff7.png,189463,.png,image,66f6852394d72060033cee378d1c0230893c4a96161c0d8125017c32083e96c9,2025-12-21T00:20:58.430Z,2025-12-21T00:20:58.430Z,3ae3bd71-f779-425a-8cbc-d21ec744cff7,3ae3bd71-f779-425a-8cbc-d21ec744cff7,false,,,ok,jpeg
GrokVault,full-vault-scan,/Users/philipbankier/Content/Grok IMagine/greymaker/GrokVault/2025-12-21_Auto/3aff5c1e-13dc-4e76-a7b0-f5a707e93353.mp4,2025-12-21_Auto/3aff5c1e-13dc-4e76-a7b0-f5a707e93353.mp4,2099553,.mp4,video,e443ce0982a40821dc200b197df277b4c00e54152b0288af5a1622c8907226fe,2025-12-21T00:06:16.906Z,2025-12-21T00:06:16.909Z,3aff5c1e-13dc-4e76-a7b0-f5a707e93353,3aff5c1e-13dc-4e76-a7b0-f5a707e93353,false,,,ok,mp4-family
GrokVault,full-vault-scan,/Users/philipbankier/Content/Grok IMagine/greymaker/GrokVault/2025-12-21_Auto/3b231a84-a306-4353-b7d2-2ce3a9abd793.png,2025-12-21_Auto/3b231a84-a306-4353-b7d2-2ce3a9abd793.png,223614,.png,image,8037b2783bea29af46e208ff7c11ea3886d6ddc936a54ae6631761ffa91d2afe,2025-12-21T02:44:50.466Z,2025-12-21T02:44:50.515Z,3b231a84-a306-4353-b7d2-2ce3a9abd793,3b231a84-a306-4353-b7d2-2ce3a9abd793,false,,,ok,jpeg
GrokVault,full-vault-scan,/Users/philipbankier/Content/Grok IMagine/greymaker/GrokVault/2025-12-21_Auto/3b39a6ae-5023-473f-8178-f9156c3dabdd.mp4,2025-12-21_Auto/3b39a6ae-5023-473f-8178-f9156c3dabdd.mp4,2278428,.mp4,video,82067430483297e15ea1ad38e8d001738b18df117913c7abaa21ba3b588e6513,2025-12-21T03:09:26.603Z,2025-12-21T03:09:26.604Z,3b39a6ae-5023-473f-8178-f9156c3dabdd,3b39a6ae-5023-473f-8178-f9156c3dabdd,false,,,ok,mp4-family
GrokVault,full-vault-scan,/Users/philipbankier/Content/Grok IMagine/greymaker/GrokVault/2025-12-21_Auto/3b46ca6a-3111-4820-a942-8ccd02989f07.mp4,2025-12-21_Auto/3b46ca6a-3111-4820-a942-8ccd02989f07.mp4,2510417,.mp4,video,b47b599deb5a324855a95bd8376eb0ba0054c8d34b67edf38dbbcd8f00904b55,2025-12-21T03:09:48.861Z,2025-12-21T03:09:48.864Z,3b46ca6a-3111-4820-a942-8ccd02989f07,3b46ca6a-3111-4820-a942-8ccd02989f07,false,,,ok,mp4-family
GrokVault,full-vault-scan,/Users/philipbankier/Content/Grok IMagine/greymaker/GrokVault/2025-12-21_Auto/3b5a9edf-a701-4edc-8d33-1883b8c48590.png,2025-12-21_Auto/3b5a9edf-a701-4edc-8d33-1883b8c48590.png,187854,.png,image,73ca52038784f7d00b0561c05f5d5699a954a3458365be03dfb336195552ea46,2025-12-21T02:48:10.603Z,2025-12-21T02:48:10.662Z,3b5a9edf-a701-4edc-8d33-1883b8c48590,3b5a9edf-a701-4edc-8d33-1883b8c48590,false,,,ok,jpeg
GrokVault,full-vault-scan,/Users/philipbankier/Content/Grok IMagine/greymaker/GrokVault/2025-12-21_Auto/3ba5be86-0e2f-47fe-b973-5486fd52892a.png,2025-12-21_Auto/3ba5be86-0e2f-47fe-b973-5486fd52892a.png,280595,.png,image,68028de8e38de627abd0fcfd9ec18184cc63e8041f3e382699b12fc1b658e79a,2025-12-21T00:40:14.587Z,2025-12-21T00:40:14.655Z,3ba5be86-0e2f-47fe-b973-5486fd52892a,3ba5be86-0e2f-47fe-b973-5486fd52892a,false,,,ok,jpeg
GrokVault,full-vault-scan,/Users/philipbankier/Content/Grok IMagine/greymaker/GrokVault/2025-12-21_Auto/3baf647d-6f2d-4816-967c-7f2cc2e5fa44.mp4,2025-12-21_Auto/3baf647d-6f2d-4816-967c-7f2cc2e5fa44.mp4,3347333,.mp4,video,400dd2cc6cf5c198a57b719c05ef0806146ea197301c33afa94afb11e2ca841b,2025-12-21T00:18:25.254Z,2025-12-21T00:18:25.257Z,3baf647d-6f2d-4816-967c-7f2cc2e5fa44,3baf647d-6f2d-4816-967c-7f2cc2e5fa44,false,,,ok,mp4-family
GrokVault,full-vault-scan,/Users/philipbankier/Content/Grok IMagine/greymaker/GrokVault/2025-12-21_Auto/3bb1790e-3c05-4523-86ca-6689153a1368.mp4,2025-12-21_Auto/3bb1790e-3c05-4523-86ca-6689153a1368.mp4,1694531,.mp4,video,fdaef0cb869af1a2c0a9b87303bf3de764bd5a5eaa11b6a50b4262471744435b,2025-12-21T02:03:31.794Z,2025-12-21T02:03:31.797Z,3bb1790e-3c05-4523-86ca-6689153a1368,3bb1790e-3c05-4523-86ca-6689153a1368,false,,,ok,mp4-family
GrokVault,full-vault-scan,/Users/philipbankier/Content/Grok IMagine/greymaker/GrokVault/2025-12-21_Auto/3c1c7fce-b58c-4edf-8eee-075fe682353f.mp4,2025-12-21_Auto/3c1c7fce-b58c-4edf-8eee-075fe682353f.mp4,3841845,.mp4,video,5059010424e93ed2ecca8663796feb7c4657b501d6e8fb3b844f1cb8450956fa,2025-12-21T00:55:40.217Z,2025-12-21T00:55:40.221Z,3c1c7fce-b58c-4edf-8eee-075fe682353f,3c1c7fce-b58c-4edf-8eee-075fe682353f,false,,,ok,mp4-family
GrokVault,full-vault-scan,/Users/philipbankier/Content/Grok IMagine/greymaker/GrokVault/2025-12-21_Auto/3d082895-7618-4a2b-9070-cbce82a54d5c.mp4,2025-12-21_Auto/3d082895-7618-4a2b-9070-cbce82a54d5c.mp4,1909566,.mp4,video,2c5572680f0ff666efd5ed3202ce69f447c5c85b97deebcea79ef8d7ec0d3579,2025-12-21T01:47:56.448Z,2025-12-21T01:47:56.451Z,3d082895-7618-4a2b-9070-cbce82a54d5c,3d082895-7618-4a2b-9070-cbce82a54d5c,false,,,ok,mp4-family
GrokVault,full-vault-scan,/Users/philipbankier/Content/Grok IMagine/greymaker/GrokVault/2025-12-21_Auto/3d0851b3-2468-4d53-9cd3-827b49ac11e6.png,2025-12-21_Auto/3d0851b3-2468-4d53-9cd3-827b49ac11e6.png,328373,.png,image,ece5238dbe660173359674a0e54f53461e5e63b895e268eda25791c59e4e7da4,2025-12-21T00:36:31.975Z,2025-12-21T00:36:32.038Z,3d0851b3-2468-4d53-9cd3-827b49ac11e6,3d0851b3-2468-4d53-9cd3-827b49ac11e6,false,,,ok,jpeg
GrokVault,full-vault-scan,/Users/philipbankier/Content/Grok IMagine/greymaker/GrokVault/2025-12-21_Auto/3d94ef40-1c2f-45b7-a665-b4828534cce3.mp4,2025-12-21_Auto/3d94ef40-1c2f-45b7-a665-b4828534cce3.mp4,1337897,.mp4,video,18fdf448a9ba6447769c0db628bbeddd81f66ecca7f565712272f1555f06e48b,2025-12-21T00:45:21.029Z,2025-12-21T00:45:21.031Z,3d94ef40-1c2f-45b7-a665-b4828534cce3,3d94ef40-1c2f-45b7-a665-b4828534cce3,false,,,ok,mp4-family
GrokVault,full-vault-scan,/Users/philipbankier/Content/Grok IMagine/greymaker/GrokVault/2025-12-21_Auto/3d9b2ede-8aaf-435d-ab17-279da4bead25.mp4,2025-12-21_Auto/3d9b2ede-8aaf-435d-ab17-279da4bead25.mp4,1666448,.mp4,video,1bb59a0fe8d8dec6aa7b4545c443a93e2f4e91cbb7af777b26d54951b41471ad,2025-12-21T01:04:37.157Z,2025-12-21T01:04:37.159Z,3d9b2ede-8aaf-435d-ab17-279da4bead25,3d9b2ede-8aaf-435d-ab17-279da4bead25,false,,,ok,mp4-family
GrokVault,full-vault-scan,/Users/philipbankier/Content/Grok IMagine/greymaker/GrokVault/2025-12-21_Auto/3deceb62-8da9-4f6e-a59f-0968045bb0c9.png,2025-12-21_Auto/3deceb62-8da9-4f6e-a59f-0968045bb0c9.png,187481,.png,image,0fce9b7c465559b2ae083352ed66adb5fd1b548a7fc1ac5c0bec04457c3408d1,2025-12-21T03:35:39.204Z,2025-12-21T03:35:39.263Z,3deceb62-8da9-4f6e-a59f-0968045bb0c9,3deceb62-8da9-4f6e-a59f-0968045bb0c9,false,,,ok,jpeg
GrokVault,full-vault-scan,/Users/philipbankier/Content/Grok IMagine/greymaker/GrokVault/2025-12-21_Auto/3e253294-f1fe-4dd1-9291-646858c601ea.mp4,2025-12-21_Auto/3e253294-f1fe-4dd1-9291-646858c601ea.mp4,2166288,.mp4,video,f6f4e7d98b9a802eb6edfde04485bfac42535a54e3ddb4af76cd029a46b5f8f9,2025-12-21T02:01:53.719Z,2025-12-21T02:01:53.721Z,3e253294-f1fe-4dd1-9291-646858c601ea,3e253294-f1fe-4dd1-9291-646858c601ea,false,,,ok,mp4-family
GrokVault,full-vault-scan,/Users/philipbankier/Content/Grok IMagine/greymaker/GrokVault/2025-12-21_Auto/3ea17787-8a95-476e-aae1-5038315da6d9.png,2025-12-21_Auto/3ea17787-8a95-476e-aae1-5038315da6d9.png,236893,.png,image,b622f508abdd6a16f869835245c1bdb7bec5f689a54beba5b26dba80f9e7ef38,2025-12-21T03:02:38.368Z,2025-12-21T03:02:38.424Z,3ea17787-8a95-476e-aae1-5038315da6d9,3ea17787-8a95-476e-aae1-5038315da6d9,false,,,ok,jpeg
GrokVault,full-vault-scan,/Users/philipbankier/Content/Grok IMagine/greymaker/GrokVault/2025-12-21_Auto/401a3e4d-a357-4020-a8a7-bdf102c7c3c8.png,2025-12-21_Auto/401a3e4d-a357-4020-a8a7-bdf102c7c3c8.png,240790,.png,image,5d2c38417bb4ee73597554eb291b28c2a7921dfa16b676664bf41b3c532b5198,2025-12-21T00:44:47.743Z,2025-12-21T00:44:47.804Z,401a3e4d-a357-4020-a8a7-bdf102c7c3c8,401a3e4d-a357-4020-a8a7-bdf102c7c3c8,false,,,ok,jpeg
GrokVault,full-vault-scan,/Users/philipbankier/Content/Grok IMagine/greymaker/GrokVault/2025-12-21_Auto/40f94f0e-2e5b-466d-9c40-be96d1361845.png,2025-12-21_Auto/40f94f0e-2e5b-466d-9c40-be96d1361845.png,315292,.png,image,44d8a560be30c94083d30038dce7ed5179689a1eebc3a2a3b0acd12a9298f803,2025-12-21T01:55:55.902Z,2025-12-21T01:55:55.963Z,40f94f0e-2e5b-466d-9c40-be96d1361845,40f94f0e-2e5b-466d-9c40-be96d1361845,false,,,ok,jpeg
GrokVault,full-vault-scan,/Users/philipbankier/Content/Grok IMagine/greymaker/GrokVault/2025-12-21_Auto/4119dae5-36ca-4751-944d-5ae72947ac82.png,2025-12-21_Auto/4119dae5-36ca-4751-944d-5ae72947ac82.png,257259,.png,image,6f3161b52d4d77b25dceb5ec469f1c69e46a1708dfac19cdbbf8544d5d121390,2025-12-21T01:48:16.217Z,2025-12-21T01:48:16.235Z,4119dae5-36ca-4751-944d-5ae72947ac82,4119dae5-36ca-4751-944d-5ae72947ac82,false,,,ok,jpeg
GrokVault,full-vault-scan,/Users/philipbankier/Content/Grok IMagine/greymaker/GrokVault/2025-12-21_Auto/41315ab0-da0b-4da9-a57c-90429e2ce743.png,2025-12-21_Auto/41315ab0-da0b-4da9-a57c-90429e2ce743.png,407262,.png,image,054c86becb81337e0b61bb1307c8a201451e3c8f090cf4a400a8ccedffa2445b,2025-12-21T00:22:14.149Z,2025-12-21T00:22:14.150Z,41315ab0-da0b-4da9-a57c-90429e2ce743,41315ab0-da0b-4da9-a57c-90429e2ce743,false,,,ok,jpeg
GrokVault,full-vault-scan,/Users/philipbankier/Content/Grok IMagine/greymaker/GrokVault/2025-12-21_Auto/4134446a-cbe1-4045-9fd7-1e455d0136d8.mp4,2025-12-21_Auto/4134446a-cbe1-4045-9fd7-1e455d0136d8.mp4,2147019,.mp4,video,a3f37b1fbe0ec4e914540b2f222d6b9f774236faae9b404162612e78fb244597,2025-12-21T03:47:45.962Z,2025-12-21T03:47:45.964Z,4134446a-cbe1-4045-9fd7-1e455d0136d8,4134446a-cbe1-4045-9fd7-1e455d0136d8,false,,,ok,mp4-family
GrokVault,full-vault-scan,/Users/philipbankier/Content/Grok IMagine/greymaker/GrokVault/2025-12-21_Auto/4185070c-2690-4217-9a62-48e48548a75f.mp4,2025-12-21_Auto/4185070c-2690-4217-9a62-48e48548a75f.mp4,1984721,.mp4,video,cb823848a573a2b27f6bfb278a3c159e26af426c2297fb3725a63417479a40e4,2025-12-21T00:11:00.317Z,2025-12-21T00:11:00.320Z,4185070c-2690-4217-9a62-48e48548a75f,4185070c-2690-4217-9a62-48e48548a75f,false,,,ok,mp4-family
GrokVault,full-vault-scan,/Users/philipbankier/Content/Grok IMagine/greymaker/GrokVault/2025-12-21_Auto/4193940e-2a6f-4bc8-b9bd-efd77d9e3999.png,2025-12-21_Auto/4193940e-2a6f-4bc8-b9bd-efd77d9e3999.png,167982,.png,image,72a3fa2c224e9472d9d3e77bb3ff2d4dcb34367d58945c02fedd3a83421cda57,2025-12-21T01:17:44.990Z,2025-12-21T01:17:45.048Z,4193940e-2a6f-4bc8-b9bd-efd77d9e3999,4193940e-2a6f-4bc8-b9bd-efd77d9e3999,false,,,ok,jpeg
GrokVault,full-vault-scan,/Users/philipbankier/Content/Grok IMagine/greymaker/GrokVault/2025-12-21_Auto/42173206-b47c-4813-9792-5071cd3dc9c1.png,2025-12-21_Auto/42173206-b47c-4813-9792-5071cd3dc9c1.png,276545,.png,image,093d985b41e23866e1377b32a2b2ae2ec8ea3908dac8fa3a116e99d8c2985630,2025-12-21T00:15:51.219Z,2025-12-21T00:15:51.284Z,42173206-b47c-4813-9792-5071cd3dc9c1,42173206-b47c-4813-9792-5071cd3dc9c1,false,,,ok,jpeg
GrokVault,full-vault-scan,/Users/philipbankier/Content/Grok IMagine/greymaker/GrokVault/2025-12-21_Auto/42794f6f-ae1b-4f70-9465-1f75a11ebfdc.mp4,2025-12-21_Auto/42794f6f-ae1b-4f70-9465-1f75a11ebfdc.mp4,1307312,.mp4,video,2c739e89b86b33aed78f19d10a4de659f9c1bcf96de6cff2fdd10660b054caff,2025-12-21T02:03:12.637Z,2025-12-21T02:03:12.638Z,42794f6f-ae1b-4f70-9465-1f75a11ebfdc,42794f6f-ae1b-4f70-9465-1f75a11ebfdc,false,,,ok,mp4-family
GrokVault,full-vault-scan,/Users/philipbankier/Content/Grok IMagine/greymaker/GrokVault/2025-12-21_Auto/42b0e9e2-d052-43a0-9629-2739fc1a2ee8.png,2025-12-21_Auto/42b0e9e2-d052-43a0-9629-2739fc1a2ee8.png,244692,.png,image,5b510234e5c2daa2370a1b7d36912789b3201116d2438352f5c62eaa628c828d,2025-12-21T02:50:01.232Z,2025-12-21T02:50:01.305Z,42b0e9e2-d052-43a0-9629-2739fc1a2ee8,42b0e9e2-d052-43a0-9629-2739fc1a2ee8,false,,,ok,jpeg
GrokVault,full-vault-scan,/Users/philipbankier/Content/Grok IMagine/greymaker/GrokVault/2025-12-21_Auto/42d66984-a215-4481-9b21-c6ccab938cae.png,2025-12-21_Auto/42d66984-a215-4481-9b21-c6ccab938cae.png,292283,.png,image,faa64e7bc1ca31d806158470fc80e81a3356f42ec42116025226febb401d264d,2025-12-21T00:38:05.409Z,2025-12-21T00:38:05.467Z,42d66984-a215-4481-9b21-c6ccab938cae,42d66984-a215-4481-9b21-c6ccab938cae,false,,,ok,jpeg
GrokVault,full-vault-scan,/Users/philipbankier/Content/Grok IMagine/greymaker/GrokVault/2025-12-21_Auto/42f6128c-765f-4080-bad1-30f58a5f7eb2.mp4,2025-12-21_Auto/42f6128c-765f-4080-bad1-30f58a5f7eb2.mp4,1154733,.mp4,video,bebcee66b849895b5d1de4fbc26e1c736e8bfa25a65f49dcce157534632f0cb8,2025-12-21T01:17:26.313Z,2025-12-21T01:17:26.314Z,42f6128c-765f-4080-bad1-30f58a5f7eb2,42f6128c-765f-4080-bad1-30f58a5f7eb2,false,,,ok,mp4-family
GrokVault,full-vault-scan,/Users/philipbankier/Content/Grok IMagine/greymaker/GrokVault/2025-12-21_Auto/43090afd-02ce-40cf-8057-fcd6baba63ef.png,2025-12-21_Auto/43090afd-02ce-40cf-8057-fcd6baba63ef.png,212880,.png,image,e7b412eb0071f8716a345143a49fbb66e449f382ca8c904f1aa2ec74f389fe9f,2025-12-21T03:11:21.648Z,2025-12-21T03:11:21.699Z,43090afd-02ce-40cf-8057-fcd6baba63ef,43090afd-02ce-40cf-8057-fcd6baba63ef,false,,,ok,jpeg
GrokVault,full-vault-scan,/Users/philipbankier/Content/Grok IMagine/greymaker/GrokVault/2025-12-21_Auto/43a67046-b1ab-40c1-8d8d-13195ace0845.mp4,2025-12-21_Auto/43a67046-b1ab-40c1-8d8d-13195ace0845.mp4,2368155,.mp4,video,7ebc34ca735f9463afab348f06fdf4c4937ba999ea01f1ca90447511ac9ed591,2025-12-21T01:22:27.730Z,2025-12-21T01:22:27.733Z,43a67046-b1ab-40c1-8d8d-13195ace0845,43a67046-b1ab-40c1-8d8d-13195ace0845,false,,,ok,mp4-family
GrokVault,full-vault-scan,/Users/philipbankier/Content/Grok IMagine/greymaker/GrokVault/2025-12-21_Auto/43d5bdc7-4849-44ba-8e74-5f03a55f311b.png,2025-12-21_Auto/43d5bdc7-4849-44ba-8e74-5f03a55f311b.png,151356,.png,image,f6c7253611a40acb01d8a1bdc5158c72a59e205943ac5b2abf04bd038c2908a2,2025-12-21T03:37:15.081Z,2025-12-21T03:37:15.138Z,43d5bdc7-4849-44ba-8e74-5f03a55f311b,43d5bdc7-4849-44ba-8e74-5f03a55f311b,false,,,ok,jpeg
GrokVault,full-vault-scan,/Users/philipbankier/Content/Grok IMagine/greymaker/GrokVault/2025-12-21_Auto/443131d8-175b-48b7-aa6d-fe292d837714.png,2025-12-21_Auto/443131d8-175b-48b7-aa6d-fe292d837714.png,142627,.png,image,a786db19722ce050b6f96c5a90161d8f412abf0cf6e05117bc204a4de0c905d4,2025-12-21T03:41:01.534Z,2025-12-21T03:41:01.596Z,443131d8-175b-48b7-aa6d-fe292d837714,443131d8-175b-48b7-aa6d-fe292d837714,false,,,ok,jpeg
GrokVault,full-vault-scan,/Users/philipbankier/Content/Grok IMagine/greymaker/GrokVault/2025-12-21_Auto/446977fc-c612-4ae7-8dd1-a03ab46e315a.mp4,2025-12-21_Auto/446977fc-c612-4ae7-8dd1-a03ab46e315a.mp4,1552927,.mp4,video,8b72059e3d52414258aa73efadc9700726c3c49304fe4099ee11f26625d4bb37,2025-12-21T02:07:32.321Z,2025-12-21T02:07:32.322Z,446977fc-c612-4ae7-8dd1-a03ab46e315a,446977fc-c612-4ae7-8dd1-a03ab46e315a,false,,,ok,mp4-family
GrokVault,full-vault-scan,/Users/philipbankier/Content/Grok IMagine/greymaker/GrokVault/2025-12-21_Auto/449d811f-6a9a-48a6-9f1b-23fdf7c3af1d.png,2025-12-21_Auto/449d811f-6a9a-48a6-9f1b-23fdf7c3af1d.png,231735,.png,image,7fb580192ec4ed65f700af3415b321558f3838d1e7a3037683a693fdb19914f6,2025-12-21T02:02:33.721Z,2025-12-21T02:02:33.781Z,449d811f-6a9a-48a6-9f1b-23fdf7c3af1d,449d811f-6a9a-48a6-9f1b-23fdf7c3af1d,false,,,ok,jpeg
GrokVault,full-vault-scan,/Users/philipbankier/Content/Grok IMagine/greymaker/GrokVault/2025-12-21_Auto/44ad41b7-3bf8-458a-b8ca-029bb96c3cbc.png,2025-12-21_Auto/44ad41b7-3bf8-458a-b8ca-029bb96c3cbc.png,397134,.png,image,c10b8d8b735bfa7c0b5da61f27490a914d29bc029534ecf706bfc2211d4eda0d,2025-12-21T00:37:19.117Z,2025-12-21T00:37:19.194Z,44ad41b7-3bf8-458a-b8ca-029bb96c3cbc,44ad41b7-3bf8-458a-b8ca-029bb96c3cbc,false,,,ok,jpeg
GrokVault,full-vault-scan,/Users/philipbankier/Content/Grok IMagine/greymaker/GrokVault/2025-12-21_Auto/44f1c2fa-3f84-4cc9-b601-27f5cb00f119.png,2025-12-21_Auto/44f1c2fa-3f84-4cc9-b601-27f5cb00f119.png,353735,.png,image,265f04289e3c6291e487afc4d23618421504353238152111f81870c452264e93,2025-12-21T01:56:55.675Z,2025-12-21T01:56:55.741Z,44f1c2fa-3f84-4cc9-b601-27f5cb00f119,44f1c2fa-3f84-4cc9-b601-27f5cb00f119,false,,,ok,jpeg
GrokVault,full-vault-scan,/Users/philipbankier/Content/Grok IMagine/greymaker/GrokVault/2025-12-21_Auto/458c28b8-2da0-4f50-8eb9-20dfa7f3843c.png,2025-12-21_Auto/458c28b8-2da0-4f50-8eb9-20dfa7f3843c.png,285970,.png,image,35c84a0558347e5976778f5d4c87af80642b60b4ae9f1fd6f2ad4d4cc17c93c8,2025-12-21T02:46:42.017Z,2025-12-21T02:46:42.077Z,458c28b8-2da0-4f50-8eb9-20dfa7f3843c,458c28b8-2da0-4f50-8eb9-20dfa7f3843c,false,,,ok,jpeg
GrokVault,full-vault-scan,/Users/philipbankier/Content/Grok IMagine/greymaker/GrokVault/2025-12-21_Auto/45cd0cc9-cae5-4583-a433-a6db1586fa90.mp4,2025-12-21_Auto/45cd0cc9-cae5-4583-a433-a6db1586fa90.mp4,2520391,.mp4,video,bb98bddee56cfde3e216c55ffe69aeff9ce65a76547bd3d9caaf6718e76d2b1c,2025-12-21T00:51:02.655Z,2025-12-21T00:51:02.657Z,45cd0cc9-cae5-4583-a433-a6db1586fa90,45cd0cc9-cae5-4583-a433-a6db1586fa90,false,,,ok,mp4-family
GrokVault,full-vault-scan,/Users/philipbankier/Content/Grok IMagine/greymaker/GrokVault/2025-12-21_Auto/465533e8-8151-417f-8c19-9e3005a2a427.png,2025-12-21_Auto/465533e8-8151-417f-8c19-9e3005a2a427.png,176731,.png,image,0a8495a700abe0b5292970646c53b25f79d881f437cd390c67bb062327329814,2025-12-21T03:14:24.454Z,2025-12-21T03:14:24.512Z,465533e8-8151-417f-8c19-9e3005a2a427,465533e8-8151-417f-8c19-9e3005a2a427,false,,,ok,jpeg
GrokVault,full-vault-scan,/Users/philipbankier/Content/Grok IMagine/greymaker/GrokVault/2025-12-21_Auto/466c029e-7554-452b-9a8f-71ff3b70fb63.mp4,2025-12-21_Auto/466c029e-7554-452b-9a8f-71ff3b70fb63.mp4,1365955,.mp4,video,d6c9953f53027f19dada5fc19ec35ef062cb10b537022b577a48a06e21a77597,2025-12-21T00:52:23.448Z,2025-12-21T00:52:23.449Z,466c029e-7554-452b-9a8f-71ff3b70fb63,466c029e-7554-452b-9a8f-71ff3b70fb63,false,,,ok,mp4-family
GrokVault,full-vault-scan,/Users/philipbankier/Content/Grok IMagine/greymaker/GrokVault/2025-12-21_Auto/46f9f74b-d722-4ea1-9393-3a21f3d616ff.mp4,2025-12-21_Auto/46f9f74b-d722-4ea1-9393-3a21f3d616ff.mp4,1351812,.mp4,video,3492bb725d0bc58e2ee1a16b9bd4d969f75d0a9f616da7c12b5379f17a8267fb,2025-12-21T01:37:20.122Z,2025-12-21T01:37:20.124Z,46f9f74b-d722-4ea1-9393-3a21f3d616ff,46f9f74b-d722-4ea1-9393-3a21f3d616ff,false,,,ok,mp4-family
GrokVault,full-vault-scan,/Users/philipbankier/Content/Grok IMagine/greymaker/GrokVault/2025-12-21_Auto/470eac93-8817-4975-900f-9880e57bc200.png,2025-12-21_Auto/470eac93-8817-4975-900f-9880e57bc200.png,244567,.png,image,815b6edea4344aae3627ade8645af53d9d99d9e4aef744825c46c4f50377a2c2,2025-12-21T03:07:54.005Z,2025-12-21T03:07:54.066Z,470eac93-8817-4975-900f-9880e57bc200,470eac93-8817-4975-900f-9880e57bc200,false,,,ok,jpeg
GrokVault,full-vault-scan,/Users/philipbankier/Content/Grok IMagine/greymaker/GrokVault/2025-12-21_Auto/47821592-2fe3-44e5-bcfd-db341569193a.png,2025-12-21_Auto/47821592-2fe3-44e5-bcfd-db341569193a.png,239697,.png,image,cdcd488437982e156bcf7243319e7869b0e0210723ae6314f95ea8e31dfeac85,2025-12-21T01:15:41.509Z,2025-12-21T01:15:41.568Z,47821592-2fe3-44e5-bcfd-db341569193a,47821592-2fe3-44e5-bcfd-db341569193a,false,,,ok,jpeg
GrokVault,full-vault-scan,/Users/philipbankier/Content/Grok IMagine/greymaker/GrokVault/2025-12-21_Auto/4838fb8e-579d-45da-abc3-fb49e2ebd420.png,2025-12-21_Auto/4838fb8e-579d-45da-abc3-fb49e2ebd420.png,218762,.png,image,5c25446ef533761a138b9d7336e9ef179fe35470d3e4d945f018a01cbd88b5b1,2025-12-21T01:23:03.883Z,2025-12-21T01:23:03.934Z,4838fb8e-579d-45da-abc3-fb49e2ebd420,4838fb8e-579d-45da-abc3-fb49e2ebd420,false,,,ok,jpeg
GrokVault,full-vault-scan,/Users/philipbankier/Content/Grok IMagine/greymaker/GrokVault/2025-12-21_Auto/483b77d7-8af4-4534-b307-56483cc57b92.png,2025-12-21_Auto/483b77d7-8af4-4534-b307-56483cc57b92.png,224580,.png,image,da6601c47e43a7f3bbad56942363ce87bf64694dd7632884362f21a220bf50af,2025-12-21T02:11:01.102Z,2025-12-21T02:11:01.159Z,483b77d7-8af4-4534-b307-56483cc57b92,483b77d7-8af4-4534-b307-56483cc57b92,false,,,ok,jpeg
GrokVault,full-vault-scan,/Users/philipbankier/Content/Grok IMagine/greymaker/GrokVault/2025-12-21_Auto/48f1f061-74fa-4b8a-bb5c-ade2d23c3daf.mp4,2025-12-21_Auto/48f1f061-74fa-4b8a-bb5c-ade2d23c3daf.mp4,1817324,.mp4,video,5b4bc7fe8b5a1d408cc147c14fcce1abf0ed46886a8a78bcd46c69535b8fa73e,2025-12-21T01:40:05.483Z,2025-12-21T01:40:05.485Z,48f1f061-74fa-4b8a-bb5c-ade2d23c3daf,48f1f061-74fa-4b8a-bb5c-ade2d23c3daf,false,,,ok,mp4-family
GrokVault,full-vault-scan,/Users/philipbankier/Content/Grok IMagine/greymaker/GrokVault/2025-12-21_Auto/491c62ca-47f1-4e5a-b491-590eac780f46.mp4,2025-12-21_Auto/491c62ca-47f1-4e5a-b491-590eac780f46.mp4,2469181,.mp4,video,a4f6d1ffbb562defccc16a65c2357d6b7b846c14181e2a28a697dc9639aea56e,2025-12-21T00:59:48.143Z,2025-12-21T00:59:48.145Z,491c62ca-47f1-4e5a-b491-590eac780f46,491c62ca-47f1-4e5a-b491-590eac780f46,false,,,ok,mp4-family
GrokVault,full-vault-scan,/Users/philipbankier/Content/Grok IMagine/greymaker/GrokVault/2025-12-21_Auto/4a2b852a-c2c7-412a-b579-a284f6dea304.png,2025-12-21_Auto/4a2b852a-c2c7-412a-b579-a284f6dea304.png,219656,.png,image,cf0805bcf8a0fa420b5635e802b452d3c82f787b7585bd276f4cd4eef57de66e,2025-12-21T02:25:29.760Z,2025-12-21T02:25:29.816Z,4a2b852a-c2c7-412a-b579-a284f6dea304,4a2b852a-c2c7-412a-b579-a284f6dea304,false,,,ok,jpeg
GrokVault,full-vault-scan,/Users/philipbankier/Content/Grok IMagine/greymaker/GrokVault/2025-12-21_Auto/4b4829dd-6bdc-4b1d-a47e-e2ea8e8da050.png,2025-12-21_Auto/4b4829dd-6bdc-4b1d-a47e-e2ea8e8da050.png,238876,.png,image,dfb6a4bbbc6ae5ceed929c7ae0a771809982628db02281e6ebb70d9f31b06487,2025-12-21T00:48:51.863Z,2025-12-21T00:48:51.923Z,4b4829dd-6bdc-4b1d-a47e-e2ea8e8da050,4b4829dd-6bdc-4b1d-a47e-e2ea8e8da050,false,,,ok,jpeg
GrokVault,full-vault-scan,/Users/philipbankier/Content/Grok IMagine/greymaker/GrokVault/2025-12-21_Auto/4bd4e4ed-5889-4a5d-a05c-cdd9793f3a3a.png,2025-12-21_Auto/4bd4e4ed-5889-4a5d-a05c-cdd9793f3a3a.png,247275,.png,image,5306dd0f8cfc067c165e3e43559e2edf6cb0990f0946920be1d12bf321e899f8,2025-12-21T02:37:34.663Z,2025-12-21T02:37:34.726Z,4bd4e4ed-5889-4a5d-a05c-cdd9793f3a3a,4bd4e4ed-5889-4a5d-a05c-cdd9793f3a3a,false,,,ok,jpeg
GrokVault,full-vault-scan,/Users/philipbankier/Content/Grok IMagine/greymaker/GrokVault/2025-12-21_Auto/4be2dd60-75da-45e7-b036-950ba9b00dc1.png,2025-12-21_Auto/4be2dd60-75da-45e7-b036-950ba9b00dc1.png,205492,.png,image,81dc50f97c3ba32684401f4aaaf5dc711c795dc6556f6befcef75b9f8b288e9b,2025-12-21T02:42:38.676Z,2025-12-21T02:42:38.734Z,4be2dd60-75da-45e7-b036-950ba9b00dc1,4be2dd60-75da-45e7-b036-950ba9b00dc1,false,,,ok,jpeg
GrokVault,full-vault-scan,/Users/philipbankier/Content/Grok IMagine/greymaker/GrokVault/2025-12-21_Auto/4bedf66d-d591-4f96-bd7b-70e71f74961a.mp4,2025-12-21_Auto/4bedf66d-d591-4f96-bd7b-70e71f74961a.mp4,1493953,.mp4,video,0ad00cc651d1a27747bd25b11c0eaf5b3cf9afda45ae5682b64fd4d1b42619d6,2025-12-21T00:42:53.094Z,2025-12-21T00:42:53.096Z,4bedf66d-d591-4f96-bd7b-70e71f74961a,4bedf66d-d591-4f96-bd7b-70e71f74961a,false,,,ok,mp4-family
GrokVault,full-vault-scan,/Users/philipbankier/Content/Grok IMagine/greymaker/GrokVault/2025-12-21_Auto/4c01e2cb-81ea-41b0-8800-438c977f105d.png,2025-12-21_Auto/4c01e2cb-81ea-41b0-8800-438c977f105d.png,260106,.png,image,9dddc8f6131226f037bd66b8cea948e04811852829ca9d37457840beaed5e310,2025-12-21T02:36:08.176Z,2025-12-21T02:36:08.243Z,4c01e2cb-81ea-41b0-8800-438c977f105d,4c01e2cb-81ea-41b0-8800-438c977f105d,false,,,ok,jpeg
GrokVault,full-vault-scan,/Users/philipbankier/Content/Grok IMagine/greymaker/GrokVault/2025-12-21_Auto/4c3dfa32-f135-406e-80af-f9e475a219e4.mp4,2025-12-21_Auto/4c3dfa32-f135-406e-80af-f9e475a219e4.mp4,2271534,.mp4,video,28fe54d7ab259ac8319b6f381ed72318d2ede86202a7191699af3298cacdd9ec,2025-12-21T00:01:05.202Z,2025-12-21T00:01:05.204Z,4c3dfa32-f135-406e-80af-f9e475a219e4,4c3dfa32-f135-406e-80af-f9e475a219e4,false,,,ok,mp4-family
GrokVault,full-vault-scan,/Users/philipbankier/Content/Grok IMagine/greymaker/GrokVault/2025-12-21_Auto/4c54e275-7eed-4989-933e-11a1939a4be5.png,2025-12-21_Auto/4c54e275-7eed-4989-933e-11a1939a4be5.png,245468,.png,image,890340f3cb4044da29503fb928b3f93df4a1f963baa8358a9f69ba10d71d15c9,2025-12-21T01:20:59.526Z,2025-12-21T01:20:59.583Z,4c54e275-7eed-4989-933e-11a1939a4be5,4c54e275-7eed-4989-933e-11a1939a4be5,false,,,ok,jpeg
GrokVault,full-vault-scan,/Users/philipbankier/Content/Grok IMagine/greymaker/GrokVault/2025-12-21_Auto/4c70f96e-7fef-4288-b9d1-7e92ddba9c8e.mp4,2025-12-21_Auto/4c70f96e-7fef-4288-b9d1-7e92ddba9c8e.mp4,1983310,.mp4,video,40c1756c781563211a43749ddefc5c64a2bdf148d2a74d5f47f11a40ac95b9ad,2025-12-21T00:50:29.671Z,2025-12-21T00:50:29.673Z,4c70f96e-7fef-4288-b9d1-7e92ddba9c8e,4c70f96e-7fef-4288-b9d1-7e92ddba9c8e,false,,,ok,mp4-family
GrokVault,full-vault-scan,/Users/philipbankier/Content/Grok IMagine/greymaker/GrokVault/2025-12-21_Auto/4c7a7831-da8f-4269-9b61-2c6b5adc5b48.mp4,2025-12-21_Auto/4c7a7831-da8f-4269-9b61-2c6b5adc5b48.mp4,1499611,.mp4,video,b94e078417ec9f562eeadd18c72e7ed827f2b96b0e39fb6f975d581da7b1d965,2025-12-21T01:39:47.266Z,2025-12-21T01:39:47.267Z,4c7a7831-da8f-4269-9b61-2c6b5adc5b48,4c7a7831-da8f-4269-9b61-2c6b5adc5b48,false,,,ok,mp4-family
GrokVault,full-vault-scan,/Users/philipbankier/Content/Grok IMagine/greymaker/GrokVault/2025-12-21_Auto/4ce5e0f0-5bab-471f-8c3e-1fc8df883d92.png,2025-12-21_Auto/4ce5e0f0-5bab-471f-8c3e-1fc8df883d92.png,221455,.png,image,23493c3bb92abc7b7fc3e616b8a0726fd6b01fa048d15431ae8c1cbd5dba772e,2025-12-21T00:42:22.343Z,2025-12-21T00:42:22.406Z,4ce5e0f0-5bab-471f-8c3e-1fc8df883d92,4ce5e0f0-5bab-471f-8c3e-1fc8df883d92,false,,,ok,jpeg
GrokVault,full-vault-scan,/Users/philipbankier/Content/Grok IMagine/greymaker/GrokVault/2025-12-21_Auto/4d1ed732-a372-4da2-a8f8-cc01dc62a163.png,2025-12-21_Auto/4d1ed732-a372-4da2-a8f8-cc01dc62a163.png,197282,.png,image,ae172f8e3f25850f1867671c14e041fd27e0b51e58537efda36c23c7de301ca1,2025-12-21T02:22:23.494Z,2025-12-21T02:22:23.556Z,4d1ed732-a372-4da2-a8f8-cc01dc62a163,4d1ed732-a372-4da2-a8f8-cc01dc62a163,false,,,ok,jpeg
GrokVault,full-vault-scan,/Users/philipbankier/Content/Grok IMagine/greymaker/GrokVault/2025-12-21_Auto/4d3a81f5-b676-40d7-8759-899d538492db.png,2025-12-21_Auto/4d3a81f5-b676-40d7-8759-899d538492db.png,200661,.png,image,460f5be986b9f460b7e423689bfe7d553b65c77420c0179732842bd0eaf989a4,2025-12-21T01:33:17.947Z,2025-12-21T01:33:18.004Z,4d3a81f5-b676-40d7-8759-899d538492db,4d3a81f5-b676-40d7-8759-899d538492db,false,,,ok,jpeg
GrokVault,full-vault-scan,/Users/philipbankier/Content/Grok IMagine/greymaker/GrokVault/2025-12-21_Auto/4d69dcbb-a562-45aa-932d-fbaac95b25f0.png,2025-12-21_Auto/4d69dcbb-a562-45aa-932d-fbaac95b25f0.png,244046,.png,image,59924f55a52c39d72476aad099a9b662e123ff35ff201fa4136b40df2f9bb853,2025-12-21T03:18:21.833Z,2025-12-21T03:18:21.846Z,4d69dcbb-a562-45aa-932d-fbaac95b25f0,4d69dcbb-a562-45aa-932d-fbaac95b25f0,false,,,ok,jpeg
GrokVault,full-vault-scan,/Users/philipbankier/Content/Grok IMagine/greymaker/GrokVault/2025-12-21_Auto/4d8f87d7-a796-4db5-a70a-40808e60583e.png,2025-12-21_Auto/4d8f87d7-a796-4db5-a70a-40808e60583e.png,138986,.png,image,47286211a715fe1daa5f66b135bf2d609eb46dfe65c24694005962b3bf83ac6a,2025-12-21T03:38:29.239Z,2025-12-21T03:38:29.297Z,4d8f87d7-a796-4db5-a70a-40808e60583e,4d8f87d7-a796-4db5-a70a-40808e60583e,false,,,ok,jpeg
GrokVault,full-vault-scan,/Users/philipbankier/Content/Grok IMagine/greymaker/GrokVault/2025-12-21_Auto/4dd2c70d-a6a6-4e2e-85ff-389166056439.png,2025-12-21_Auto/4dd2c70d-a6a6-4e2e-85ff-389166056439.png,291709,.png,image,c1cd031030aed07626075f543b95ec2fee2a23dc1c5105ca8337f0dcf0d19b40,2025-12-21T00:57:52.396Z,2025-12-21T00:57:52.454Z,4dd2c70d-a6a6-4e2e-85ff-389166056439,4dd2c70d-a6a6-4e2e-85ff-389166056439,false,,,ok,jpeg
GrokVault,full-vault-scan,/Users/philipbankier/Content/Grok IMagine/greymaker/GrokVault/2025-12-21_Auto/4e2a8256-7373-4974-ba8a-1e1ce93023bf.png,2025-12-21_Auto/4e2a8256-7373-4974-ba8a-1e1ce93023bf.png,294243,.png,image,3d03a0b35db814e90fe24dbe07800cb75f51c321d8677df05c522fef42ef3db5,2025-12-21T01:48:35.077Z,2025-12-21T01:48:35.135Z,4e2a8256-7373-4974-ba8a-1e1ce93023bf,4e2a8256-7373-4974-ba8a-1e1ce93023bf,false,,,ok,jpeg
GrokVault,full-vault-scan,/Users/philipbankier/Content/Grok IMagine/greymaker/GrokVault/2025-12-21_Auto/4f2fe431-ab82-47c4-9934-f82cd3eb91ba.png,2025-12-21_Auto/4f2fe431-ab82-47c4-9934-f82cd3eb91ba.png,317129,.png,image,c088b324557845cf89b7ecb99eccfe040fa079af906b27fd0f5625a63c4950ac,2025-12-21T01:00:55.834Z,2025-12-21T01:00:56.037Z,4f2fe431-ab82-47c4-9934-f82cd3eb91ba,4f2fe431-ab82-47c4-9934-f82cd3eb91ba,false,,,ok,jpeg
GrokVault,full-vault-scan,/Users/philipbankier/Content/Grok IMagine/greymaker/GrokVault/2025-12-21_Auto/4f3e7b6a-db8a-45d7-8f85-cca6dd00d0bc.png,2025-12-21_Auto/4f3e7b6a-db8a-45d7-8f85-cca6dd00d0bc.png,249515,.png,image,e2414f26087ee1e488e0a5e6c3af8c703c814bb39d610c2cf2c98c573774af9c,2025-12-21T02:42:59.897Z,2025-12-21T02:42:59.965Z,4f3e7b6a-db8a-45d7-8f85-cca6dd00d0bc,4f3e7b6a-db8a-45d7-8f85-cca6dd00d0bc,false,,,ok,jpeg
GrokVault,full-vault-scan,/Users/philipbankier/Content/Grok IMagine/greymaker/GrokVault/2025-12-21_Auto/4f48feaf-f929-4324-ab58-fece423dd821.png,2025-12-21_Auto/4f48feaf-f929-4324-ab58-fece423dd821.png,220607,.png,image,96fe8dbeba02bbdbd10b8dff52e63365679126469b161e0321b410ab9c896c62,2025-12-21T02:11:22.714Z,2025-12-21T02:11:22.774Z,4f48feaf-f929-4324-ab58-fece423dd821,4f48feaf-f929-4324-ab58-fece423dd821,false,,,ok,jpeg
GrokVault,full-vault-scan,/Users/philipbankier/Content/Grok IMagine/greymaker/GrokVault/2025-12-21_Auto/508482ae-8243-4004-9056-3013442ab640.mp4,2025-12-21_Auto/508482ae-8243-4004-9056-3013442ab640.mp4,3228840,.mp4,video,bee6110647a5222a9121fe12396422d0ffa4629ea7f96a5dead07d468bbbac16,2025-12-21T01:00:04.864Z,2025-12-21T01:00:04.869Z,508482ae-8243-4004-9056-3013442ab640,508482ae-8243-4004-9056-3013442ab640,false,,,ok,mp4-family
GrokVault,full-vault-scan,/Users/philipbankier/Content/Grok IMagine/greymaker/GrokVault/2025-12-21_Auto/50dad8a4-c1e7-49cd-9734-dff530e96364.mp4,2025-12-21_Auto/50dad8a4-c1e7-49cd-9734-dff530e96364.mp4,2447088,.mp4,video,34d96c82020563be9833b208fd966717c82f2ac35241d9654654d610c427ff80,2025-12-21T00:46:25.652Z,2025-12-21T00:46:25.654Z,50dad8a4-c1e7-49cd-9734-dff530e96364,50dad8a4-c1e7-49cd-9734-dff530e96364,false,,,ok,mp4-family
GrokVault,full-vault-scan,/Users/philipbankier/Content/Grok IMagine/greymaker/GrokVault/2025-12-21_Auto/51880775-6fea-492e-a169-980c1303b57b.png,2025-12-21_Auto/51880775-6fea-492e-a169-980c1303b57b.png,228282,.png,image,f4fbebeee8e0898c5b777c069856aa0478cce78fb0b2f2debc08718c6c910208,2025-12-21T02:23:46.089Z,2025-12-21T02:23:46.151Z,51880775-6fea-492e-a169-980c1303b57b,51880775-6fea-492e-a169-980c1303b57b,false,,,ok,jpeg
GrokVault,full-vault-scan,/Users/philipbankier/Content/Grok IMagine/greymaker/GrokVault/2025-12-21_Auto/5227012c-c60d-402e-8aaf-696eab78a9d3.png,2025-12-21_Auto/5227012c-c60d-402e-8aaf-696eab78a9d3.png,212658,.png,image,febb86e63cf1e74f8e4d0eb8723862712ae5df3a31d8d779639293efe6e2dada,2025-12-21T01:37:01.913Z,2025-12-21T01:37:01.972Z,5227012c-c60d-402e-8aaf-696eab78a9d3,5227012c-c60d-402e-8aaf-696eab78a9d3,false,,,ok,jpeg
GrokVault,full-vault-scan,/Users/philipbankier/Content/Grok IMagine/greymaker/GrokVault/2025-12-21_Auto/5249b85e-27c0-4eec-8f30-3479007273b9.png,2025-12-21_Auto/5249b85e-27c0-4eec-8f30-3479007273b9.png,158900,.png,image,5bc7af4f3c4df12ce00d6c1c4aaf02c769f92a972f4af87d2cf7bdb74c180b18,2025-12-21T03:35:15.613Z,2025-12-21T03:35:15.671Z,5249b85e-27c0-4eec-8f30-3479007273b9,5249b85e-27c0-4eec-8f30-3479007273b9,false,,,ok,jpeg
GrokVault,full-vault-scan,/Users/philipbankier/Content/Grok IMagine/greymaker/GrokVault/2025-12-21_Auto/5305b4df-d314-4e4f-862b-db9dad66dbc1.png,2025-12-21_Auto/5305b4df-d314-4e4f-862b-db9dad66dbc1.png,342595,.png,image,1384f1e7d8a5b0ee36d1499b23dc85ac416ba6f1599ccf103be256eb7c9857d9,2025-12-21T00:30:41.743Z,2025-12-21T00:30:41.813Z,5305b4df-d314-4e4f-862b-db9dad66dbc1,5305b4df-d314-4e4f-862b-db9dad66dbc1,false,,,ok,jpeg
GrokVault,full-vault-scan,/Users/philipbankier/Content/Grok IMagine/greymaker/GrokVault/2025-12-21_Auto/532e2234-315d-458f-bcf6-c2e278f51022.png,2025-12-21_Auto/532e2234-315d-458f-bcf6-c2e278f51022.png,211482,.png,image,4ffaa3bb3c9dd85611552976c7246f8244799893f89e5bce8dc5d82fc4e25628,2025-12-21T00:22:45.388Z,2025-12-21T00:22:45.388Z,532e2234-315d-458f-bcf6-c2e278f51022,532e2234-315d-458f-bcf6-c2e278f51022,false,,,ok,jpeg
GrokVault,full-vault-scan,/Users/philipbankier/Content/Grok IMagine/greymaker/GrokVault/2025-12-21_Auto/533f2652-e027-44c6-ac5c-b17310c581f1.png,2025-12-21_Auto/533f2652-e027-44c6-ac5c-b17310c581f1.png,256940,.png,image,eef125c38d0e9d693003842f96f0e996156fa234983a261462a2b8c76ecf0101,2025-12-21T02:33:42.345Z,2025-12-21T02:33:42.411Z,533f2652-e027-44c6-ac5c-b17310c581f1,533f2652-e027-44c6-ac5c-b17310c581f1,false,,,ok,jpeg
GrokVault,full-vault-scan,/Users/philipbankier/Content/Grok IMagine/greymaker/GrokVault/2025-12-21_Auto/537654a2-700a-4b88-8c99-a7306b1930f7.mp4,2025-12-21_Auto/537654a2-700a-4b88-8c99-a7306b1930f7.mp4,1628533,.mp4,video,58d23b86d86f960a644c1f6a74f9dd1cf2cd4416212afe176324420563fe3476,2025-12-21T03:27:17.299Z,2025-12-21T03:27:17.300Z,537654a2-700a-4b88-8c99-a7306b1930f7,537654a2-700a-4b88-8c99-a7306b1930f7,false,,,ok,mp4-family
GrokVault,full-vault-scan,/Users/philipbankier/Content/Grok IMagine/greymaker/GrokVault/2025-12-21_Auto/539901a1-6d09-46d2-a44d-c666a856649b.png,2025-12-21_Auto/539901a1-6d09-46d2-a44d-c666a856649b.png,184218,.png,image,1d5a60faa605b18ec7977118904eef48a7aa32d55341cbc7901c06b441a40ec9,2025-12-21T02:25:09.320Z,2025-12-21T02:25:09.380Z,539901a1-6d09-46d2-a44d-c666a856649b,539901a1-6d09-46d2-a44d-c666a856649b,false,,,ok,jpeg
GrokVault,full-vault-scan,/Users/philipbankier/Content/Grok IMagine/greymaker/GrokVault/2025-12-21_Auto/541bd3e6-b490-4f5f-9aa8-655cceb6314f.mp4,2025-12-21_Auto/541bd3e6-b490-4f5f-9aa8-655cceb6314f.mp4,2035347,.mp4,video,4be31276a0e890a5391809fc04c4d9648af8ac01b5a33f03aa3a92cedd9a636e,2025-12-21T02:24:48.060Z,2025-12-21T02:24:48.062Z,541bd3e6-b490-4f5f-9aa8-655cceb6314f,541bd3e6-b490-4f5f-9aa8-655cceb6314f,false,,,ok,mp4-family
GrokVault,full-vault-scan,/Users/philipbankier/Content/Grok IMagine/greymaker/GrokVault/2025-12-21_Auto/5506a499-49a0-4835-b2a1-d5710b15bb21.png,2025-12-21_Auto/5506a499-49a0-4835-b2a1-d5710b15bb21.png,242141,.png,image,b7b3d56a0aa257e5c0626af255b752fbb895da2c124aaa9a6798acd34e1db1d2,2025-12-21T00:28:03.840Z,2025-12-21T00:28:03.898Z,5506a499-49a0-4835-b2a1-d5710b15bb21,5506a499-49a0-4835-b2a1-d5710b15bb21,false,,,ok,jpeg
GrokVault,full-vault-scan,/Users/philipbankier/Content/Grok IMagine/greymaker/GrokVault/2025-12-21_Auto/5549d438-0810-4bb8-9032-3c3546597403.mp4,2025-12-21_Auto/5549d438-0810-4bb8-9032-3c3546597403.mp4,2843958,.mp4,video,b66bf50e973ff36d8c563dc19b99e9dd1ab6c170aeffe25715e4a15fc8be7b98,2025-12-21T00:07:52.151Z,2025-12-21T00:07:52.155Z,5549d438-0810-4bb8-9032-3c3546597403,5549d438-0810-4bb8-9032-3c3546597403,false,,,ok,mp4-family
GrokVault,full-vault-scan,/Users/philipbankier/Content/Grok IMagine/greymaker/GrokVault/2025-12-21_Auto/56c9d505-91a7-4f3e-bd80-bdd270339f9b.mp4,2025-12-21_Auto/56c9d505-91a7-4f3e-bd80-bdd270339f9b.mp4,1897875,.mp4,video,6117ad32b7c2c00a0131d6e9a8c9161c0f44c42bdfad2f37ecea9f5b66d1f731,2025-12-21T00:13:26.128Z,2025-12-21T00:13:26.130Z,56c9d505-91a7-4f3e-bd80-bdd270339f9b,56c9d505-91a7-4f3e-bd80-bdd270339f9b,false,,,ok,mp4-family
GrokVault,full-vault-scan,/Users/philipbankier/Content/Grok IMagine/greymaker/GrokVault/2025-12-21_Auto/56f83e0f-3f6c-4a5a-94ef-384628cb94ab.mp4,2025-12-21_Auto/56f83e0f-3f6c-4a5a-94ef-384628cb94ab.mp4,1250426,.mp4,video,845851c7476de4e5ec47c13aaea5d45b805b4e60e7f3cbf01f6ad650a4243449,2025-12-21T01:37:55.742Z,2025-12-21T01:37:55.743Z,56f83e0f-3f6c-4a5a-94ef-384628cb94ab,56f83e0f-3f6c-4a5a-94ef-384628cb94ab,false,,,ok,mp4-family
GrokVault,full-vault-scan,/Users/philipbankier/Content/Grok IMagine/greymaker/GrokVault/2025-12-21_Auto/56f8ef45-bc1c-42a5-ace8-5a5f3f96a1d7.png,2025-12-21_Auto/56f8ef45-bc1c-42a5-ace8-5a5f3f96a1d7.png,347019,.png,image,d315fd2a7eb9e706da8287ca6194f0809500f331061b98045fcda3d332988e49,2025-12-21T00:22:29.488Z,2025-12-21T00:22:29.488Z,56f8ef45-bc1c-42a5-ace8-5a5f3f96a1d7,56f8ef45-bc1c-42a5-ace8-5a5f3f96a1d7,false,,,ok,jpeg
GrokVault,full-vault-scan,/Users/philipbankier/Content/Grok IMagine/greymaker/GrokVault/2025-12-21_Auto/56ff01a5-64ec-4d4d-8f6b-74a1f8255cd0.png,2025-12-21_Auto/56ff01a5-64ec-4d4d-8f6b-74a1f8255cd0.png,253905,.png,image,6f55d1c871b81bc6e41b1f219e3bba3e4982091425477ca2074a2ca267bd17a3,2025-12-21T00:40:46.366Z,2025-12-21T00:40:46.424Z,56ff01a5-64ec-4d4d-8f6b-74a1f8255cd0,56ff01a5-64ec-4d4d-8f6b-74a1f8255cd0,false,,,ok,jpeg
GrokVault,full-vault-scan,/Users/philipbankier/Content/Grok IMagine/greymaker/GrokVault/2025-12-21_Auto/57119516-7065-48a5-b1dd-44446fa1658b.png,2025-12-21_Auto/57119516-7065-48a5-b1dd-44446fa1658b.png,229083,.png,image,89bf2fbe6cc34207f42d8da5c1e89a817ffe6e54379c1c18d59a9575381a389a,2025-12-21T00:25:06.288Z,2025-12-21T00:25:06.337Z,57119516-7065-48a5-b1dd-44446fa1658b,57119516-7065-48a5-b1dd-44446fa1658b,false,,,ok,jpeg
GrokVault,full-vault-scan,/Users/philipbankier/Content/Grok IMagine/greymaker/GrokVault/2025-12-21_Auto/571d5561-98dd-405b-bf8c-47ee8aa60caa.png,2025-12-21_Auto/571d5561-98dd-405b-bf8c-47ee8aa60caa.png,261768,.png,image,074879dc7bbff4643854e9a0999637e43b15e7f85157dc5cbc6c6a4d8bb34cce,2025-12-21T01:29:37.494Z,2025-12-21T01:29:37.559Z,571d5561-98dd-405b-bf8c-47ee8aa60caa,571d5561-98dd-405b-bf8c-47ee8aa60caa,false,,,ok,jpeg
GrokVault,full-vault-scan,/Users/philipbankier/Content/Grok IMagine/greymaker/GrokVault/2025-12-21_Auto/575f4529-3f42-4d93-8d0c-f8c5c191b0f0.png,2025-12-21_Auto/575f4529-3f42-4d93-8d0c-f8c5c191b0f0.png,239453,.png,image,8b2d179d7a7862ce2f7cc2f183fe0aa32e6be23e9d423a97b9762c9953d94fad,2025-12-21T01:29:18.816Z,2025-12-21T01:29:18.874Z,575f4529-3f42-4d93-8d0c-f8c5c191b0f0,575f4529-3f42-4d93-8d0c-f8c5c191b0f0,false,,,ok,jpeg
GrokVault,full-vault-scan,/Users/philipbankier/Content/Grok IMagine/greymaker/GrokVault/2025-12-21_Auto/57e609f3-bc01-49a3-b794-d9d1d79c1857.png,2025-12-21_Auto/57e609f3-bc01-49a3-b794-d9d1d79c1857.png,257749,.png,image,abd340fa5ff1297d3984fafadd820a02180559c7065945368b09f981969dc292,2025-12-21T02:22:43.741Z,2025-12-21T02:22:43.819Z,57e609f3-bc01-49a3-b794-d9d1d79c1857,57e609f3-bc01-49a3-b794-d9d1d79c1857,false,,,ok,jpeg
GrokVault,full-vault-scan,/Users/philipbankier/Content/Grok IMagine/greymaker/GrokVault/2025-12-21_Auto/583e80fc-d3da-481a-b015-fbc7d32612c4.png,2025-12-21_Auto/583e80fc-d3da-481a-b015-fbc7d32612c4.png,235386,.png,image,d555838dadf7033ad298df43364dc66fc29206629a6ac01b449b394a0b52b95d,2025-12-21T02:00:55.769Z,2025-12-21T02:00:55.828Z,583e80fc-d3da-481a-b015-fbc7d32612c4,583e80fc-d3da-481a-b015-fbc7d32612c4,false,,,ok,jpeg
GrokVault,full-vault-scan,/Users/philipbankier/Content/Grok IMagine/greymaker/GrokVault/2025-12-21_Auto/59000e33-5a93-498a-8c9e-5d83db658d30.mp4,2025-12-21_Auto/59000e33-5a93-498a-8c9e-5d83db658d30.mp4,954924,.mp4,video,44269792bcc83839519ca37301b1bd862a2a9db72ea8b9066a28f49eca9eeec4,2025-12-21T03:34:04.079Z,2025-12-21T03:34:04.080Z,59000e33-5a93-498a-8c9e-5d83db658d30,59000e33-5a93-498a-8c9e-5d83db658d30,false,,,ok,mp4-family
GrokVault,full-vault-scan,/Users/philipbankier/Content/Grok IMagine/greymaker/GrokVault/2025-12-21_Auto/590e5e94-f15b-42db-95dd-2aa8c3e5bd2b.png,2025-12-21_Auto/590e5e94-f15b-42db-95dd-2aa8c3e5bd2b.png,207154,.png,image,27e9ba03ee138f9f0acda411b01da7540f85c7af0c9ef555492fcacaa67ad3f0,2025-12-21T02:23:26.101Z,2025-12-21T02:23:26.159Z,590e5e94-f15b-42db-95dd-2aa8c3e5bd2b,590e5e94-f15b-42db-95dd-2aa8c3e5bd2b,false,,,ok,jpeg
GrokVault,full-vault-scan,/Users/philipbankier/Content/Grok IMagine/greymaker/GrokVault/2025-12-21_Auto/59e25902-e827-4d48-bdf4-b1bc6bb3dd97.mp4,2025-12-21_Auto/59e25902-e827-4d48-bdf4-b1bc6bb3dd97.mp4,1117208,.mp4,video,e255f300193e4e0e04f3d65d85778a8146ed6dc5d921882e2ece93ecb056ba99,2025-12-21T01:16:16.244Z,2025-12-21T01:16:16.245Z,59e25902-e827-4d48-bdf4-b1bc6bb3dd97,59e25902-e827-4d48-bdf4-b1bc6bb3dd97,false,,,ok,mp4-family
GrokVault,full-vault-scan,/Users/philipbankier/Content/Grok IMagine/greymaker/GrokVault/2025-12-21_Auto/5a239705-2dc7-4163-a2fe-79f315a55605.png,2025-12-21_Auto/5a239705-2dc7-4163-a2fe-79f315a55605.png,217529,.png,image,7e1f602f5f54b1d4b34292df8171cb013763760c69771f8fda15eaf1d7923ebb,2025-12-21T01:40:43.008Z,2025-12-21T01:40:43.066Z,5a239705-2dc7-4163-a2fe-79f315a55605,5a239705-2dc7-4163-a2fe-79f315a55605,false,,,ok,jpeg
GrokVault,full-vault-scan,/Users/philipbankier/Content/Grok IMagine/greymaker/GrokVault/2025-12-21_Auto/5a316547-c5bf-4ef8-99f9-bff3572328bd.png,2025-12-21_Auto/5a316547-c5bf-4ef8-99f9-bff3572328bd.png,258536,.png,image,9f3e27d4345b6e043e6b6d821dc64ddb28230bcc166f6f8d4373dc5ae6839f49,2025-12-21T03:00:47.558Z,2025-12-21T03:00:47.620Z,5a316547-c5bf-4ef8-99f9-bff3572328bd,5a316547-c5bf-4ef8-99f9-bff3572328bd,false,,,ok,jpeg
GrokVault,full-vault-scan,/Users/philipbankier/Content/Grok IMagine/greymaker/GrokVault/2025-12-21_Auto/5a319046-4c5d-4fd8-83e9-e264c2a1c8e4.png,2025-12-21_Auto/5a319046-4c5d-4fd8-83e9-e264c2a1c8e4.png,333811,.png,image,ad91e2ff198135d7659b554d2b3f4a7ac5bb13b0449af4cf8249015fff486669,2025-12-21T01:57:34.177Z,2025-12-21T01:57:34.240Z,5a319046-4c5d-4fd8-83e9-e264c2a1c8e4,5a319046-4c5d-4fd8-83e9-e264c2a1c8e4,false,,,ok,jpeg
GrokVault,full-vault-scan,/Users/philipbankier/Content/Grok IMagine/greymaker/GrokVault/2025-12-21_Auto/5b405938-c4f5-43fb-abb1-2bd3e3609a66.png,2025-12-21_Auto/5b405938-c4f5-43fb-abb1-2bd3e3609a66.png,325860,.png,image,e1e81bfa68ca5fc85f418d7fed4b85c6c1bcc4b331b57c8120ff1bafe3471cac,2025-12-21T00:33:05.388Z,2025-12-21T00:33:05.458Z,5b405938-c4f5-43fb-abb1-2bd3e3609a66,5b405938-c4f5-43fb-abb1-2bd3e3609a66,false,,,ok,jpeg
GrokVault,full-vault-scan,/Users/philipbankier/Content/Grok IMagine/greymaker/GrokVault/2025-12-21_Auto/5b6bff18-aba4-4638-847e-975ed3c0393a.png,2025-12-21_Auto/5b6bff18-aba4-4638-847e-975ed3c0393a.png,250919,.png,image,f514a7561265d5ded82148c690e359edea431aebe0ecc6318dc87eff219281d4,2025-12-21T00:14:15.013Z,2025-12-21T00:14:15.071Z,5b6bff18-aba4-4638-847e-975ed3c0393a,5b6bff18-aba4-4638-847e-975ed3c0393a,false,,,ok,jpeg
GrokVault,full-vault-scan,/Users/philipbankier/Content/Grok IMagine/greymaker/GrokVault/2025-12-21_Auto/5b8aa3be-7bbc-43d2-8078-a6231e3eec30.png,2025-12-21_Auto/5b8aa3be-7bbc-43d2-8078-a6231e3eec30.png,323551,.png,image,d7f2d54a4c9c7f1dea9f5ec5ce0c61322ab8197a0460b4bd3425346008087f61,2025-12-21T01:52:04.245Z,2025-12-21T01:52:04.305Z,5b8aa3be-7bbc-43d2-8078-a6231e3eec30,5b8aa3be-7bbc-43d2-8078-a6231e3eec30,false,,,ok,jpeg
GrokVault,full-vault-scan,/Users/philipbankier/Content/Grok IMagine/greymaker/GrokVault/2025-12-21_Auto/5c4bbad2-6ea9-460a-8ef3-35551128cd11.png,2025-12-21_Auto/5c4bbad2-6ea9-460a-8ef3-35551128cd11.png,232374,.png,image,a8f8ba88102ed7f94dc21dd0a9783f417a8f892310ab1844598fccb1ea75830d,2025-12-21T02:41:10.512Z,2025-12-21T02:41:10.572Z,5c4bbad2-6ea9-460a-8ef3-35551128cd11,5c4bbad2-6ea9-460a-8ef3-35551128cd11,false,,,ok,jpeg
GrokVault,full-vault-scan,/Users/philipbankier/Content/Grok IMagine/greymaker/GrokVault/2025-12-21_Auto/5cb32ef1-d1db-4391-a6f0-2ec6f2381497.mp4,2025-12-21_Auto/5cb32ef1-d1db-4391-a6f0-2ec6f2381497.mp4,2417972,.mp4,video,b733bf7cfc46023ef4ada230476c4b8ed5425b4122d6b81e4a5c3042eb841d53,2025-12-21T01:53:00.805Z,2025-12-21T01:53:00.807Z,5cb32ef1-d1db-4391-a6f0-2ec6f2381497,5cb32ef1-d1db-4391-a6f0-2ec6f2381497,false,,,ok,mp4-family
GrokVault,full-vault-scan,/Users/philipbankier/Content/Grok IMagine/greymaker/GrokVault/2025-12-21_Auto/5d397534-c6a7-439e-8fb3-db6fa46677c2.mp4,2025-12-21_Auto/5d397534-c6a7-439e-8fb3-db6fa46677c2.mp4,2745377,.mp4,video,8401e1a1f21269f247a1e4ef4b64061adeab2fc2fa15804718455b620409152e,2025-12-21T01:49:12.179Z,2025-12-21T01:49:12.183Z,5d397534-c6a7-439e-8fb3-db6fa46677c2,5d397534-c6a7-439e-8fb3-db6fa46677c2,false,,,ok,mp4-family
GrokVault,full-vault-scan,/Users/philipbankier/Content/Grok IMagine/greymaker/GrokVault/2025-12-21_Auto/5daabf14-d6ec-4e9e-9683-57812b3970d3.png,2025-12-21_Auto/5daabf14-d6ec-4e9e-9683-57812b3970d3.png,244724,.png,image,fa393efac0ebd8c43165eabc8578a02685636533d119aa523ad83652fbac2be5,2025-12-21T01:28:24.520Z,2025-12-21T01:28:24.581Z,5daabf14-d6ec-4e9e-9683-57812b3970d3,5daabf14-d6ec-4e9e-9683-57812b3970d3,false,,,ok,jpeg
GrokVault,full-vault-scan,/Users/philipbankier/Content/Grok IMagine/greymaker/GrokVault/2025-12-21_Auto/5ea346ab-94db-48d9-95b0-04efc12611ef.mp4,2025-12-21_Auto/5ea346ab-94db-48d9-95b0-04efc12611ef.mp4,2422022,.mp4,video,27386dd91fb67774701c6e387b55936bab12e2b30fc8409cc18da4dfaa408432,2025-12-21T03:30:30.176Z,2025-12-21T03:30:30.178Z,5ea346ab-94db-48d9-95b0-04efc12611ef,5ea346ab-94db-48d9-95b0-04efc12611ef,false,,,ok,mp4-family
GrokVault,full-vault-scan,/Users/philipbankier/Content/Grok IMagine/greymaker/GrokVault/2025-12-21_Auto/5ef4e18f-2991-4d8c-8bf6-f7bfa199d448.png,2025-12-21_Auto/5ef4e18f-2991-4d8c-8bf6-f7bfa199d448.png,253566,.png,image,58e1aadfb7d9232c2c9ff3cb18f933b51517e0c9b581366f92c9899f6f30a060,2025-12-21T02:20:20.323Z,2025-12-21T02:20:20.382Z,5ef4e18f-2991-4d8c-8bf6-f7bfa199d448,5ef4e18f-2991-4d8c-8bf6-f7bfa199d448,false,,,ok,jpeg
GrokVault,full-vault-scan,/Users/philipbankier/Content/Grok IMagine/greymaker/GrokVault/2025-12-21_Auto/5ef8f5ed-e121-47f6-b834-d8d49a74a23a.png,2025-12-21_Auto/5ef8f5ed-e121-47f6-b834-d8d49a74a23a.png,238157,.png,image,526dcebc320cedbb05c6f84f07552919280a9b51cbc28f8b380f89f85d1da561,2025-12-21T02:32:38.408Z,2025-12-21T02:32:38.473Z,5ef8f5ed-e121-47f6-b834-d8d49a74a23a,5ef8f5ed-e121-47f6-b834-d8d49a74a23a,false,,,ok,jpeg
GrokVault,full-vault-scan,/Users/philipbankier/Content/Grok IMagine/greymaker/GrokVault/2025-12-21_Auto/5f61ca50-f654-411d-9622-8b59760a0955.png,2025-12-21_Auto/5f61ca50-f654-411d-9622-8b59760a0955.png,284748,.png,image,199990874b267487fae00c79d5ffd8b7b3338ed35ec47ad94258c1954a7a085e,2025-12-21T00:41:17.964Z,2025-12-21T00:41:18.022Z,5f61ca50-f654-411d-9622-8b59760a0955,5f61ca50-f654-411d-9622-8b59760a0955,false,,,ok,jpeg
GrokVault,full-vault-scan,/Users/philipbankier/Content/Grok IMagine/greymaker/GrokVault/2025-12-21_Auto/5f829896-2832-4ca9-8076-5859fccf2f51_hd.mp4,2025-12-21_Auto/5f829896-2832-4ca9-8076-5859fccf2f51_hd.mp4,2311422,.mp4,video,56d726b1f7521e48366dcdd6ea4436e73a367f898ad8e9be6a0af5a74fd4daf3,2025-12-21T01:28:41.787Z,2025-12-21T01:28:42.408Z,5f829896-2832-4ca9-8076-5859fccf2f51,5f829896-2832-4ca9-8076-5859fccf2f51,false,,,ok,mp4-family
GrokVault,full-vault-scan,/Users/philipbankier/Content/Grok IMagine/greymaker/GrokVault/2025-12-21_Auto/5f97a917-4e3b-4899-9f98-7a826ae73bbd.mp4,2025-12-21_Auto/5f97a917-4e3b-4899-9f98-7a826ae73bbd.mp4,2469365,.mp4,video,37c109d857e5545b628f8b4bf9f11f975694718b8bfb39fefd9bf9511943e043,2025-12-21T03:10:11.067Z,2025-12-21T03:10:11.069Z,5f97a917-4e3b-4899-9f98-7a826ae73bbd,5f97a917-4e3b-4899-9f98-7a826ae73bbd,false,,,ok,mp4-family
GrokVault,full-vault-scan,/Users/philipbankier/Content/Grok IMagine/greymaker/GrokVault/2025-12-21_Auto/5fbd3488-c7b4-4354-ba34-29f739fa4e95.mp4,2025-12-21_Auto/5fbd3488-c7b4-4354-ba34-29f739fa4e95.mp4,1218394,.mp4,video,a9c97d0c86ffac499f1dd1910dc97ab867df0c055bd282e4df280c0d99411b61,2025-12-21T01:14:49.585Z,2025-12-21T01:14:49.587Z,5fbd3488-c7b4-4354-ba34-29f739fa4e95,5fbd3488-c7b4-4354-ba34-29f739fa4e95,false,,,ok,mp4-family
GrokVault,full-vault-scan,/Users/philipbankier/Content/Grok IMagine/greymaker/GrokVault/2025-12-21_Auto/608d036f-a1d0-4897-93c6-042d511df1b4.png,2025-12-21_Auto/608d036f-a1d0-4897-93c6-042d511df1b4.png,247484,.png,image,4b57987b7a1e476529b0beb1d2431faf95c6dc190e74d6f61f94b2585555486a,2025-12-21T01:18:19.701Z,2025-12-21T01:18:19.761Z,608d036f-a1d0-4897-93c6-042d511df1b4,608d036f-a1d0-4897-93c6-042d511df1b4,false,,,ok,jpeg
GrokVault,full-vault-scan,/Users/philipbankier/Content/Grok IMagine/greymaker/GrokVault/2025-12-21_Auto/60909d88-b136-4938-b9a3-6e996bc0b771.mp4,2025-12-21_Auto/60909d88-b136-4938-b9a3-6e996bc0b771.mp4,1498194,.mp4,video,ae36776f763eb0afba39b6c1e612cf9a21149e6e2a4af3897617337fb36c1f45,2025-12-21T01:28:06.107Z,2025-12-21T01:28:06.108Z,60909d88-b136-4938-b9a3-6e996bc0b771,60909d88-b136-4938-b9a3-6e996bc0b771,false,,,ok,mp4-family
GrokVault,full-vault-scan,/Users/philipbankier/Content/Grok IMagine/greymaker/GrokVault/2025-12-21_Auto/60fcc129-1915-4bb7-921f-62302c178947.png,2025-12-21_Auto/60fcc129-1915-4bb7-921f-62302c178947.png,332204,.png,image,86f3591b0532889be29d2b8d28c8dacb011bdda0527993c919c7107d050b27e7,2025-12-21T01:56:17.052Z,2025-12-21T01:56:17.119Z,60fcc129-1915-4bb7-921f-62302c178947,60fcc129-1915-4bb7-921f-62302c178947,false,,,ok,jpeg
GrokVault,full-vault-scan,/Users/philipbankier/Content/Grok IMagine/greymaker/GrokVault/2025-12-21_Auto/60fe166d-692f-4b13-b16a-bea21cf685f0.mp4,2025-12-21_Auto/60fe166d-692f-4b13-b16a-bea21cf685f0.mp4,2304673,.mp4,video,ded6cb6370d2a32399698325f301c4d6a8c58f11c6286b23aa05816c38f2f6f1,2025-12-21T01:03:47.122Z,2025-12-21T01:03:47.125Z,60fe166d-692f-4b13-b16a-bea21cf685f0,60fe166d-692f-4b13-b16a-bea21cf685f0,false,,,ok,mp4-family
GrokVault,full-vault-scan,/Users/philipbankier/Content/Grok IMagine/greymaker/GrokVault/2025-12-21_Auto/6117b180-c434-4f7f-a93f-f8fe312baf68.png,2025-12-21_Auto/6117b180-c434-4f7f-a93f-f8fe312baf68.png,227719,.png,image,58502a9ff74d1f4be38dbe5a4898cb81ac6bf88d9753a2b043a0a53bcf8d82e7,2025-12-21T02:06:08.649Z,2025-12-21T02:06:08.710Z,6117b180-c434-4f7f-a93f-f8fe312baf68,6117b180-c434-4f7f-a93f-f8fe312baf68,false,,,ok,jpeg
GrokVault,full-vault-scan,/Users/philipbankier/Content/Grok IMagine/greymaker/GrokVault/2025-12-21_Auto/617234d1-8676-4125-98ea-199d4a0bad8d.png,2025-12-21_Auto/617234d1-8676-4125-98ea-199d4a0bad8d.png,252177,.png,image,12fa8353290fc92f42178e364db86a63680b1c8c6d3e6ad2b5e82cfad10331b4,2025-12-21T03:02:16.272Z,2025-12-21T03:02:16.331Z,617234d1-8676-4125-98ea-199d4a0bad8d,617234d1-8676-4125-98ea-199d4a0bad8d,false,,,ok,jpeg
GrokVault,full-vault-scan,/Users/philipbankier/Content/Grok IMagine/greymaker/GrokVault/2025-12-21_Auto/619afc6f-3b43-4523-bd46-b81b55143f37.png,2025-12-21_Auto/619afc6f-3b43-4523-bd46-b81b55143f37.png,251923,.png,image,005cbd4e13cbb0a92180d855dcbb1e76c15d5eb151119c3f3bd880e2f3b2376e,2025-12-21T00:12:38.892Z,2025-12-21T00:12:38.902Z,619afc6f-3b43-4523-bd46-b81b55143f37,619afc6f-3b43-4523-bd46-b81b55143f37,false,,,ok,jpeg
GrokVault,full-vault-scan,/Users/philipbankier/Content/Grok IMagine/greymaker/GrokVault/2025-12-21_Auto/623f8866-78ab-4752-bfca-aea8b4ed153d.png,2025-12-21_Auto/623f8866-78ab-4752-bfca-aea8b4ed153d.png,260932,.png,image,befa98b9c9d1fa8814e3147a3bf7f77be52bded7ef562b53cec1310b55cc6de4,2025-12-21T02:37:11.983Z,2025-12-21T02:37:12.048Z,623f8866-78ab-4752-bfca-aea8b4ed153d,623f8866-78ab-4752-bfca-aea8b4ed153d,false,,,ok,jpeg
GrokVault,full-vault-scan,/Users/philipbankier/Content/Grok IMagine/greymaker/GrokVault/2025-12-21_Auto/6291a282-3f35-4a5d-8dae-24835f36667a.png,2025-12-21_Auto/6291a282-3f35-4a5d-8dae-24835f36667a.png,243698,.png,image,4dcb8c54ffc512c09785ac6e01ed91bf015f86b64c74c1fedbed400dd3b28556,2025-12-21T00:26:44.221Z,2025-12-21T00:26:44.284Z,6291a282-3f35-4a5d-8dae-24835f36667a,6291a282-3f35-4a5d-8dae-24835f36667a,false,,,ok,jpeg
GrokVault,full-vault-scan,/Users/philipbankier/Content/Grok IMagine/greymaker/GrokVault/2025-12-21_Auto/62b5cd68-8d21-4757-90f3-7c014d1ea364.mp4,2025-12-21_Auto/62b5cd68-8d21-4757-90f3-7c014d1ea364.mp4,1550455,.mp4,video,184b5eef64fed1f1b5e7133c66e2f9f5c4fad6c76092b78d45474ad9905736b6,2025-12-21T00:45:36.838Z,2025-12-21T00:45:36.838Z,62b5cd68-8d21-4757-90f3-7c014d1ea364,62b5cd68-8d21-4757-90f3-7c014d1ea364,false,,,ok,mp4-family
GrokVault,full-vault-scan,/Users/philipbankier/Content/Grok IMagine/greymaker/GrokVault/2025-12-21_Auto/62cd8c12-9347-4ebb-8f71-44ae25f1698e.png,2025-12-21_Auto/62cd8c12-9347-4ebb-8f71-44ae25f1698e.png,230676,.png,image,87300d0fa3d796c360a574ca49b870dfffa57ddff26b6546ffbdb19e638bc2d7,2025-12-21T02:13:03.808Z,2025-12-21T02:13:03.865Z,62cd8c12-9347-4ebb-8f71-44ae25f1698e,62cd8c12-9347-4ebb-8f71-44ae25f1698e,false,,,ok,jpeg
GrokVault,full-vault-scan,/Users/philipbankier/Content/Grok IMagine/greymaker/GrokVault/2025-12-21_Auto/637f2cd9-aeb7-426d-a476-712a59ae1cda.mp4,2025-12-21_Auto/637f2cd9-aeb7-426d-a476-712a59ae1cda.mp4,2945688,.mp4,video,2dabf8eedda14a77cce51e32f90554dd6844ddb55dc0219417d26e5c1a4a1c62,2025-12-21T03:29:19.012Z,2025-12-21T03:29:19.014Z,637f2cd9-aeb7-426d-a476-712a59ae1cda,637f2cd9-aeb7-426d-a476-712a59ae1cda,false,,,ok,mp4-family
GrokVault,full-vault-scan,/Users/philipbankier/Content/Grok IMagine/greymaker/GrokVault/2025-12-21_Auto/6444f434-8cf0-4dce-b320-83cdbe5be003.png,2025-12-21_Auto/6444f434-8cf0-4dce-b320-83cdbe5be003.png,348330,.png,image,0f49b8b442c9dc21dd554dd126f353c5a8044ada91b11dd366ddb9ab9c2941c8,2025-12-21T00:28:35.770Z,2025-12-21T00:28:35.853Z,6444f434-8cf0-4dce-b320-83cdbe5be003,6444f434-8cf0-4dce-b320-83cdbe5be003,false,,,ok,jpeg
GrokVault,full-vault-scan,/Users/philipbankier/Content/Grok IMagine/greymaker/GrokVault/2025-12-21_Auto/644e9a0d-0ee9-47b3-a81d-0348cc6b7841.png,2025-12-21_Auto/644e9a0d-0ee9-47b3-a81d-0348cc6b7841.png,197651,.png,image,de76c78c8b0be36e1f4c3a8c61a59ccf9eb45b3814bf33e861f1f5e5786d8d65,2025-12-21T02:39:45.159Z,2025-12-21T02:39:45.209Z,644e9a0d-0ee9-47b3-a81d-0348cc6b7841,644e9a0d-0ee9-47b3-a81d-0348cc6b7841,false,,,ok,jpeg
GrokVault,full-vault-scan,/Users/philipbankier/Content/Grok IMagine/greymaker/GrokVault/2025-12-21_Auto/64844a22-a773-49ba-a94d-d67b599481d2.png,2025-12-21_Auto/64844a22-a773-49ba-a94d-d67b599481d2.png,227921,.png,image,736f97d0eb79ec0bef198b7953db6b513eec55fe87dbb370d6b568375609cce1,2025-12-21T02:47:04.444Z,2025-12-21T02:47:04.503Z,64844a22-a773-49ba-a94d-d67b599481d2,64844a22-a773-49ba-a94d-d67b599481d2,false,,,ok,jpeg
GrokVault,full-vault-scan,/Users/philipbankier/Content/Grok IMagine/greymaker/GrokVault/2025-12-21_Auto/649185d5-e7f0-4556-9aef-b5b00fb4c4f1.mp4,2025-12-21_Auto/649185d5-e7f0-4556-9aef-b5b00fb4c4f1.mp4,2636610,.mp4,video,639640dda8210a82f4c037d7422e74a386a8d28dc65807d0b25affeca5e63880,2025-12-21T00:20:27.883Z,2025-12-21T00:20:27.886Z,649185d5-e7f0-4556-9aef-b5b00fb4c4f1,649185d5-e7f0-4556-9aef-b5b00fb4c4f1,false,,,ok,mp4-family
GrokVault,full-vault-scan,/Users/philipbankier/Content/Grok IMagine/greymaker/GrokVault/2025-12-21_Auto/64aac9da-fafd-43f9-8a33-65d6dfe362fa.mp4,2025-12-21_Auto/64aac9da-fafd-43f9-8a33-65d6dfe362fa.mp4,3007454,.mp4,video,002c56d018f88657c16838cd10bf89ab57abe5307c0d46e6a863fa34103be108,2025-12-21T00:54:51.156Z,2025-12-21T00:54:51.159Z,64aac9da-fafd-43f9-8a33-65d6dfe362fa,64aac9da-fafd-43f9-8a33-65d6dfe362fa,false,,,ok,mp4-family
GrokVault,full-vault-scan,/Users/philipbankier/Content/Grok IMagine/greymaker/GrokVault/2025-12-21_Auto/64d510d0-9863-4486-ba80-32950b2b7672.png,2025-12-21_Auto/64d510d0-9863-4486-ba80-32950b2b7672.png,285173,.png,image,ed48bd3503e74af3463057ffb797379e93b6c4e5731c277dd00879df1331bda5,2025-12-21T03:17:34.682Z,2025-12-21T03:17:34.739Z,64d510d0-9863-4486-ba80-32950b2b7672,64d510d0-9863-4486-ba80-32950b2b7672,false,,,ok,jpeg
GrokVault,full-vault-scan,/Users/philipbankier/Content/Grok IMagine/greymaker/GrokVault/2025-12-21_Auto/64ed615e-7116-41f6-ba90-8d73e65c3d5f.png,2025-12-21_Auto/64ed615e-7116-41f6-ba90-8d73e65c3d5f.png,267509,.png,image,ad1d6e57fe397e447d644fa10a4227f09f4806f998b38b7c251db550722f589c,2025-12-21T01:39:28.770Z,2025-12-21T01:39:28.835Z,64ed615e-7116-41f6-ba90-8d73e65c3d5f,64ed615e-7116-41f6-ba90-8d73e65c3d5f,false,,,ok,jpeg
GrokVault,full-vault-scan,/Users/philipbankier/Content/Grok IMagine/greymaker/GrokVault/2025-12-21_Auto/656597ef-801e-4207-966d-0413b7f0ad6d.mp4,2025-12-21_Auto/656597ef-801e-4207-966d-0413b7f0ad6d.mp4,2492490,.mp4,video,d06c88eb2ddad56e2290c4c937b7aa9cbc422668317d237b1bb9920326779a4d,2025-12-21T03:30:53.594Z,2025-12-21T03:30:53.597Z,656597ef-801e-4207-966d-0413b7f0ad6d,656597ef-801e-4207-966d-0413b7f0ad6d,false,,,ok,mp4-family
GrokVault,full-vault-scan,/Users/philipbankier/Content/Grok IMagine/greymaker/GrokVault/2025-12-21_Auto/66643da3-cbef-43ce-aafe-a6212335dcc3.png,2025-12-21_Auto/66643da3-cbef-43ce-aafe-a6212335dcc3.png,274603,.png,image,7a0d16ad44e049957856573450b2b2e988e5649cf80a39becf120de85e301f33,2025-12-21T00:03:11.028Z,2025-12-21T00:03:11.088Z,66643da3-cbef-43ce-aafe-a6212335dcc3,66643da3-cbef-43ce-aafe-a6212335dcc3,false,,,ok,jpeg
GrokVault,full-vault-scan,/Users/philipbankier/Content/Grok IMagine/greymaker/GrokVault/2025-12-21_Auto/66de1050-bc10-4c3d-9576-8955df1ec499.mp4,2025-12-21_Auto/66de1050-bc10-4c3d-9576-8955df1ec499.mp4,3233495,.mp4,video,b4d4c5979651ded7f7cdbe7d4a96884c3e5591e8dd092c67d8e69cf2d70134ec,2025-12-21T01:45:23.229Z,2025-12-21T01:45:23.232Z,66de1050-bc10-4c3d-9576-8955df1ec499,66de1050-bc10-4c3d-9576-8955df1ec499,false,,,ok,mp4-family
GrokVault,full-vault-scan,/Users/philipbankier/Content/Grok IMagine/greymaker/GrokVault/2025-12-21_Auto/6702ac06-b7d8-42b8-823c-813d85ad5024.mp4,2025-12-21_Auto/6702ac06-b7d8-42b8-823c-813d85ad5024.mp4,2104341,.mp4,video,45f8485a714846699cdb0eb9ad5521ca2f0db6e128d471793c38dda931a46afb,2025-12-21T00:19:10.703Z,2025-12-21T00:19:10.705Z,6702ac06-b7d8-42b8-823c-813d85ad5024,6702ac06-b7d8-42b8-823c-813d85ad5024,false,,,ok,mp4-family
GrokVault,full-vault-scan,/Users/philipbankier/Content/Grok IMagine/greymaker/GrokVault/2025-12-21_Auto/6792c33a-aa21-44ee-a890-1bf813e580d7.mp4,2025-12-21_Auto/6792c33a-aa21-44ee-a890-1bf813e580d7.mp4,1426782,.mp4,video,b96090a8bec6bcb1e2cea1458dca1baeb967cc8a36a6206994bba8120a906bc1,2025-12-21T01:27:30.798Z,2025-12-21T01:27:30.800Z,6792c33a-aa21-44ee-a890-1bf813e580d7,6792c33a-aa21-44ee-a890-1bf813e580d7,false,,,ok,mp4-family
GrokVault,full-vault-scan,/Users/philipbankier/Content/Grok IMagine/greymaker/GrokVault/2025-12-21_Auto/68463b71-dbbc-400c-b73b-06b1840fcd94.mp4,2025-12-21_Auto/68463b71-dbbc-400c-b73b-06b1840fcd94.mp4,2643950,.mp4,video,e24e9d94e0f518b92b26539782b7526c46f58dbde2f59666f70b9e9f0a956c6c,2025-12-21T02:16:12.748Z,2025-12-21T02:16:12.750Z,68463b71-dbbc-400c-b73b-06b1840fcd94,68463b71-dbbc-400c-b73b-06b1840fcd94,false,,,ok,mp4-family
GrokVault,full-vault-scan,/Users/philipbankier/Content/Grok IMagine/greymaker/GrokVault/2025-12-21_Auto/68c0ee7e-5178-4de8-8723-a5ea9c195f25.png,2025-12-21_Auto/68c0ee7e-5178-4de8-8723-a5ea9c195f25.png,234624,.png,image,b5c3a1c91edd8306ad2dcc7527fda0fa82b08d8fe3add2cd58065436b7483a55,2025-12-21T01:38:15.609Z,2025-12-21T01:38:15.667Z,68c0ee7e-5178-4de8-8723-a5ea9c195f25,68c0ee7e-5178-4de8-8723-a5ea9c195f25,false,,,ok,jpeg
GrokVault,full-vault-scan,/Users/philipbankier/Content/Grok IMagine/greymaker/GrokVault/2025-12-21_Auto/692f1c51-6d5a-4b5f-a4da-59668f8a6f2a.mp4,2025-12-21_Auto/692f1c51-6d5a-4b5f-a4da-59668f8a6f2a.mp4,1201686,.mp4,video,4cd87c7189623af01046bd93aa9c4f502a1e324aa1ccdc92e1a74a248eb53ab7,2025-12-21T00:45:52.861Z,2025-12-21T00:45:52.862Z,692f1c51-6d5a-4b5f-a4da-59668f8a6f2a,692f1c51-6d5a-4b5f-a4da-59668f8a6f2a,false,,,ok,mp4-family
GrokVault,full-vault-scan,/Users/philipbankier/Content/Grok IMagine/greymaker/GrokVault/2025-12-21_Auto/6a1886d9-3ac7-4b89-bae4-7172810d3719.png,2025-12-21_Auto/6a1886d9-3ac7-4b89-bae4-7172810d3719.png,301179,.png,image,041c0422289660570d54b4a82f22a7f7718e2df729fa27ad489400abd6d3e199,2025-12-21T00:33:22.281Z,2025-12-21T00:33:22.350Z,6a1886d9-3ac7-4b89-bae4-7172810d3719,6a1886d9-3ac7-4b89-bae4-7172810d3719,false,,,ok,jpeg
GrokVault,full-vault-scan,/Users/philipbankier/Content/Grok IMagine/greymaker/GrokVault/2025-12-21_Auto/6a75063e-f5f5-4512-8797-4d818f7049ff.png,2025-12-21_Auto/6a75063e-f5f5-4512-8797-4d818f7049ff.png,241322,.png,image,ed8f9158f5c2df5076cdc0312782b25ba0777e6655dd027b33c3fea7ca3a0a04,2025-12-21T02:08:33.763Z,2025-12-21T02:08:33.828Z,6a75063e-f5f5-4512-8797-4d818f7049ff,6a75063e-f5f5-4512-8797-4d818f7049ff,false,,,ok,jpeg
GrokVault,full-vault-scan,/Users/philipbankier/Content/Grok IMagine/greymaker/GrokVault/2025-12-21_Auto/6a9f994d-a8fe-4d21-ac0c-4ef6dc3f2b73.png,2025-12-21_Auto/6a9f994d-a8fe-4d21-ac0c-4ef6dc3f2b73.png,219899,.png,image,995d201b2b6c6d22fea2cfb34209599e5b74336c1de4f40faafd0ef9756ba73e,2025-12-21T00:42:06.477Z,2025-12-21T00:42:06.535Z,6a9f994d-a8fe-4d21-ac0c-4ef6dc3f2b73,6a9f994d-a8fe-4d21-ac0c-4ef6dc3f2b73,false,,,ok,jpeg
GrokVault,full-vault-scan,/Users/philipbankier/Content/Grok IMagine/greymaker/GrokVault/2025-12-21_Auto/6af87078-e597-4f6b-9242-fd57c89fe09b.png,2025-12-21_Auto/6af87078-e597-4f6b-9242-fd57c89fe09b.png,229537,.png,image,77dd593102fb58adfd5781d322ddb0785afb396c907a665559a4ac421ad1c864,2025-12-21T00:25:21.831Z,2025-12-21T00:25:21.891Z,6af87078-e597-4f6b-9242-fd57c89fe09b,6af87078-e597-4f6b-9242-fd57c89fe09b,false,,,ok,jpeg
GrokVault,full-vault-scan,/Users/philipbankier/Content/Grok IMagine/greymaker/GrokVault/2025-12-21_Auto/6b045a42-1311-4beb-bb3a-9cd6899952f7.png,2025-12-21_Auto/6b045a42-1311-4beb-bb3a-9cd6899952f7.png,227514,.png,image,1df36c9c28da55306052fa5ee69c4a99ece99533bcfce83c449503e6802f1554,2025-12-21T02:48:54.517Z,2025-12-21T02:48:54.574Z,6b045a42-1311-4beb-bb3a-9cd6899952f7,6b045a42-1311-4beb-bb3a-9cd6899952f7,false,,,ok,jpeg
GrokVault,full-vault-scan,/Users/philipbankier/Content/Grok IMagine/greymaker/GrokVault/2025-12-21_Auto/6b1488f9-bb72-4d81-af1a-357c36a3502c.png,2025-12-21_Auto/6b1488f9-bb72-4d81-af1a-357c36a3502c.png,237725,.png,image,7436570647817edecf82ad9e544184148584ad8c731b05db888538e244a0b452,2025-12-21T02:46:18.725Z,2025-12-21T02:46:18.784Z,6b1488f9-bb72-4d81-af1a-357c36a3502c,6b1488f9-bb72-4d81-af1a-357c36a3502c,false,,,ok,jpeg
GrokVault,full-vault-scan,/Users/philipbankier/Content/Grok IMagine/greymaker/GrokVault/2025-12-21_Auto/6ba6d81b-d60f-4dbb-863a-7b04bb557458.png,2025-12-21_Auto/6ba6d81b-d60f-4dbb-863a-7b04bb557458.png,248731,.png,image,19e96adb65d99e41781dee511cec89afc71aa0b4b264d98cd74c1994756ec8aa,2025-12-21T00:44:14.857Z,2025-12-21T00:44:14.918Z,6ba6d81b-d60f-4dbb-863a-7b04bb557458,6ba6d81b-d60f-4dbb-863a-7b04bb557458,false,,,ok,jpeg
GrokVault,full-vault-scan,/Users/philipbankier/Content/Grok IMagine/greymaker/GrokVault/2025-12-21_Auto/6d03fa13-1303-43b6-80bd-93d09bc38ef9.mp4,2025-12-21_Auto/6d03fa13-1303-43b6-80bd-93d09bc38ef9.mp4,2050869,.mp4,video,029216f23c57ec09cdf4e45fd2d29eb4df26a20cc998820c71f8c865ab8cd57c,2025-12-21T02:05:47.927Z,2025-12-21T02:05:47.929Z,6d03fa13-1303-43b6-80bd-93d09bc38ef9,6d03fa13-1303-43b6-80bd-93d09bc38ef9,false,,,ok,mp4-family
GrokVault,full-vault-scan,/Users/philipbankier/Content/Grok IMagine/greymaker/GrokVault/2025-12-21_Auto/6d0d2956-d06d-48ec-89be-d2d074e1d408.mp4,2025-12-21_Auto/6d0d2956-d06d-48ec-89be-d2d074e1d408.mp4,2918190,.mp4,video,ecb7ec91b981b9fd590f097645f25bbb3086e3b4fb8e4b2fb98e64ded92e4c65,2025-12-21T00:53:29.633Z,2025-12-21T00:53:29.636Z,6d0d2956-d06d-48ec-89be-d2d074e1d408,6d0d2956-d06d-48ec-89be-d2d074e1d408,false,,,ok,mp4-family
GrokVault,full-vault-scan,/Users/philipbankier/Content/Grok IMagine/greymaker/GrokVault/2025-12-21_Auto/6d588f6c-240d-4cb9-8d59-b2fb8920f116.mp4,2025-12-21_Auto/6d588f6c-240d-4cb9-8d59-b2fb8920f116.mp4,2680246,.mp4,video,b5fe5bf6d1a800fcb197dfb939afdb326555380ced073591d7c9335079551cdb,2025-12-21T02:58:10.745Z,2025-12-21T02:58:10.748Z,6d588f6c-240d-4cb9-8d59-b2fb8920f116,6d588f6c-240d-4cb9-8d59-b2fb8920f116,false,,,ok,mp4-family
GrokVault,full-vault-scan,/Users/philipbankier/Content/Grok IMagine/greymaker/GrokVault/2025-12-21_Auto/6d6081c6-aef2-409c-b9d0-c9adb093476a.png,2025-12-21_Auto/6d6081c6-aef2-409c-b9d0-c9adb093476a.png,192667,.png,image,695ad93850271718efb70d998ce1894319b901f6da772c70b31e3c466b41d1e9,2025-12-21T03:14:47.853Z,2025-12-21T03:14:47.916Z,6d6081c6-aef2-409c-b9d0-c9adb093476a,6d6081c6-aef2-409c-b9d0-c9adb093476a,false,,,ok,jpeg
GrokVault,full-vault-scan,/Users/philipbankier/Content/Grok IMagine/greymaker/GrokVault/2025-12-21_Auto/6dff6782-445a-4a04-8a1c-55705999bbcd.png,2025-12-21_Auto/6dff6782-445a-4a04-8a1c-55705999bbcd.png,296132,.png,image,c9b092788b73b61cba5673284de2d671df45e07c651a9221f7dd862d755fa4ff,2025-12-21T00:51:36.083Z,2025-12-21T00:51:36.143Z,6dff6782-445a-4a04-8a1c-55705999bbcd,6dff6782-445a-4a04-8a1c-55705999bbcd,false,,,ok,jpeg
GrokVault,full-vault-scan,/Users/philipbankier/Content/Grok IMagine/greymaker/GrokVault/2025-12-21_Auto/6efc1581-f8dc-4ae8-b625-73b9fe96bcc9.mp4,2025-12-21_Auto/6efc1581-f8dc-4ae8-b625-73b9fe96bcc9.mp4,3854986,.mp4,video,1ce7d354dd93ce85ad1adb11361ff69fdbf28d3f3b1735dc0d7b05571bcba8f8,2025-12-21T01:45:04.931Z,2025-12-21T01:45:04.936Z,6efc1581-f8dc-4ae8-b625-73b9fe96bcc9,6efc1581-f8dc-4ae8-b625-73b9fe96bcc9,false,,,ok,mp4-family
GrokVault,full-vault-scan,/Users/philipbankier/Content/Grok IMagine/greymaker/GrokVault/2025-12-21_Auto/6fd9bb3d-24cd-40f6-a932-700fb03118c4.png,2025-12-21_Auto/6fd9bb3d-24cd-40f6-a932-700fb03118c4.png,234146,.png,image,260bfc7c7b6cf0c08a5124d67e8d3f82890793b60d0736deac2accbb42c3b8b6,2025-12-21T03:17:10.745Z,2025-12-21T03:17:10.804Z,6fd9bb3d-24cd-40f6-a932-700fb03118c4,6fd9bb3d-24cd-40f6-a932-700fb03118c4,false,,,ok,jpeg
GrokVault,full-vault-scan,/Users/philipbankier/Content/Grok IMagine/greymaker/GrokVault/2025-12-21_Auto/6ffc18ef-bfbc-4eb8-be05-d97855f6d34c.png,2025-12-21_Auto/6ffc18ef-bfbc-4eb8-be05-d97855f6d34c.png,333280,.png,image,1ed0d0f4ea3a8aa5f9ba45862661ce8f97ba4326dc6452bee4709c3beba20113,2025-12-21T01:55:37.457Z,2025-12-21T01:55:37.520Z,6ffc18ef-bfbc-4eb8-be05-d97855f6d34c,6ffc18ef-bfbc-4eb8-be05-d97855f6d34c,false,,,ok,jpeg
GrokVault,full-vault-scan,/Users/philipbankier/Content/Grok IMagine/greymaker/GrokVault/2025-12-21_Auto/70298782-12d4-45d2-9bb1-3dd0d19c86ab.mp4,2025-12-21_Auto/70298782-12d4-45d2-9bb1-3dd0d19c86ab.mp4,1097587,.mp4,video,728415a04693e946944a66ffb114eba7ae35f3ed162b941512abf02eec75c461,2025-12-21T00:10:29.175Z,2025-12-21T00:10:29.177Z,70298782-12d4-45d2-9bb1-3dd0d19c86ab,70298782-12d4-45d2-9bb1-3dd0d19c86ab,false,,,ok,mp4-family
GrokVault,full-vault-scan,/Users/philipbankier/Content/Grok IMagine/greymaker/GrokVault/2025-12-21_Auto/710b8961-bce8-453b-ac10-e8f05179672d.mp4,2025-12-21_Auto/710b8961-bce8-453b-ac10-e8f05179672d.mp4,1437920,.mp4,video,b5c5ad35615030436751385e783480e773f1eb359fb1c6b6822e1e394e62a5e2,2025-12-21T00:23:00.973Z,2025-12-21T00:23:00.975Z,710b8961-bce8-453b-ac10-e8f05179672d,710b8961-bce8-453b-ac10-e8f05179672d,false,,,ok,mp4-family
GrokVault,full-vault-scan,/Users/philipbankier/Content/Grok IMagine/greymaker/GrokVault/2025-12-21_Auto/71710d93-1b8b-4f8f-9aaf-5b36cc25cbbd.mp4,2025-12-21_Auto/71710d93-1b8b-4f8f-9aaf-5b36cc25cbbd.mp4,2066285,.mp4,video,d0ad3f69993996bd783b7f2f0aa68bceddc6332dc8da45e2d02f07f7fa30eb0d,2025-12-21T00:06:32.556Z,2025-12-21T00:06:32.557Z,71710d93-1b8b-4f8f-9aaf-5b36cc25cbbd,71710d93-1b8b-4f8f-9aaf-5b36cc25cbbd,false,,,ok,mp4-family
GrokVault,full-vault-scan,/Users/philipbankier/Content/Grok IMagine/greymaker/GrokVault/2025-12-21_Auto/7172f12d-ed4a-4e5c-941a-5602c33e5c7f.png,2025-12-21_Auto/7172f12d-ed4a-4e5c-941a-5602c33e5c7f.png,320619,.png,image,96d2ac669ea7c8214f934ffdd4182aa53563af059b3b3ec204b84bad898074f1,2025-12-21T00:32:17.611Z,2025-12-21T00:32:17.678Z,7172f12d-ed4a-4e5c-941a-5602c33e5c7f,7172f12d-ed4a-4e5c-941a-5602c33e5c7f,false,,,ok,jpeg
GrokVault,full-vault-scan,/Users/philipbankier/Content/Grok IMagine/greymaker/GrokVault/2025-12-21_Auto/71c27ac1-84b5-4d37-a0a8-79d5de927c02.mp4,2025-12-21_Auto/71c27ac1-84b5-4d37-a0a8-79d5de927c02.mp4,2471121,.mp4,video,4a62725bbfd35ef893a1253e38f45d2657f69e40e5116b7a647b74b9235e39c2,2025-12-21T00:17:08.726Z,2025-12-21T00:17:08.728Z,71c27ac1-84b5-4d37-a0a8-79d5de927c02,71c27ac1-84b5-4d37-a0a8-79d5de927c02,false,,,ok,mp4-family
GrokVault,full-vault-scan,/Users/philipbankier/Content/Grok IMagine/greymaker/GrokVault/2025-12-21_Auto/71fdfb55-aad3-42ac-8584-fc1ef896ceca.mp4,2025-12-21_Auto/71fdfb55-aad3-42ac-8584-fc1ef896ceca.mp4,1997686,.mp4,video,6cfcc9ee16163bf08593bc36432bf630651de43489a366119990862784d73351,2025-12-21T00:16:38.546Z,2025-12-21T00:16:38.549Z,71fdfb55-aad3-42ac-8584-fc1ef896ceca,71fdfb55-aad3-42ac-8584-fc1ef896ceca,false,,,ok,mp4-family
GrokVault,full-vault-scan,/Users/philipbankier/Content/Grok IMagine/greymaker/GrokVault/2025-12-21_Auto/728f1044-54cd-4968-951b-751ef620d0fa.mp4,2025-12-21_Auto/728f1044-54cd-4968-951b-751ef620d0fa.mp4,2185371,.mp4,video,a0c02132fcf49378157ce86ead00c9ffb229dd2cfcad9238283865dbbb2240af,2025-12-21T03:31:39.923Z,2025-12-21T03:31:39.925Z,728f1044-54cd-4968-951b-751ef620d0fa,728f1044-54cd-4968-951b-751ef620d0fa,false,,,ok,mp4-family
GrokVault,full-vault-scan,/Users/philipbankier/Content/Grok IMagine/greymaker/GrokVault/2025-12-21_Auto/72bcb0a5-25b8-44dc-827c-48e2f91e5aea.png,2025-12-21_Auto/72bcb0a5-25b8-44dc-827c-48e2f91e5aea.png,238836,.png,image,635cf30fa8f6bf76ededa14d0129bbfa01944bf0e4657f85ee5dcfe3609c9368,2025-12-21T02:06:28.488Z,2025-12-21T02:06:28.552Z,72bcb0a5-25b8-44dc-827c-48e2f91e5aea,72bcb0a5-25b8-44dc-827c-48e2f91e5aea,false,,,ok,jpeg
GrokVault,full-vault-scan,/Users/philipbankier/Content/Grok IMagine/greymaker/GrokVault/2025-12-21_Auto/73c5748b-ede9-4969-bc5e-05f377e7cf6c.png,2025-12-21_Auto/73c5748b-ede9-4969-bc5e-05f377e7cf6c.png,187699,.png,image,f7b37238d22f9f74552ad73ae34c24f92f6d028ea5a7c6bc500fcf499a16dd08,2025-12-21T01:30:13.714Z,2025-12-21T01:30:13.772Z,73c5748b-ede9-4969-bc5e-05f377e7cf6c,73c5748b-ede9-4969-bc5e-05f377e7cf6c,false,,,ok,jpeg
GrokVault,full-vault-scan,/Users/philipbankier/Content/Grok IMagine/greymaker/GrokVault/2025-12-21_Auto/7472d3e0-688e-4bee-b402-e33ce1df6b3e.mp4,2025-12-21_Auto/7472d3e0-688e-4bee-b402-e33ce1df6b3e.mp4,2743497,.mp4,video,d6795799700a1ae295e0ef5a3fef7f700299e0206a154ff429c2d9f95a3fb665,2025-12-21T03:19:31.492Z,2025-12-21T03:19:31.494Z,7472d3e0-688e-4bee-b402-e33ce1df6b3e,7472d3e0-688e-4bee-b402-e33ce1df6b3e,false,,,ok,mp4-family
GrokVault,full-vault-scan,/Users/philipbankier/Content/Grok IMagine/greymaker/GrokVault/2025-12-21_Auto/74856dd9-6654-4b72-87e9-a56ec15fee29.mp4,2025-12-21_Auto/74856dd9-6654-4b72-87e9-a56ec15fee29.mp4,1741399,.mp4,video,fcff0455fe73b3f62a13215c7752c7f0b3893aeb6bd0ddbc56ece9778c34e270,2025-12-21T03:33:39.623Z,2025-12-21T03:33:39.625Z,74856dd9-6654-4b72-87e9-a56ec15fee29,74856dd9-6654-4b72-87e9-a56ec15fee29,false,,,ok,mp4-family
GrokVault,full-vault-scan,/Users/philipbankier/Content/Grok IMagine/greymaker/GrokVault/2025-12-21_Auto/74973c7b-0d75-4b39-91fd-bde4de724c64.mp4,2025-12-21_Auto/74973c7b-0d75-4b39-91fd-bde4de724c64.mp4,2575486,.mp4,video,987079e823454aa6955adc1f27e51ca6a8c4c2f9eddd16f5b5be37b1258a15de,2025-12-21T01:13:57.267Z,2025-12-21T01:13:57.269Z,74973c7b-0d75-4b39-91fd-bde4de724c64,74973c7b-0d75-4b39-91fd-bde4de724c64,false,,,ok,mp4-family
GrokVault,full-vault-scan,/Users/philipbankier/Content/Grok IMagine/greymaker/GrokVault/2025-12-21_Auto/750ea4c6-fe8b-4273-bd50-68115e4c0e38.png,2025-12-21_Auto/750ea4c6-fe8b-4273-bd50-68115e4c0e38.png,206459,.png,image,d7187bb604da773dd6df16291c16409614d44b11981624fb9b116e69da3a24d7,2025-12-21T02:21:23.054Z,2025-12-21T02:21:23.111Z,750ea4c6-fe8b-4273-bd50-68115e4c0e38,750ea4c6-fe8b-4273-bd50-68115e4c0e38,false,,,ok,jpeg
GrokVault,full-vault-scan,/Users/philipbankier/Content/Grok IMagine/greymaker/GrokVault/2025-12-21_Auto/75220a2a-6ddf-4940-9efb-f29cac419709.png,2025-12-21_Auto/75220a2a-6ddf-4940-9efb-f29cac419709.png,269076,.png,image,b15717dbe157da8ca774622983ac32c679306622e4e68f79e29a16a98eca1aaf,2025-12-21T00:31:45.745Z,2025-12-21T00:31:45.803Z,75220a2a-6ddf-4940-9efb-f29cac419709,75220a2a-6ddf-4940-9efb-f29cac419709,false,,,ok,jpeg
GrokVault,full-vault-scan,/Users/philipbankier/Content/Grok IMagine/greymaker/GrokVault/2025-12-21_Auto/75a4637e-e7bc-40c8-8036-529393583fb1.png,2025-12-21_Auto/75a4637e-e7bc-40c8-8036-529393583fb1.png,216721,.png,image,d00dd1ea5682e7cf0a91fd0b9fa7ed4b11af9fd990f691f78947929183d647bf,2025-12-21T02:14:06.869Z,2025-12-21T02:14:06.927Z,75a4637e-e7bc-40c8-8036-529393583fb1,75a4637e-e7bc-40c8-8036-529393583fb1,false,,,ok,jpeg
GrokVault,full-vault-scan,/Users/philipbankier/Content/Grok IMagine/greymaker/GrokVault/2025-12-21_Auto/75a5288b-dfa5-4f34-bb2f-fa6515ce43ee.png,2025-12-21_Auto/75a5288b-dfa5-4f34-bb2f-fa6515ce43ee.png,209598,.png,image,8ddb49945c51a99e0969a9389b6b2296e3278c224beb5f4fec4b3971fc46f252,2025-12-21T00:23:47.247Z,2025-12-21T00:23:47.306Z,75a5288b-dfa5-4f34-bb2f-fa6515ce43ee,75a5288b-dfa5-4f34-bb2f-fa6515ce43ee,false,,,ok,jpeg
GrokVault,full-vault-scan,/Users/philipbankier/Content/Grok IMagine/greymaker/GrokVault/2025-12-21_Auto/75b05697-b29f-4c87-aed8-d8154562500b.png,2025-12-21_Auto/75b05697-b29f-4c87-aed8-d8154562500b.png,271356,.png,image,7f046fcd95e4a1e17594b11e33dd717b9e308e5e5c2d022f7f619c0cd2e77c82,2025-12-21T02:40:48.488Z,2025-12-21T02:40:48.561Z,75b05697-b29f-4c87-aed8-d8154562500b,75b05697-b29f-4c87-aed8-d8154562500b,false,,,ok,jpeg
GrokVault,full-vault-scan,/Users/philipbankier/Content/Grok IMagine/greymaker/GrokVault/2025-12-21_Auto/75d7f09b-9fb7-4fe3-b21f-a500841be9a7.mp4,2025-12-21_Auto/75d7f09b-9fb7-4fe3-b21f-a500841be9a7.mp4,1914125,.mp4,video,dfbf63db9b63d07980adbd53823e75e786322a7e64e98510eeacb5392aa81532,2025-12-21T03:32:27.215Z,2025-12-21T03:32:27.217Z,75d7f09b-9fb7-4fe3-b21f-a500841be9a7,75d7f09b-9fb7-4fe3-b21f-a500841be9a7,false,,,ok,mp4-family
GrokVault,full-vault-scan,/Users/philipbankier/Content/Grok IMagine/greymaker/GrokVault/2025-12-21_Auto/7602f663-1727-4c65-8e4f-4d55558dcaa4.png,2025-12-21_Auto/7602f663-1727-4c65-8e4f-4d55558dcaa4.png,213716,.png,image,a811007c3ed2d15f4f1b1485155f99834484d0858b3ec93a409afebe60a83ef0,2025-12-21T01:42:53.406Z,2025-12-21T01:42:53.465Z,7602f663-1727-4c65-8e4f-4d55558dcaa4,7602f663-1727-4c65-8e4f-4d55558dcaa4,false,,,ok,jpeg
GrokVault,full-vault-scan,/Users/philipbankier/Content/Grok IMagine/greymaker/GrokVault/2025-12-21_Auto/767eb90f-2461-4229-8590-109c5844445c.png,2025-12-21_Auto/767eb90f-2461-4229-8590-109c5844445c.png,224269,.png,image,c6457a29604d66c7d25de47e6878f03c22873a7795b73fb2dd451c20f8a636a8,2025-12-21T02:06:49.788Z,2025-12-21T02:06:49.848Z,767eb90f-2461-4229-8590-109c5844445c,767eb90f-2461-4229-8590-109c5844445c,false,,,ok,jpeg
GrokVault,full-vault-scan,/Users/philipbankier/Content/Grok IMagine/greymaker/GrokVault/2025-12-21_Auto/76aa6bc0-1f9b-4e5c-91cc-f1f307a8b4ff.png,2025-12-21_Auto/76aa6bc0-1f9b-4e5c-91cc-f1f307a8b4ff.png,255658,.png,image,21da337aa961e9a7ca6dfacde85879fe906ba7ec54e9a422b1499d76bcd5f2c6,2025-12-21T01:22:45.468Z,2025-12-21T01:22:45.529Z,76aa6bc0-1f9b-4e5c-91cc-f1f307a8b4ff,76aa6bc0-1f9b-4e5c-91cc-f1f307a8b4ff,false,,,ok,jpeg
GrokVault,full-vault-scan,/Users/philipbankier/Content/Grok IMagine/greymaker/GrokVault/2025-12-21_Auto/76dd64c1-f977-4d76-8edc-a6a5cdaa191c.png,2025-12-21_Auto/76dd64c1-f977-4d76-8edc-a6a5cdaa191c.png,268108,.png,image,397cda9dd38022764cfcfe4d8acdcef586ede31b139c3c4fb04fbc952a2d40d9,2025-12-21T02:28:18.698Z,2025-12-21T02:28:18.778Z,76dd64c1-f977-4d76-8edc-a6a5cdaa191c,76dd64c1-f977-4d76-8edc-a6a5cdaa191c,false,,,ok,jpeg
GrokVault,full-vault-scan,/Users/philipbankier/Content/Grok IMagine/greymaker/GrokVault/2025-12-21_Auto/772e272d-323e-4eff-bfa5-66daeac1d043.png,2025-12-21_Auto/772e272d-323e-4eff-bfa5-66daeac1d043.png,249135,.png,image,346a928b125f1f2f282bbf79e20ebd2f5f6d5a8dfc7bf3bd0d267c6707e72ad6,2025-12-21T01:16:34.282Z,2025-12-21T01:16:34.342Z,772e272d-323e-4eff-bfa5-66daeac1d043,772e272d-323e-4eff-bfa5-66daeac1d043,false,,,ok,jpeg
GrokVault,full-vault-scan,/Users/philipbankier/Content/Grok IMagine/greymaker/GrokVault/2025-12-21_Auto/77e8cc83-7a5d-4e18-94cf-bbe463da9cbb.mp4,2025-12-21_Auto/77e8cc83-7a5d-4e18-94cf-bbe463da9cbb.mp4,2063841,.mp4,video,53c8ff38ca1fbd79ec384510ef2f3b2494980f0305bd860bc24f72fe7fd6f6cf,2025-12-21T03:21:49.448Z,2025-12-21T03:21:49.450Z,77e8cc83-7a5d-4e18-94cf-bbe463da9cbb,77e8cc83-7a5d-4e18-94cf-bbe463da9cbb,false,,,ok,mp4-family
GrokVault,full-vault-scan,/Users/philipbankier/Content/Grok IMagine/greymaker/GrokVault/2025-12-21_Auto/784b01e1-b411-40b5-b96a-64f1aec0a1cd.mp4,2025-12-21_Auto/784b01e1-b411-40b5-b96a-64f1aec0a1cd.mp4,1609852,.mp4,video,4c8e7f1b21921957a53878158b09da49fc3ab624e58923b59e5d40cb6cf2dd1d,2025-12-21T02:16:54.162Z,2025-12-21T02:16:54.163Z,784b01e1-b411-40b5-b96a-64f1aec0a1cd,784b01e1-b411-40b5-b96a-64f1aec0a1cd,false,,,ok,mp4-family
GrokVault,full-vault-scan,/Users/philipbankier/Content/Grok IMagine/greymaker/GrokVault/2025-12-21_Auto/78a440fa-2b31-410c-b915-b0bc593efff5.mp4,2025-12-21_Auto/78a440fa-2b31-410c-b915-b0bc593efff5.mp4,2059420,.mp4,video,e6e9211293e749c69e4fccacea476e39542d4077ac7dae40e487a057314c7d9d,2025-12-21T00:24:32.935Z,2025-12-21T00:24:32.937Z,78a440fa-2b31-410c-b915-b0bc593efff5,78a440fa-2b31-410c-b915-b0bc593efff5,false,,,ok,mp4-family
GrokVault,full-vault-scan,/Users/philipbankier/Content/Grok IMagine/greymaker/GrokVault/2025-12-21_Auto/7983c448-836b-4501-bcbc-4d254d908abe.png,2025-12-21_Auto/7983c448-836b-4501-bcbc-4d254d908abe.png,305134,.png,image,e47764af4d1b9142d4ab2e1abbf38edd0e8ce85664c46522d7214271a1585e24,2025-12-21T00:12:05.391Z,2025-12-21T00:12:05.449Z,7983c448-836b-4501-bcbc-4d254d908abe,7983c448-836b-4501-bcbc-4d254d908abe,false,,,ok,jpeg
GrokVault,full-vault-scan,/Users/philipbankier/Content/Grok IMagine/greymaker/GrokVault/2025-12-21_Auto/79cc7179-a268-4182-bb56-cf2a1a516847.png,2025-12-21_Auto/79cc7179-a268-4182-bb56-cf2a1a516847.png,243478,.png,image,810d4adc98d1b2ddd6c0eb3b45bfbf91489c3884c80dcd57cbf96145aa2b06d5,2025-12-21T02:09:56.832Z,2025-12-21T02:09:56.898Z,79cc7179-a268-4182-bb56-cf2a1a516847,79cc7179-a268-4182-bb56-cf2a1a516847,false,,,ok,jpeg
GrokVault,full-vault-scan,/Users/philipbankier/Content/Grok IMagine/greymaker/GrokVault/2025-12-21_Auto/79e3ac54-d458-4329-a6bb-dbab4e1edbe4.mp4,2025-12-21_Auto/79e3ac54-d458-4329-a6bb-dbab4e1edbe4.mp4,2696486,.mp4,video,a35043b35da389905048ff66006f3f92c018c5449b1ac39187da7a88e77fbea3,2025-12-21T02:13:45.510Z,2025-12-21T02:13:45.512Z,79e3ac54-d458-4329-a6bb-dbab4e1edbe4,79e3ac54-d458-4329-a6bb-dbab4e1edbe4,false,,,ok,mp4-family
GrokVault,full-vault-scan,/Users/philipbankier/Content/Grok IMagine/greymaker/GrokVault/2025-12-21_Auto/7b19130b-983c-473b-b755-e831b4cdf056.png,2025-12-21_Auto/7b19130b-983c-473b-b755-e831b4cdf056.png,284173,.png,image,b5a8e4502454a5d14d9d46082a92f5f9202dba7192614037a708483771530467,2025-12-21T03:19:08.341Z,2025-12-21T03:19:08.399Z,7b19130b-983c-473b-b755-e831b4cdf056,7b19130b-983c-473b-b755-e831b4cdf056,false,,,ok,jpeg
GrokVault,full-vault-scan,/Users/philipbankier/Content/Grok IMagine/greymaker/GrokVault/2025-12-21_Auto/7b1d250d-e6f9-43a4-aefc-ee2198538a32.mp4,2025-12-21_Auto/7b1d250d-e6f9-43a4-aefc-ee2198538a32.mp4,2459155,.mp4,video,07d4c4d63365fd533ca0695adc8794128142217c2125ae33e275dc3537a277d4,2025-12-21T02:18:58.205Z,2025-12-21T02:18:58.206Z,7b1d250d-e6f9-43a4-aefc-ee2198538a32,7b1d250d-e6f9-43a4-aefc-ee2198538a32,false,,,ok,mp4-family
GrokVault,full-vault-scan,/Users/philipbankier/Content/Grok IMagine/greymaker/GrokVault/2025-12-21_Auto/7b4021b7-88bb-46a3-a899-cffcf231d5da.mp4,2025-12-21_Auto/7b4021b7-88bb-46a3-a899-cffcf231d5da.mp4,2368971,.mp4,video,9e687f5a37b441117317d8f55f0c9af0d6ac44be5333a3bfdc485ac0d45b4466,2025-12-21T00:06:47.076Z,2025-12-21T00:06:47.079Z,7b4021b7-88bb-46a3-a899-cffcf231d5da,7b4021b7-88bb-46a3-a899-cffcf231d5da,false,,,ok,mp4-family
GrokVault,full-vault-scan,/Users/philipbankier/Content/Grok IMagine/greymaker/GrokVault/2025-12-21_Auto/7bace2d3-4a41-4e8b-8f36-d6c95c852ad5.mp4,2025-12-21_Auto/7bace2d3-4a41-4e8b-8f36-d6c95c852ad5.mp4,4189867,.mp4,video,b8d71e794d06387d1ca879f56a153bbba626cbbf1c993a1eda5692f4092fca3e,2025-12-21T01:01:30.588Z,2025-12-21T01:01:30.593Z,7bace2d3-4a41-4e8b-8f36-d6c95c852ad5,7bace2d3-4a41-4e8b-8f36-d6c95c852ad5,false,,,ok,mp4-family
GrokVault,full-vault-scan,/Users/philipbankier/Content/Grok IMagine/greymaker/GrokVault/2025-12-21_Auto/7c64401e-2090-4a2c-96d0-343971199a82.png,2025-12-21_Auto/7c64401e-2090-4a2c-96d0-343971199a82.png,162866,.png,image,833b0ba8497e329521a47693745ed2fbf972968b932ac9b650c11a5c964a5a94,2025-12-21T03:38:04.100Z,2025-12-21T03:38:04.159Z,7c64401e-2090-4a2c-96d0-343971199a82,7c64401e-2090-4a2c-96d0-343971199a82,false,,,ok,jpeg
GrokVault,full-vault-scan,/Users/philipbankier/Content/Grok IMagine/greymaker/GrokVault/2025-12-21_Auto/7c86f8b7-166b-4ba7-8612-6d0616b08b58.png,2025-12-21_Auto/7c86f8b7-166b-4ba7-8612-6d0616b08b58.png,340735,.png,image,4f70f8f58eca37752fb5b2945393094e344007d487dfa6fd5515ab8ca85a82de,2025-12-21T00:34:25.073Z,2025-12-21T00:34:25.144Z,7c86f8b7-166b-4ba7-8612-6d0616b08b58,7c86f8b7-166b-4ba7-8612-6d0616b08b58,false,,,ok,jpeg
GrokVault,full-vault-scan,/Users/philipbankier/Content/Grok IMagine/greymaker/GrokVault/2025-12-21_Auto/7ce1de2a-5269-453d-8b6b-2699772b92a1.png,2025-12-21_Auto/7ce1de2a-5269-453d-8b6b-2699772b92a1.png,208199,.png,image,bb55b05d739ce9412fa3e87d52c3f96f5ca7fb6a7c18b46b24a6a32e31df7cee,2025-12-21T02:26:11.420Z,2025-12-21T02:26:11.489Z,7ce1de2a-5269-453d-8b6b-2699772b92a1,7ce1de2a-5269-453d-8b6b-2699772b92a1,false,,,ok,jpeg
GrokVault,full-vault-scan,/Users/philipbankier/Content/Grok IMagine/greymaker/GrokVault/2025-12-21_Auto/7d2ad811-50f2-4cc7-b43a-976b2aceabb9.png,2025-12-21_Auto/7d2ad811-50f2-4cc7-b43a-976b2aceabb9.png,254241,.png,image,c6a6da12ab8b25589de353b3b775bf2b09d1eaf2b1b8c3d175def4683f1a4046,2025-12-21T01:04:20.693Z,2025-12-21T01:04:20.751Z,7d2ad811-50f2-4cc7-b43a-976b2aceabb9,7d2ad811-50f2-4cc7-b43a-976b2aceabb9,false,,,ok,jpeg
GrokVault,full-vault-scan,/Users/philipbankier/Content/Grok IMagine/greymaker/GrokVault/2025-12-21_Auto/7d670607-fc9b-423e-8350-f5c59f79ef38.png,2025-12-21_Auto/7d670607-fc9b-423e-8350-f5c59f79ef38.png,364883,.png,image,ebedcfb5abc8231612d064843ac35290e9d45a26d86c41dad6b913d36f272bb1,2025-12-21T00:35:13.084Z,2025-12-21T00:35:13.159Z,7d670607-fc9b-423e-8350-f5c59f79ef38,7d670607-fc9b-423e-8350-f5c59f79ef38,false,,,ok,jpeg
GrokVault,full-vault-scan,/Users/philipbankier/Content/Grok IMagine/greymaker/GrokVault/2025-12-21_Auto/7d8e3f26-43bc-4bfe-b2f2-107a449c404f.png,2025-12-21_Auto/7d8e3f26-43bc-4bfe-b2f2-107a449c404f.png,301636,.png,image,1e336b34d95ad49c7b318a5e6564fa4afc2f24d9e32864dcdfc31c2305bd86fd,2025-12-21T00:13:59.412Z,2025-12-21T00:13:59.471Z,7d8e3f26-43bc-4bfe-b2f2-107a449c404f,7d8e3f26-43bc-4bfe-b2f2-107a449c404f,false,,,ok,jpeg
GrokVault,full-vault-scan,/Users/philipbankier/Content/Grok IMagine/greymaker/GrokVault/2025-12-21_Auto/7d9481a8-6b34-4032-8084-193bd6858f7f.mp4,2025-12-21_Auto/7d9481a8-6b34-4032-8084-193bd6858f7f.mp4,1273126,.mp4,video,f5a57871f28c94cb4afeac103f7392ffb0d1763e248b8d047c6b951e4fe5473d,2025-12-21T03:26:53.510Z,2025-12-21T03:26:53.510Z,7d9481a8-6b34-4032-8084-193bd6858f7f,7d9481a8-6b34-4032-8084-193bd6858f7f,false,,,ok,mp4-family
GrokVault,full-vault-scan,/Users/philipbankier/Content/Grok IMagine/greymaker/GrokVault/2025-12-21_Auto/7dac262f-04de-4a86-978d-5682ae971026.png,2025-12-21_Auto/7dac262f-04de-4a86-978d-5682ae971026.png,345698,.png,image,e4ae69a160e11ee6b4cc2dd57b31f2769f8374af6bccacb577eb82da1dadd799,2025-12-21T01:56:35.860Z,2025-12-21T01:56:35.925Z,7dac262f-04de-4a86-978d-5682ae971026,7dac262f-04de-4a86-978d-5682ae971026,false,,,ok,jpeg
GrokVault,full-vault-scan,/Users/philipbankier/Content/Grok IMagine/greymaker/GrokVault/2025-12-21_Auto/7e5b2363-1cc5-4c73-a026-8edc23cd3b8d.png,2025-12-21_Auto/7e5b2363-1cc5-4c73-a026-8edc23cd3b8d.png,228668,.png,image,2ec083c9b249a8efcda2b88f7e8dada197009ac83d5f6ad66d6e668c7fd4d488,2025-12-21T02:40:06.392Z,2025-12-21T02:40:06.453Z,7e5b2363-1cc5-4c73-a026-8edc23cd3b8d,7e5b2363-1cc5-4c73-a026-8edc23cd3b8d,false,,,ok,jpeg
GrokVault,full-vault-scan,/Users/philipbankier/Content/Grok IMagine/greymaker/GrokVault/2025-12-21_Auto/7e63d5ba-bdaf-41c2-9565-2ffa1b651ad1.png,2025-12-21_Auto/7e63d5ba-bdaf-41c2-9565-2ffa1b651ad1.png,287825,.png,image,8e5030cf991314b0bf2086afd1405c89bf0128424a60779e3ca4752994779741,2025-12-21T01:13:40.185Z,2025-12-21T01:13:40.260Z,7e63d5ba-bdaf-41c2-9565-2ffa1b651ad1,7e63d5ba-bdaf-41c2-9565-2ffa1b651ad1,false,,,ok,jpeg
GrokVault,full-vault-scan,/Users/philipbankier/Content/Grok IMagine/greymaker/GrokVault/2025-12-21_Auto/7e65c396-8e2f-4aa0-9137-f09d21b7c36c.png,2025-12-21_Auto/7e65c396-8e2f-4aa0-9137-f09d21b7c36c.png,232957,.png,image,85e15deae82641cbb06cc2394956d088cc4d7ebba391ea1e93f26f4115391e7e,2025-12-21T01:34:54.163Z,2025-12-21T01:34:54.224Z,7e65c396-8e2f-4aa0-9137-f09d21b7c36c,7e65c396-8e2f-4aa0-9137-f09d21b7c36c,false,,,ok,jpeg
GrokVault,full-vault-scan,/Users/philipbankier/Content/Grok IMagine/greymaker/GrokVault/2025-12-21_Auto/7fb2a289-f492-42f7-b79b-0a1a83d521c7.png,2025-12-21_Auto/7fb2a289-f492-42f7-b79b-0a1a83d521c7.png,217559,.png,image,9d95e607586119745ef5e2f202aeb37b9727dfbd6e6bad516ad896ddd5f18708,2025-12-21T03:05:39.153Z,2025-12-21T03:05:39.211Z,7fb2a289-f492-42f7-b79b-0a1a83d521c7,7fb2a289-f492-42f7-b79b-0a1a83d521c7,false,,,ok,jpeg
GrokVault,full-vault-scan,/Users/philipbankier/Content/Grok IMagine/greymaker/GrokVault/2025-12-21_Auto/80026dbc-8c38-4808-8122-9440c6abe33c.png,2025-12-21_Auto/80026dbc-8c38-4808-8122-9440c6abe33c.png,234168,.png,image,9b5cdcf5313f5c9a3f3be52ca65882feab0c1d3c7627ef26123398c000450712,2025-12-21T02:49:39.556Z,2025-12-21T02:49:39.627Z,80026dbc-8c38-4808-8122-9440c6abe33c,80026dbc-8c38-4808-8122-9440c6abe33c,false,,,ok,jpeg
GrokVault,full-vault-scan,/Users/philipbankier/Content/Grok IMagine/greymaker/GrokVault/2025-12-21_Auto/80177347-bcbc-4eee-9c67-e0c33786d519.mp4,2025-12-21_Auto/80177347-bcbc-4eee-9c67-e0c33786d519.mp4,2291054,.mp4,video,96ee23010bb9f529eca6e0ff58032603ec7ab2963d26c8e816f21fcefc872b7d,2025-12-21T03:30:06.859Z,2025-12-21T03:30:06.861Z,80177347-bcbc-4eee-9c67-e0c33786d519,80177347-bcbc-4eee-9c67-e0c33786d519,false,,,ok,mp4-family
GrokVault,full-vault-scan,/Users/philipbankier/Content/Grok IMagine/greymaker/GrokVault/2025-12-21_Auto/80b95379-8750-463a-a74a-b98454517abc.png,2025-12-21_Auto/80b95379-8750-463a-a74a-b98454517abc.png,378240,.png,image,ddb9cd85a2ac2e5bb384c8028388b825703fd40572c246320fa335977e6c0f4e,2025-12-21T00:35:28.720Z,2025-12-21T00:35:28.794Z,80b95379-8750-463a-a74a-b98454517abc,80b95379-8750-463a-a74a-b98454517abc,false,,,ok,jpeg
GrokVault,full-vault-scan,/Users/philipbankier/Content/Grok IMagine/greymaker/GrokVault/2025-12-21_Auto/80dbb4d3-5269-4032-87b3-c2bbb03c1887.png,2025-12-21_Auto/80dbb4d3-5269-4032-87b3-c2bbb03c1887.png,350423,.png,image,bffc97cfe231cfad0a15c92751694c367afd66519ec699e11fadf989e54055ac,2025-12-21T00:39:10.002Z,2025-12-21T00:39:10.071Z,80dbb4d3-5269-4032-87b3-c2bbb03c1887,80dbb4d3-5269-4032-87b3-c2bbb03c1887,false,,,ok,jpeg
GrokVault,full-vault-scan,/Users/philipbankier/Content/Grok IMagine/greymaker/GrokVault/2025-12-21_Auto/80e84d5a-9952-41a3-9f4d-f6bdc6aac831.png,2025-12-21_Auto/80e84d5a-9952-41a3-9f4d-f6bdc6aac831.png,333621,.png,image,18b02d8c02b7488bed10b2f0921a13be79092ad29bfeb3a7f603a65247baf886,2025-12-21T01:43:50.172Z,2025-12-21T01:43:50.255Z,80e84d5a-9952-41a3-9f4d-f6bdc6aac831,80e84d5a-9952-41a3-9f4d-f6bdc6aac831,false,,,ok,jpeg
GrokVault,full-vault-scan,/Users/philipbankier/Content/Grok IMagine/greymaker/GrokVault/2025-12-21_Auto/80f392d0-cb0a-4248-bfb1-d4d62f60120a.mp4,2025-12-21_Auto/80f392d0-cb0a-4248-bfb1-d4d62f60120a.mp4,3267296,.mp4,video,5e4cb81c3febfe35c69fead7aebdcc11672e14efe3331a40fd8f2f9795962a39,2025-12-21T00:17:23.201Z,2025-12-21T00:17:23.204Z,80f392d0-cb0a-4248-bfb1-d4d62f60120a,80f392d0-cb0a-4248-bfb1-d4d62f60120a,false,,,ok,mp4-family
GrokVault,full-vault-scan,/Users/philipbankier/Content/Grok IMagine/greymaker/GrokVault/2025-12-21_Auto/811e0471-5da4-43e7-b4d9-2a1e1a9f067b.png,2025-12-21_Auto/811e0471-5da4-43e7-b4d9-2a1e1a9f067b.png,228187,.png,image,d4eddf666804bb7409c9c6e718559622089e9c192bfad5a5fb07f1d95477297b,2025-12-21T00:48:36.029Z,2025-12-21T00:48:36.087Z,811e0471-5da4-43e7-b4d9-2a1e1a9f067b,811e0471-5da4-43e7-b4d9-2a1e1a9f067b,false,,,ok,jpeg
GrokVault,full-vault-scan,/Users/philipbankier/Content/Grok IMagine/greymaker/GrokVault/2025-12-21_Auto/833be6ba-b457-430a-b86a-b6b37d807473.png,2025-12-21_Auto/833be6ba-b457-430a-b86a-b6b37d807473.png,302955,.png,image,528374566f943c361aecb6b94f543e46a5bf96593e28bf2ddf93882f147cff78,2025-12-21T00:19:42.003Z,2025-12-21T00:19:42.004Z,833be6ba-b457-430a-b86a-b6b37d807473,833be6ba-b457-430a-b86a-b6b37d807473,false,,,ok,jpeg
GrokVault,full-vault-scan,/Users/philipbankier/Content/Grok IMagine/greymaker/GrokVault/2025-12-21_Auto/834cdbc0-701a-46cd-9020-e9a29eb77a13.png,2025-12-21_Auto/834cdbc0-701a-46cd-9020-e9a29eb77a13.png,253807,.png,image,87410ab8dc58003d5a613cd008e33ff978dc6e4d5018ad71381aec49467b7936,2025-12-21T02:10:38.891Z,2025-12-21T02:10:38.954Z,834cdbc0-701a-46cd-9020-e9a29eb77a13,834cdbc0-701a-46cd-9020-e9a29eb77a13,false,,,ok,jpeg
GrokVault,full-vault-scan,/Users/philipbankier/Content/Grok IMagine/greymaker/GrokVault/2025-12-21_Auto/83844752-8608-4860-9fe9-bd91c3ccaae8.png,2025-12-21_Auto/83844752-8608-4860-9fe9-bd91c3ccaae8.png,203930,.png,image,82e25582decde74d242fc3c9f567f7d584563b18951097d60bd34c12bc0ea5f1,2025-12-21T01:24:31.942Z,2025-12-21T01:24:32.000Z,83844752-8608-4860-9fe9-bd91c3ccaae8,83844752-8608-4860-9fe9-bd91c3ccaae8,false,,,ok,jpeg
GrokVault,full-vault-scan,/Users/philipbankier/Content/Grok IMagine/greymaker/GrokVault/2025-12-21_Auto/84112ff2-7bf0-4b0b-a21b-8aee806e05cd.mp4,2025-12-21_Auto/84112ff2-7bf0-4b0b-a21b-8aee806e05cd.mp4,1787312,.mp4,video,33afaa8849e4bc30e0c0dba3926e9bc9def23e7a8ca0c36b83a717cfd0fe2d82,2025-12-21T01:37:37.935Z,2025-12-21T01:37:37.937Z,84112ff2-7bf0-4b0b-a21b-8aee806e05cd,84112ff2-7bf0-4b0b-a21b-8aee806e05cd,false,,,ok,mp4-family
GrokVault,full-vault-scan,/Users/philipbankier/Content/Grok IMagine/greymaker/GrokVault/2025-12-21_Auto/842c5f76-2ac3-4375-9114-26f94e36a9b3.mp4,2025-12-21_Auto/842c5f76-2ac3-4375-9114-26f94e36a9b3.mp4,963689,.mp4,video,7f531d1e65e5755e300db84b0a3b4f653fb2c919ae5b3f180d3b76c3d8390d7a,2025-12-21T01:32:40.707Z,2025-12-21T01:32:40.708Z,842c5f76-2ac3-4375-9114-26f94e36a9b3,842c5f76-2ac3-4375-9114-26f94e36a9b3,false,,,ok,mp4-family
GrokVault,full-vault-scan,/Users/philipbankier/Content/Grok IMagine/greymaker/GrokVault/2025-12-21_Auto/84517cd0-6a13-4527-a9d2-040ec9a34b6c.mp4,2025-12-21_Auto/84517cd0-6a13-4527-a9d2-040ec9a34b6c.mp4,1282619,.mp4,video,0a7ae2b340b568c2463442bb58a7dbd20b411b20ab2ed6c7f446f86cdd071665,2025-12-21T03:34:27.578Z,2025-12-21T03:34:27.580Z,84517cd0-6a13-4527-a9d2-040ec9a34b6c,84517cd0-6a13-4527-a9d2-040ec9a34b6c,false,,,ok,mp4-family
GrokVault,full-vault-scan,/Users/philipbankier/Content/Grok IMagine/greymaker/GrokVault/2025-12-21_Auto/84572751-2396-44a2-befc-b399b99a50aa.mp4,2025-12-21_Auto/84572751-2396-44a2-befc-b399b99a50aa.mp4,1565653,.mp4,video,1c5ce348139f9bc68a772162d000567c614808a87d38a061ba1335d0d8dac4e4,2025-12-21T01:27:48.442Z,2025-12-21T01:27:48.444Z,84572751-2396-44a2-befc-b399b99a50aa,84572751-2396-44a2-befc-b399b99a50aa,false,,,ok,mp4-family
GrokVault,full-vault-scan,/Users/philipbankier/Content/Grok IMagine/greymaker/GrokVault/2025-12-21_Auto/848184f0-4f9c-4d00-b3cb-74a06854eef0.png,2025-12-21_Auto/848184f0-4f9c-4d00-b3cb-74a06854eef0.png,224904,.png,image,f02dd958fe46a0a215c1e3e58c5b31f6def871c63e23ba90efd11f148fa451bf,2025-12-21T02:35:47.388Z,2025-12-21T02:35:47.446Z,848184f0-4f9c-4d00-b3cb-74a06854eef0,848184f0-4f9c-4d00-b3cb-74a06854eef0,false,,,ok,jpeg
GrokVault,full-vault-scan,/Users/philipbankier/Content/Grok IMagine/greymaker/GrokVault/2025-12-21_Auto/84c6c990-ca57-49ce-905a-9f295d746c63.png,2025-12-21_Auto/84c6c990-ca57-49ce-905a-9f295d746c63.png,248600,.png,image,d43bb5b55d1724094a6ffe15d9c1daa8f7ba5cd833781e767cb5148f4c64c5f7,2025-12-21T03:10:58.070Z,2025-12-21T03:10:58.129Z,84c6c990-ca57-49ce-905a-9f295d746c63,84c6c990-ca57-49ce-905a-9f295d746c63,false,,,ok,jpeg
GrokVault,full-vault-scan,/Users/philipbankier/Content/Grok IMagine/greymaker/GrokVault/2025-12-21_Auto/8573639f-16cf-4631-a55a-8d385bb279de.mp4,2025-12-21_Auto/8573639f-16cf-4631-a55a-8d385bb279de.mp4,2005298,.mp4,video,e0f89fad6ce7f7d21b8ae08acf698a001f0440aa652e4f19e342bb9138a43fd2,2025-12-21T00:16:05.879Z,2025-12-21T00:16:05.881Z,8573639f-16cf-4631-a55a-8d385bb279de,8573639f-16cf-4631-a55a-8d385bb279de,false,,,ok,mp4-family
GrokVault,full-vault-scan,/Users/philipbankier/Content/Grok IMagine/greymaker/GrokVault/2025-12-21_Auto/85a58a3d-b8b1-4d93-9c05-1f690651f334.png,2025-12-21_Auto/85a58a3d-b8b1-4d93-9c05-1f690651f334.png,214345,.png,image,587857a501433c386edaf2d2915abdc5b2f8ad79fe73efaacfc036a1eca65697,2025-12-21T01:38:52.584Z,2025-12-21T01:38:52.642Z,85a58a3d-b8b1-4d93-9c05-1f690651f334,85a58a3d-b8b1-4d93-9c05-1f690651f334,false,,,ok,jpeg
GrokVault,full-vault-scan,/Users/philipbankier/Content/Grok IMagine/greymaker/GrokVault/2025-12-21_Auto/85e2c674-affd-4302-bbb3-53bb3460862c.png,2025-12-21_Auto/85e2c674-affd-4302-bbb3-53bb3460862c.png,335884,.png,image,51466baef7a33060deb0be5e4be33b9342eb59cc88ad8d68fa823b38dc86eef2,2025-12-21T01:53:21.444Z,2025-12-21T01:53:21.510Z,85e2c674-affd-4302-bbb3-53bb3460862c,85e2c674-affd-4302-bbb3-53bb3460862c,false,,,ok,jpeg
GrokVault,full-vault-scan,/Users/philipbankier/Content/Grok IMagine/greymaker/GrokVault/2025-12-21_Auto/8632d384-1169-4032-9242-e03e4a76ed8e.mp4,2025-12-21_Auto/8632d384-1169-4032-9242-e03e4a76ed8e.mp4,2492451,.mp4,video,e5163b2098f5653fe584bec26fbe896a14a928a84210fee5c4bdd07daab1139a,2025-12-21T03:00:02.898Z,2025-12-21T03:00:02.900Z,8632d384-1169-4032-9242-e03e4a76ed8e,8632d384-1169-4032-9242-e03e4a76ed8e,false,,,ok,mp4-family
GrokVault,full-vault-scan,/Users/philipbankier/Content/Grok IMagine/greymaker/GrokVault/2025-12-21_Auto/86aea5ad-dcc7-4923-ba01-a3b47adad3fb.png,2025-12-21_Auto/86aea5ad-dcc7-4923-ba01-a3b47adad3fb.png,286528,.png,image,8deaf78f605ade36c180851c4243d566e2495b52df47c9394c9080a70295fbc6,2025-12-21T00:29:52.673Z,2025-12-21T00:29:52.734Z,86aea5ad-dcc7-4923-ba01-a3b47adad3fb,86aea5ad-dcc7-4923-ba01-a3b47adad3fb,false,,,ok,jpeg
GrokVault,full-vault-scan,/Users/philipbankier/Content/Grok IMagine/greymaker/GrokVault/2025-12-21_Auto/8716b34f-037f-465e-93c8-4fd610f3faa5.mp4,2025-12-21_Auto/8716b34f-037f-465e-93c8-4fd610f3faa5.mp4,1304528,.mp4,video,e6ad9187179d5288376e747a808391ed9179fb56b512cbd82a01a800a3b12f23,2025-12-21T01:24:48.993Z,2025-12-21T01:24:48.995Z,8716b34f-037f-465e-93c8-4fd610f3faa5,8716b34f-037f-465e-93c8-4fd610f3faa5,false,,,ok,mp4-family
GrokVault,full-vault-scan,/Users/philipbankier/Content/Grok IMagine/greymaker/GrokVault/2025-12-21_Auto/87718b57-12ac-4e8a-83a2-d1a121d05e53.png,2025-12-21_Auto/87718b57-12ac-4e8a-83a2-d1a121d05e53.png,323863,.png,image,bb2bf18559a7575ec344a74908340ae71d60c86adfc29ee408d8edba0adb8add,2025-12-21T01:58:34.457Z,2025-12-21T01:58:34.517Z,87718b57-12ac-4e8a-83a2-d1a121d05e53,87718b57-12ac-4e8a-83a2-d1a121d05e53,false,,,ok,jpeg
GrokVault,full-vault-scan,/Users/philipbankier/Content/Grok IMagine/greymaker/GrokVault/2025-12-21_Auto/87c66647-f2bc-4214-9d12-67074f3e700f.png,2025-12-21_Auto/87c66647-f2bc-4214-9d12-67074f3e700f.png,213002,.png,image,f59158f1de39bf9e3451751194353123da0b7dd4d2f04098cb1479a389312601,2025-12-21T02:38:39.378Z,2025-12-21T02:38:39.435Z,87c66647-f2bc-4214-9d12-67074f3e700f,87c66647-f2bc-4214-9d12-67074f3e700f,false,,,ok,jpeg
GrokVault,full-vault-scan,/Users/philipbankier/Content/Grok IMagine/greymaker/GrokVault/2025-12-21_Auto/88d31f4e-c168-4d21-88f2-4f0434904e59.png,2025-12-21_Auto/88d31f4e-c168-4d21-88f2-4f0434904e59.png,288677,.png,image,e5b885b42118e1b5d496207b10ad92f9dd5d38254de7f988ede30435d2ea9458,2025-12-21T00:33:37.796Z,2025-12-21T00:33:37.858Z,88d31f4e-c168-4d21-88f2-4f0434904e59,88d31f4e-c168-4d21-88f2-4f0434904e59,false,,,ok,jpeg
GrokVault,full-vault-scan,/Users/philipbankier/Content/Grok IMagine/greymaker/GrokVault/2025-12-21_Auto/893db259-d89d-4fdf-8c8e-93fa8732aa3f.mp4,2025-12-21_Auto/893db259-d89d-4fdf-8c8e-93fa8732aa3f.mp4,2087629,.mp4,video,8c652b0aababa51baf2f793848b0e2ff44759cd15ef8a4ddbd39b26d10be2e7d,2025-12-21T01:04:03.622Z,2025-12-21T01:04:03.624Z,893db259-d89d-4fdf-8c8e-93fa8732aa3f,893db259-d89d-4fdf-8c8e-93fa8732aa3f,false,,,ok,mp4-family
GrokVault,full-vault-scan,/Users/philipbankier/Content/Grok IMagine/greymaker/GrokVault/2025-12-21_Auto/8952b176-3f74-4ddf-9f1e-49c5c1ad289a.png,2025-12-21_Auto/8952b176-3f74-4ddf-9f1e-49c5c1ad289a.png,320416,.png,image,3d96f819605fb5919d8e2d5868c3b36e3e9a7191a47f894ebcf22ced5f5c4ba1,2025-12-21T01:57:54.927Z,2025-12-21T01:57:54.982Z,8952b176-3f74-4ddf-9f1e-49c5c1ad289a,8952b176-3f74-4ddf-9f1e-49c5c1ad289a,false,,,ok,jpeg
GrokVault,full-vault-scan,/Users/philipbankier/Content/Grok IMagine/greymaker/GrokVault/2025-12-21_Auto/897c4836-9055-4356-bade-ad5df3a4c5de.mp4,2025-12-21_Auto/897c4836-9055-4356-bade-ad5df3a4c5de.mp4,3205445,.mp4,video,7ae5bfdb0182110001d7dec1e854566d35e5789fe45335180693d8e8f0d8c877,2025-12-21T00:04:59.604Z,2025-12-21T00:04:59.607Z,897c4836-9055-4356-bade-ad5df3a4c5de,897c4836-9055-4356-bade-ad5df3a4c5de,false,,,ok,mp4-family
GrokVault,full-vault-scan,/Users/philipbankier/Content/Grok IMagine/greymaker/GrokVault/2025-12-21_Auto/89b5cd4c-ad94-4908-b003-e1fc154734fb.png,2025-12-21_Auto/89b5cd4c-ad94-4908-b003-e1fc154734fb.png,251196,.png,image,5091a3da57d5b80413bc3188308146868a05ec6ec092865f94657b401d393cb3,2025-12-21T02:45:54.766Z,2025-12-21T02:45:54.825Z,89b5cd4c-ad94-4908-b003-e1fc154734fb,89b5cd4c-ad94-4908-b003-e1fc154734fb,false,,,ok,jpeg
GrokVault,full-vault-scan,/Users/philipbankier/Content/Grok IMagine/greymaker/GrokVault/2025-12-21_Auto/89daea3e-51e0-4537-91b6-a7fe4ecd9c86.mp4,2025-12-21_Auto/89daea3e-51e0-4537-91b6-a7fe4ecd9c86.mp4,1386327,.mp4,video,2431b88615f8c9c4c0c332d8d7b54ede17c01a2d11ae0b392e2fa86b90b131cb,2025-12-21T00:09:56.170Z,2025-12-21T00:09:56.171Z,89daea3e-51e0-4537-91b6-a7fe4ecd9c86,89daea3e-51e0-4537-91b6-a7fe4ecd9c86,false,,,ok,mp4-family
GrokVault,full-vault-scan,/Users/philipbankier/Content/Grok IMagine/greymaker/GrokVault/2025-12-21_Auto/8ae045ff-f506-440d-98fc-25a8d48333cf.png,2025-12-21_Auto/8ae045ff-f506-440d-98fc-25a8d48333cf.png,256690,.png,image,dc9dde836d39ab12b8004a8b60caa4d62a05b0a474fcfc4fd931c2c0bd823fa4,2025-12-21T01:32:03.806Z,2025-12-21T01:32:03.868Z,8ae045ff-f506-440d-98fc-25a8d48333cf,8ae045ff-f506-440d-98fc-25a8d48333cf,false,,,ok,jpeg
GrokVault,full-vault-scan,/Users/philipbankier/Content/Grok IMagine/greymaker/GrokVault/2025-12-21_Auto/8b59fc72-5281-4786-90b8-de1c8435a65d.mp4,2025-12-21_Auto/8b59fc72-5281-4786-90b8-de1c8435a65d.mp4,3455439,.mp4,video,b99336dc7100aa0c396b7c93060e3d66ae277d13f9f4806cbaeaedb3fd40886a,2025-12-21T00:16:53.908Z,2025-12-21T00:16:53.912Z,8b59fc72-5281-4786-90b8-de1c8435a65d,8b59fc72-5281-4786-90b8-de1c8435a65d,false,,,ok,mp4-family
GrokVault,full-vault-scan,/Users/philipbankier/Content/Grok IMagine/greymaker/GrokVault/2025-12-21_Auto/8b659aa9-2f47-4aac-8fd2-4d0b810b3a4c.mp4,2025-12-21_Auto/8b659aa9-2f47-4aac-8fd2-4d0b810b3a4c.mp4,2215261,.mp4,video,d2585ff5665adb6eb8baf15c02a6eebfcc69786d22c25602d961da187b2d2e35,2025-12-21T03:28:54.300Z,2025-12-21T03:28:54.303Z,8b659aa9-2f47-4aac-8fd2-4d0b810b3a4c,8b659aa9-2f47-4aac-8fd2-4d0b810b3a4c,false,,,ok,mp4-family
GrokVault,full-vault-scan,/Users/philipbankier/Content/Grok IMagine/greymaker/GrokVault/2025-12-21_Auto/8ba9373d-76e3-4a09-9ebe-471a8d89d14f.png,2025-12-21_Auto/8ba9373d-76e3-4a09-9ebe-471a8d89d14f.png,248694,.png,image,ee6fc4f4133b51d5f5b479e97828befb043fb033b164519bf9d56cde2aad06d8,2025-12-21T00:25:37.652Z,2025-12-21T00:25:37.715Z,8ba9373d-76e3-4a09-9ebe-471a8d89d14f,8ba9373d-76e3-4a09-9ebe-471a8d89d14f,false,,,ok,jpeg
GrokVault,full-vault-scan,/Users/philipbankier/Content/Grok IMagine/greymaker/GrokVault/2025-12-21_Auto/8bead8c3-edfc-4b2e-9d6c-1abc6d3e92d3.png,2025-12-21_Auto/8bead8c3-edfc-4b2e-9d6c-1abc6d3e92d3.png,238686,.png,image,cda90a6717bcf77d2f06e6375e555c0c8d1bc798f47b36172c059abd3d823a60,2025-12-21T03:06:45.960Z,2025-12-21T03:06:46.022Z,8bead8c3-edfc-4b2e-9d6c-1abc6d3e92d3,8bead8c3-edfc-4b2e-9d6c-1abc6d3e92d3,false,,,ok,jpeg
GrokVault,full-vault-scan,/Users/philipbankier/Content/Grok IMagine/greymaker/GrokVault/2025-12-21_Auto/8c279379-18e1-4f77-ae14-5195b3ffa60b.mp4,2025-12-21_Auto/8c279379-18e1-4f77-ae14-5195b3ffa60b.mp4,4010513,.mp4,video,d7a318eb11b924cdff568d1e81497778f2b8eab50eb1e0ec9dd967a3ae51f737,2025-12-21T00:55:56.267Z,2025-12-21T00:55:56.271Z,8c279379-18e1-4f77-ae14-5195b3ffa60b,8c279379-18e1-4f77-ae14-5195b3ffa60b,false,,,ok,mp4-family
GrokVault,full-vault-scan,/Users/philipbankier/Content/Grok IMagine/greymaker/GrokVault/2025-12-21_Auto/8d1f9fbe-b34e-499f-bfd7-69095be13502.png,2025-12-21_Auto/8d1f9fbe-b34e-499f-bfd7-69095be13502.png,141739,.png,image,753ba230aa129eb370721060dfb3e99035da8312a85c1c521349929612a0cbfd,2025-12-21T03:38:53.506Z,2025-12-21T03:38:53.565Z,8d1f9fbe-b34e-499f-bfd7-69095be13502,8d1f9fbe-b34e-499f-bfd7-69095be13502,false,,,ok,jpeg
GrokVault,full-vault-scan,/Users/philipbankier/Content/Grok IMagine/greymaker/GrokVault/2025-12-21_Auto/8e754c65-4329-474e-be73-2a8d84d814ce.mp4,2025-12-21_Auto/8e754c65-4329-474e-be73-2a8d84d814ce.mp4,4173965,.mp4,video,7c5eb8b39cd63224e0377178f60bbe17af52f769dc50b4bdcd912e346152d595,2025-12-21T00:54:01.780Z,2025-12-21T00:54:01.784Z,8e754c65-4329-474e-be73-2a8d84d814ce,8e754c65-4329-474e-be73-2a8d84d814ce,false,,,ok,mp4-family
GrokVault,full-vault-scan,/Users/philipbankier/Content/Grok IMagine/greymaker/GrokVault/2025-12-21_Auto/8e84a27b-6a87-418d-a10a-8fe0fe741d22.png,2025-12-21_Auto/8e84a27b-6a87-418d-a10a-8fe0fe741d22.png,208305,.png,image,0ac5394ab488e8fa3e371bc818a0f59c1d9d17046c4c59e49983a88e31ef319b,2025-12-21T02:07:11.872Z,2025-12-21T02:07:11.931Z,8e84a27b-6a87-418d-a10a-8fe0fe741d22,8e84a27b-6a87-418d-a10a-8fe0fe741d22,false,,,ok,jpeg
GrokVault,full-vault-scan,/Users/philipbankier/Content/Grok IMagine/greymaker/GrokVault/2025-12-21_Auto/8e9e1419-db24-4177-a20a-8bac6f2c988b.png,2025-12-21_Auto/8e9e1419-db24-4177-a20a-8bac6f2c988b.png,222417,.png,image,a77eb29a9511b11a2f74cc7e8a918edab35e130a5aeb5a764dd8f1fd01f89b91,2025-12-21T03:04:31.444Z,2025-12-21T03:04:31.500Z,8e9e1419-db24-4177-a20a-8bac6f2c988b,8e9e1419-db24-4177-a20a-8bac6f2c988b,false,,,ok,jpeg
GrokVault,full-vault-scan,/Users/philipbankier/Content/Grok IMagine/greymaker/GrokVault/2025-12-21_Auto/8eeea08f-e03a-49c3-9ef4-55a0004c0ece.png,2025-12-21_Auto/8eeea08f-e03a-49c3-9ef4-55a0004c0ece.png,298142,.png,image,51efa7ebc31f14251e417758afd90120d8274b05ed6227ceedffa609df5c9c08,2025-12-21T00:41:02.332Z,2025-12-21T00:41:02.392Z,8eeea08f-e03a-49c3-9ef4-55a0004c0ece,8eeea08f-e03a-49c3-9ef4-55a0004c0ece,false,,,ok,jpeg
GrokVault,full-vault-scan,/Users/philipbankier/Content/Grok IMagine/greymaker/GrokVault/2025-12-21_Auto/8f48e840-d952-4e43-8af8-3d65ac263b2b.png,2025-12-21_Auto/8f48e840-d952-4e43-8af8-3d65ac263b2b.png,238058,.png,image,73ecd785164eb9148bb737c54d5d47f35feb648686fc704ed2a8ee37265019cf,2025-12-21T00:25:53.488Z,2025-12-21T00:25:53.551Z,8f48e840-d952-4e43-8af8-3d65ac263b2b,8f48e840-d952-4e43-8af8-3d65ac263b2b,false,,,ok,jpeg
GrokVault,full-vault-scan,/Users/philipbankier/Content/Grok IMagine/greymaker/GrokVault/2025-12-21_Auto/8f4c70e0-a67e-49b9-9e22-2273cc6b90cb.mp4,2025-12-21_Auto/8f4c70e0-a67e-49b9-9e22-2273cc6b90cb.mp4,2536138,.mp4,video,f77cda0fa59905a101e124a2a10814fd6cad406e2b341c2eee3427656b7e32da,2025-12-21T03:21:26.741Z,2025-12-21T03:21:26.743Z,8f4c70e0-a67e-49b9-9e22-2273cc6b90cb,8f4c70e0-a67e-49b9-9e22-2273cc6b90cb,false,,,ok,mp4-family
GrokVault,full-vault-scan,/Users/philipbankier/Content/Grok IMagine/greymaker/GrokVault/2025-12-21_Auto/8ff1a5df-da06-47b0-b282-5ba08d284583.png,2025-12-21_Auto/8ff1a5df-da06-47b0-b282-5ba08d284583.png,351161,.png,image,68636a9e2eb7986959ead949539b7e5dec4805b78f3e0e7f0e7e12e13fa41fd9,2025-12-21T00:03:42.354Z,2025-12-21T00:03:42.415Z,8ff1a5df-da06-47b0-b282-5ba08d284583,8ff1a5df-da06-47b0-b282-5ba08d284583,false,,,ok,jpeg
GrokVault,full-vault-scan,/Users/philipbankier/Content/Grok IMagine/greymaker/GrokVault/2025-12-21_Auto/9058c3b4-5577-4f73-ba65-8c7830ca51a3.mp4,2025-12-21_Auto/9058c3b4-5577-4f73-ba65-8c7830ca51a3.mp4,1155497,.mp4,video,b9f1c4806e1b5504c245cc4d7d476812968b91919c2e4697c0ce2ddb890d05b6,2025-12-21T02:19:18.286Z,2025-12-21T02:19:18.287Z,9058c3b4-5577-4f73-ba65-8c7830ca51a3,9058c3b4-5577-4f73-ba65-8c7830ca51a3,false,,,ok,mp4-family
GrokVault,full-vault-scan,/Users/philipbankier/Content/Grok IMagine/greymaker/GrokVault/2025-12-21_Auto/905b2161-00eb-4b3b-92f1-2b4cb6675ee8.png,2025-12-21_Auto/905b2161-00eb-4b3b-92f1-2b4cb6675ee8.png,231614,.png,image,6a3592de4b029f3cd89d63c30abb425c8803b12ed7ce50dc8cac30caf6042f7d,2025-12-21T03:05:15.728Z,2025-12-21T03:05:15.786Z,905b2161-00eb-4b3b-92f1-2b4cb6675ee8,905b2161-00eb-4b3b-92f1-2b4cb6675ee8,false,,,ok,jpeg
GrokVault,full-vault-scan,/Users/philipbankier/Content/Grok IMagine/greymaker/GrokVault/2025-12-21_Auto/90cb2352-a5e7-4cd5-87e5-966efcc24ed0.mp4,2025-12-21_Auto/90cb2352-a5e7-4cd5-87e5-966efcc24ed0.mp4,1972314,.mp4,video,cac38487b93b0ae300b1161aca1797e4d205bac291132362b5a279bf372a9e1a,2025-12-21T01:02:05.842Z,2025-12-21T01:02:05.844Z,90cb2352-a5e7-4cd5-87e5-966efcc24ed0,90cb2352-a5e7-4cd5-87e5-966efcc24ed0,false,,,ok,mp4-family
GrokVault,full-vault-scan,/Users/philipbankier/Content/Grok IMagine/greymaker/GrokVault/2025-12-21_Auto/90f3609b-db6f-4315-9c57-9b80f47aa48c.png,2025-12-21_Auto/90f3609b-db6f-4315-9c57-9b80f47aa48c.png,325038,.png,image,d6e65390b4e21454af8c17aa3890fb4d3955108f39eff1b6c95efa42a7ca670d,2025-12-21T00:07:21.702Z,2025-12-21T00:07:21.762Z,90f3609b-db6f-4315-9c57-9b80f47aa48c,90f3609b-db6f-4315-9c57-9b80f47aa48c,false,,,ok,jpeg
GrokVault,full-vault-scan,/Users/philipbankier/Content/Grok IMagine/greymaker/GrokVault/2025-12-21_Auto/911c51ac-886d-46e2-a3ac-86638f7ef242.png,2025-12-21_Auto/911c51ac-886d-46e2-a3ac-86638f7ef242.png,374430,.png,image,54469db4ed150f62ebc1e194ec3c44462870c1ee420c208641067696bd8e5964,2025-12-21T00:30:26.080Z,2025-12-21T00:30:26.158Z,911c51ac-886d-46e2-a3ac-86638f7ef242,911c51ac-886d-46e2-a3ac-86638f7ef242,false,,,ok,jpeg
GrokVault,full-vault-scan,/Users/philipbankier/Content/Grok IMagine/greymaker/GrokVault/2025-12-21_Auto/91a562c8-24e8-49b0-af93-bbaa19e57965.mp4,2025-12-21_Auto/91a562c8-24e8-49b0-af93-bbaa19e57965.mp4,1318274,.mp4,video,2fe0b816a42c0fe858fb0f7a8e1a92b4fd00653d420920cc03051051c65f5a1e,2025-12-21T01:21:34.822Z,2025-12-21T01:21:34.824Z,91a562c8-24e8-49b0-af93-bbaa19e57965,91a562c8-24e8-49b0-af93-bbaa19e57965,false,,,ok,mp4-family
GrokVault,full-vault-scan,/Users/philipbankier/Content/Grok IMagine/greymaker/GrokVault/2025-12-21_Auto/91e32822-a792-48af-aba3-e0cde5949e55.mp4,2025-12-21_Auto/91e32822-a792-48af-aba3-e0cde5949e55.mp4,2315189,.mp4,video,2b4d9b69bc8d5bc23033c7d67da986f8e7dc3eeca6610adda70b71ec4835f2af,2025-12-21T00:57:34.785Z,2025-12-21T00:57:34.788Z,91e32822-a792-48af-aba3-e0cde5949e55,91e32822-a792-48af-aba3-e0cde5949e55,false,,,ok,mp4-family
GrokVault,full-vault-scan,/Users/philipbankier/Content/Grok IMagine/greymaker/GrokVault/2025-12-21_Auto/9211d27e-2a64-4e70-b320-b19db6e69b62.png,2025-12-21_Auto/9211d27e-2a64-4e70-b320-b19db6e69b62.png,137839,.png,image,d314577148d2629a704cc02d498e4e3472684ae28f656e02ee71dd2478df6ebc,2025-12-21T03:43:04.408Z,2025-12-21T03:43:04.465Z,9211d27e-2a64-4e70-b320-b19db6e69b62,9211d27e-2a64-4e70-b320-b19db6e69b62,false,,,ok,jpeg
GrokVault,full-vault-scan,/Users/philipbankier/Content/Grok IMagine/greymaker/GrokVault/2025-12-21_Auto/927d3530-3543-4a4c-b4ae-defe9f586623.png,2025-12-21_Auto/927d3530-3543-4a4c-b4ae-defe9f586623.png,347946,.png,image,3591689136332e1ebed0033a8a07391e3b76db0ecf2ba4ac0753edac8088fc0c,2025-12-21T00:59:16.031Z,2025-12-21T00:59:16.095Z,927d3530-3543-4a4c-b4ae-defe9f586623,927d3530-3543-4a4c-b4ae-defe9f586623,false,,,ok,jpeg
GrokVault,full-vault-scan,/Users/philipbankier/Content/Grok IMagine/greymaker/GrokVault/2025-12-21_Auto/93c46d2e-172e-45bf-9434-b909f46fbcb8.png,2025-12-21_Auto/93c46d2e-172e-45bf-9434-b909f46fbcb8.png,245165,.png,image,c66df4bca2eafcc5d404d9d2b3b87549fe7c07e4fc88981c22aa525d0159e141,2025-12-21T02:15:30.748Z,2025-12-21T02:15:30.814Z,93c46d2e-172e-45bf-9434-b909f46fbcb8,93c46d2e-172e-45bf-9434-b909f46fbcb8,false,,,ok,jpeg
GrokVault,full-vault-scan,/Users/philipbankier/Content/Grok IMagine/greymaker/GrokVault/2025-12-21_Auto/954b8786-76ef-43b6-931f-a6a0de4e4c0c.png,2025-12-21_Auto/954b8786-76ef-43b6-931f-a6a0de4e4c0c.png,266674,.png,image,5f53c10c37016418f7308fd8a7b1e4540d6e650be8807a5e8e630ee3252499e8,2025-12-21T01:41:02.512Z,2025-12-21T01:41:02.572Z,954b8786-76ef-43b6-931f-a6a0de4e4c0c,954b8786-76ef-43b6-931f-a6a0de4e4c0c,false,,,ok,jpeg
GrokVault,full-vault-scan,/Users/philipbankier/Content/Grok IMagine/greymaker/GrokVault/2025-12-21_Auto/9576920f-7fb2-478d-b0c9-74ad22441b54.mp4,2025-12-21_Auto/9576920f-7fb2-478d-b0c9-74ad22441b54.mp4,2247322,.mp4,video,e95569b21188b2a3ba05e12c63c01097bbb20ce295f9b6429272f42dad3b8efa,2025-12-21T03:09:04.653Z,2025-12-21T03:09:04.655Z,9576920f-7fb2-478d-b0c9-74ad22441b54,9576920f-7fb2-478d-b0c9-74ad22441b54,false,,,ok,mp4-family
GrokVault,full-vault-scan,/Users/philipbankier/Content/Grok IMagine/greymaker/GrokVault/2025-12-21_Auto/96caae23-adc7-4396-9e27-b63e454753c1.png,2025-12-21_Auto/96caae23-adc7-4396-9e27-b63e454753c1.png,242155,.png,image,0f96f4140716ac2e5f7c6b0d84667a89e06691acf87ea3baca04724daf98d1c8,2025-12-21T02:52:16.603Z,2025-12-21T02:52:16.667Z,96caae23-adc7-4396-9e27-b63e454753c1,96caae23-adc7-4396-9e27-b63e454753c1,false,,,ok,jpeg
GrokVault,full-vault-scan,/Users/philipbankier/Content/Grok IMagine/greymaker/GrokVault/2025-12-21_Auto/96da1046-ce71-44b2-beba-fdfb4f40d335.png,2025-12-21_Auto/96da1046-ce71-44b2-beba-fdfb4f40d335.png,276163,.png,image,107012aa9180615e16f43b6ad44d71c45b0f01223d05eecec4c5587009d44c59,2025-12-21T01:39:10.794Z,2025-12-21T01:39:10.864Z,96da1046-ce71-44b2-beba-fdfb4f40d335,96da1046-ce71-44b2-beba-fdfb4f40d335,false,,,ok,jpeg
GrokVault,full-vault-scan,/Users/philipbankier/Content/Grok IMagine/greymaker/GrokVault/2025-12-21_Auto/96ecdb95-326a-4979-8378-dd78eb91ed08.mp4,2025-12-21_Auto/96ecdb95-326a-4979-8378-dd78eb91ed08.mp4,2609991,.mp4,video,4cf5f97b51b4d339f680f0c3594eeccc5113b6d7eb5c7fae6a941732ecc2127c,2025-12-21T02:12:01.958Z,2025-12-21T02:12:01.961Z,96ecdb95-326a-4979-8378-dd78eb91ed08,96ecdb95-326a-4979-8378-dd78eb91ed08,false,,,ok,mp4-family
GrokVault,full-vault-scan,/Users/philipbankier/Content/Grok IMagine/greymaker/GrokVault/2025-12-21_Auto/975fce56-76b6-42c5-b3a7-cbaae1318e57.png,2025-12-21_Auto/975fce56-76b6-42c5-b3a7-cbaae1318e57.png,240937,.png,image,e4e95f7abee0315c45e703d273dc54310f90f12983708afdc85a1dad6f0f0487,2025-12-21T03:00:25.128Z,2025-12-21T03:00:25.187Z,975fce56-76b6-42c5-b3a7-cbaae1318e57,975fce56-76b6-42c5-b3a7-cbaae1318e57,false,,,ok,jpeg
GrokVault,full-vault-scan,/Users/philipbankier/Content/Grok IMagine/greymaker/GrokVault/2025-12-21_Auto/97a7f6ab-5741-4848-bdba-c54155a4fab5.mp4,2025-12-21_Auto/97a7f6ab-5741-4848-bdba-c54155a4fab5.mp4,3982922,.mp4,video,4eec9712225811ac5a6e70b6763978f3412ed2c73304fc7d713a249ab447f34e,2025-12-21T00:56:46.179Z,2025-12-21T00:56:46.184Z,97a7f6ab-5741-4848-bdba-c54155a4fab5,97a7f6ab-5741-4848-bdba-c54155a4fab5,false,,,ok,mp4-family
GrokVault,full-vault-scan,/Users/philipbankier/Content/Grok IMagine/greymaker/GrokVault/2025-12-21_Auto/97c85096-1823-4c9c-8deb-2aee6df1ca87.png,2025-12-21_Auto/97c85096-1823-4c9c-8deb-2aee6df1ca87.png,237213,.png,image,1396322afc602d0036b183681e778c2299ae2eddd311a41857fa7592e6d37b5d,2025-12-21T00:26:59.371Z,2025-12-21T00:26:59.430Z,97c85096-1823-4c9c-8deb-2aee6df1ca87,97c85096-1823-4c9c-8deb-2aee6df1ca87,false,,,ok,jpeg
GrokVault,full-vault-scan,/Users/philipbankier/Content/Grok IMagine/greymaker/GrokVault/2025-12-21_Auto/982d910f-e241-4036-86bd-35f4a6bdcfbe.mp4,2025-12-21_Auto/982d910f-e241-4036-86bd-35f4a6bdcfbe.mp4,2337853,.mp4,video,ba02a286f69b2554328eee0858ef98fab0e49e4b6fec128d68c699b617de222b,2025-12-21T00:03:25.320Z,2025-12-21T00:03:25.323Z,982d910f-e241-4036-86bd-35f4a6bdcfbe,982d910f-e241-4036-86bd-35f4a6bdcfbe,false,,,ok,mp4-family
GrokVault,full-vault-scan,/Users/philipbankier/Content/Grok IMagine/greymaker/GrokVault/2025-12-21_Auto/9878d840-2ed3-48c6-9849-9e74221c8a2c.png,2025-12-21_Auto/9878d840-2ed3-48c6-9849-9e74221c8a2c.png,241370,.png,image,7e81e69678bc940a72723e0277e05f841d05b6989c74ff38f8543cd6c5c96f04,2025-12-21T00:12:21.968Z,2025-12-21T00:12:22.009Z,9878d840-2ed3-48c6-9849-9e74221c8a2c,9878d840-2ed3-48c6-9849-9e74221c8a2c,false,,,ok,jpeg
GrokVault,full-vault-scan,/Users/philipbankier/Content/Grok IMagine/greymaker/GrokVault/2025-12-21_Auto/98e1df57-a693-417f-8913-dbb9eddbc473.mp4,2025-12-21_Auto/98e1df57-a693-417f-8913-dbb9eddbc473.mp4,1831227,.mp4,video,8823962e80a9d1772893e30908ab11d5e88559252958eaf758d799b4eb241356,2025-12-21T03:12:07.218Z,2025-12-21T03:12:07.219Z,98e1df57-a693-417f-8913-dbb9eddbc473,98e1df57-a693-417f-8913-dbb9eddbc473,false,,,ok,mp4-family
GrokVault,full-vault-scan,/Users/philipbankier/Content/Grok IMagine/greymaker/GrokVault/2025-12-21_Auto/98fbb3e3-faef-46b0-8673-0dcb0e3a1978.mp4,2025-12-21_Auto/98fbb3e3-faef-46b0-8673-0dcb0e3a1978.mp4,2408890,.mp4,video,36f03be37cb9bd90dcc61b44975548199a45dda54553751ff03b5983f3876d52,2025-12-21T02:18:17.021Z,2025-12-21T02:18:17.022Z,98fbb3e3-faef-46b0-8673-0dcb0e3a1978,98fbb3e3-faef-46b0-8673-0dcb0e3a1978,false,,,ok,mp4-family
GrokVault,full-vault-scan,/Users/philipbankier/Content/Grok IMagine/greymaker/GrokVault/2025-12-21_Auto/990e847e-3e4c-48c2-85ce-4750257a87dd.mp4,2025-12-21_Auto/990e847e-3e4c-48c2-85ce-4750257a87dd.mp4,1090459,.mp4,video,1c7093b4578158512f0ba2d83ec8cc2e533368c33aa4501594de305cdf8a8982,2025-12-21T02:04:30.781Z,2025-12-21T02:04:30.783Z,990e847e-3e4c-48c2-85ce-4750257a87dd,990e847e-3e4c-48c2-85ce-4750257a87dd,false,,,ok,mp4-family
GrokVault,full-vault-scan,/Users/philipbankier/Content/Grok IMagine/greymaker/GrokVault/2025-12-21_Auto/99154322-2099-4042-bc60-add0b46f5526.mp4,2025-12-21_Auto/99154322-2099-4042-bc60-add0b46f5526.mp4,2940946,.mp4,video,1056df76edfbaa3a5a316c079b56299610dca727dc8e0e90bd5b5c7f9b149e63,2025-12-21T03:20:17.221Z,2025-12-21T03:20:17.224Z,99154322-2099-4042-bc60-add0b46f5526,99154322-2099-4042-bc60-add0b46f5526,false,,,ok,mp4-family
GrokVault,full-vault-scan,/Users/philipbankier/Content/Grok IMagine/greymaker/GrokVault/2025-12-21_Auto/9a3c7a64-5fde-4b04-ad98-45801f75928c.png,2025-12-21_Auto/9a3c7a64-5fde-4b04-ad98-45801f75928c.png,263741,.png,image,029a5324ecbbeda5e9971d03783e19f1252b9265e0c79a88845d1325658b52fb,2025-12-21T02:20:41.316Z,2025-12-21T02:20:41.335Z,9a3c7a64-5fde-4b04-ad98-45801f75928c,9a3c7a64-5fde-4b04-ad98-45801f75928c,false,,,ok,jpeg
GrokVault,full-vault-scan,/Users/philipbankier/Content/Grok IMagine/greymaker/GrokVault/2025-12-21_Auto/9a7911cf-c906-45c0-8de6-1b05095b9582.png,2025-12-21_Auto/9a7911cf-c906-45c0-8de6-1b05095b9582.png,231897,.png,image,fb06643d38668732ad5dac2c096b8e42794ce42c6cb936ab7e2be877c46e8369,2025-12-21T00:26:10.600Z,2025-12-21T00:26:10.662Z,9a7911cf-c906-45c0-8de6-1b05095b9582,9a7911cf-c906-45c0-8de6-1b05095b9582,false,,,ok,jpeg
GrokVault,full-vault-scan,/Users/philipbankier/Content/Grok IMagine/greymaker/GrokVault/2025-12-21_Auto/9ab3dc79-0622-4ffa-aa06-4be327b9465d.png,2025-12-21_Auto/9ab3dc79-0622-4ffa-aa06-4be327b9465d.png,229584,.png,image,cab76a6dd4f315e978ddbf727c34df96e331babc1806cce958665dd98178be18,2025-12-21T01:31:09.170Z,2025-12-21T01:31:09.303Z,9ab3dc79-0622-4ffa-aa06-4be327b9465d,9ab3dc79-0622-4ffa-aa06-4be327b9465d,false,,,ok,jpeg
GrokVault,full-vault-scan,/Users/philipbankier/Content/Grok IMagine/greymaker/GrokVault/2025-12-21_Auto/9ab5d120-2bb1-4988-8eea-ec7c59f031b9.mp4,2025-12-21_Auto/9ab5d120-2bb1-4988-8eea-ec7c59f031b9.mp4,1506972,.mp4,video,70081a41e10732169053039839d73febf225c595e0ae0b0099581d4c42923c7a,2025-12-21T03:25:18.616Z,2025-12-21T03:25:18.617Z,9ab5d120-2bb1-4988-8eea-ec7c59f031b9,9ab5d120-2bb1-4988-8eea-ec7c59f031b9,false,,,ok,mp4-family
GrokVault,full-vault-scan,/Users/philipbankier/Content/Grok IMagine/greymaker/GrokVault/2025-12-21_Auto/9aca15ee-3e64-497c-bdba-1c278fbc65ed.png,2025-12-21_Auto/9aca15ee-3e64-497c-bdba-1c278fbc65ed.png,239516,.png,image,dbe13a1a1ce256f90dcea1a7f207f0d030001f912da56328b5270a5b7238461b,2025-12-21T02:17:56.299Z,2025-12-21T02:17:56.359Z,9aca15ee-3e64-497c-bdba-1c278fbc65ed,9aca15ee-3e64-497c-bdba-1c278fbc65ed,false,,,ok,jpeg
GrokVault,full-vault-scan,/Users/philipbankier/Content/Grok IMagine/greymaker/GrokVault/2025-12-21_Auto/9b06df53-93b4-4193-9559-e8c35c4de038.png,2025-12-21_Auto/9b06df53-93b4-4193-9559-e8c35c4de038.png,205876,.png,image,2a17f823520b945217bbf164d10308126508f90057477a5567ad22fcfbed2faa,2025-12-21T02:27:13.907Z,2025-12-21T02:27:13.969Z,9b06df53-93b4-4193-9559-e8c35c4de038,9b06df53-93b4-4193-9559-e8c35c4de038,false,,,ok,jpeg
GrokVault,full-vault-scan,/Users/philipbankier/Content/Grok IMagine/greymaker/GrokVault/2025-12-21_Auto/9b303da1-c84d-4388-8b1e-1e076c5803bd.mp4,2025-12-21_Auto/9b303da1-c84d-4388-8b1e-1e076c5803bd.mp4,2107963,.mp4,video,0f13c992569233d6c2319e73e6e6dfe6f977ce772136950b65109e2273f4e6a8,2025-12-21T00:00:35.778Z,2025-12-21T00:00:35.780Z,9b303da1-c84d-4388-8b1e-1e076c5803bd,9b303da1-c84d-4388-8b1e-1e076c5803bd,false,,,ok,mp4-family
GrokVault,full-vault-scan,/Users/philipbankier/Content/Grok IMagine/greymaker/GrokVault/2025-12-21_Auto/9c52e0d7-01ce-4a5c-b5f7-7cf010037fd5.mp4,2025-12-21_Auto/9c52e0d7-01ce-4a5c-b5f7-7cf010037fd5.mp4,4572887,.mp4,video,676c723b29353d9f6c49c64e15c616bb177c3949f570951aa37a46bae8a35e5c,2025-12-21T00:18:10.227Z,2025-12-21T00:18:10.231Z,9c52e0d7-01ce-4a5c-b5f7-7cf010037fd5,9c52e0d7-01ce-4a5c-b5f7-7cf010037fd5,false,,,ok,mp4-family
GrokVault,full-vault-scan,/Users/philipbankier/Content/Grok IMagine/greymaker/GrokVault/2025-12-21_Auto/9c787e03-794f-4bf4-ac6d-9f6b03875364.png,2025-12-21_Auto/9c787e03-794f-4bf4-ac6d-9f6b03875364.png,186663,.png,image,a87c22e397dfdbfc2567e72b127fd48a17bd4a5425eb8ef13232c9e9aa97a106,2025-12-21T02:34:03.113Z,2025-12-21T02:34:03.170Z,9c787e03-794f-4bf4-ac6d-9f6b03875364,9c787e03-794f-4bf4-ac6d-9f6b03875364,false,,,ok,jpeg
GrokVault,full-vault-scan,/Users/philipbankier/Content/Grok IMagine/greymaker/GrokVault/2025-12-21_Auto/9d45dd05-2893-40b6-a954-e42b470e9c25.mp4,2025-12-21_Auto/9d45dd05-2893-40b6-a954-e42b470e9c25.mp4,2951657,.mp4,video,28ea21801071e0c144459c72a9e080ae69223484032d273f033186e4bc7474f8,2025-12-21T02:59:41.534Z,2025-12-21T02:59:41.537Z,9d45dd05-2893-40b6-a954-e42b470e9c25,9d45dd05-2893-40b6-a954-e42b470e9c25,false,,,ok,mp4-family
GrokVault,full-vault-scan,/Users/philipbankier/Content/Grok IMagine/greymaker/GrokVault/2025-12-21_Auto/9d7f9c4e-a0f2-4495-b9a9-f89c6000b519.mp4,2025-12-21_Auto/9d7f9c4e-a0f2-4495-b9a9-f89c6000b519.mp4,2279055,.mp4,video,5b9f4e523b41c4c7f0cd20487e928330a54803d8ea8b1ce32fdd99031da5b3cd,2025-12-21T03:20:40.300Z,2025-12-21T03:20:40.303Z,9d7f9c4e-a0f2-4495-b9a9-f89c6000b519,9d7f9c4e-a0f2-4495-b9a9-f89c6000b519,false,,,ok,mp4-family
GrokVault,full-vault-scan,/Users/philipbankier/Content/Grok IMagine/greymaker/GrokVault/2025-12-21_Auto/9d8e158a-23fb-4433-9bca-d0ceb85bf4a8.png,2025-12-21_Auto/9d8e158a-23fb-4433-9bca-d0ceb85bf4a8.png,165426,.png,image,0a47613c7a48b7ad40e57d26a3f6cc1561b2aeb59aad06a77a495faff4aacb7a,2025-12-21T03:36:26.526Z,2025-12-21T03:36:26.584Z,9d8e158a-23fb-4433-9bca-d0ceb85bf4a8,9d8e158a-23fb-4433-9bca-d0ceb85bf4a8,false,,,ok,jpeg
GrokVault,full-vault-scan,/Users/philipbankier/Content/Grok IMagine/greymaker/GrokVault/2025-12-21_Auto/9e0db808-3374-4220-bba8-f98ef295a0bc.mp4,2025-12-21_Auto/9e0db808-3374-4220-bba8-f98ef295a0bc.mp4,956044,.mp4,video,1d634729567d866bc835ff2669a6071d8d030c6d2b6e34780d630b98195e4257,2025-12-21T01:48:53.125Z,2025-12-21T01:48:53.127Z,9e0db808-3374-4220-bba8-f98ef295a0bc,9e0db808-3374-4220-bba8-f98ef295a0bc,false,,,ok,mp4-family
GrokVault,full-vault-scan,/Users/philipbankier/Content/Grok IMagine/greymaker/GrokVault/2025-12-21_Auto/9e195127-4a8b-4d82-816a-1966a86d019a.png,2025-12-21_Auto/9e195127-4a8b-4d82-816a-1966a86d019a.png,287096,.png,image,66735b969f98ed650a13a6a691ab3f21ee8afd3480242c78fc10456f89e1f45b,2025-12-21T01:01:12.760Z,2025-12-21T01:01:12.821Z,9e195127-4a8b-4d82-816a-1966a86d019a,9e195127-4a8b-4d82-816a-1966a86d019a,false,,,ok,jpeg
GrokVault,full-vault-scan,/Users/philipbankier/Content/Grok IMagine/greymaker/GrokVault/2025-12-21_Auto/9e3623c0-1a28-4ecf-a230-a948235a76ef.mp4,2025-12-21_Auto/9e3623c0-1a28-4ecf-a230-a948235a76ef.mp4,2613447,.mp4,video,13c03d4b01a3301eafa5394f2c1846fb3c04d2071d18fd3105e9be54e0a2c1e0,2025-12-21T03:07:15.523Z,2025-12-21T03:07:15.525Z,9e3623c0-1a28-4ecf-a230-a948235a76ef,9e3623c0-1a28-4ecf-a230-a948235a76ef,false,,,ok,mp4-family
GrokVault,full-vault-scan,/Users/philipbankier/Content/Grok IMagine/greymaker/GrokVault/2025-12-21_Auto/9e555489-b599-4fbf-abf2-a98bf5551029.mp4,2025-12-21_Auto/9e555489-b599-4fbf-abf2-a98bf5551029.mp4,1873885,.mp4,video,12d0139717da5b707b2f6fced60c541eaebadac4b8f919fe822751294515d78e,2025-12-21T01:07:27.979Z,2025-12-21T01:07:27.981Z,9e555489-b599-4fbf-abf2-a98bf5551029,9e555489-b599-4fbf-abf2-a98bf5551029,false,,,ok,mp4-family
GrokVault,full-vault-scan,/Users/philipbankier/Content/Grok IMagine/greymaker/GrokVault/2025-12-21_Auto/9f3133e4-3af1-4dd5-8cec-f4d3b882decd.mp4,2025-12-21_Auto/9f3133e4-3af1-4dd5-8cec-f4d3b882decd.mp4,1245258,.mp4,video,797336665d06e0d49a16ec2fd6a222b554d4ba881ccf7c8e5effd153e733e761,2025-12-21T01:38:33.106Z,2025-12-21T01:38:33.108Z,9f3133e4-3af1-4dd5-8cec-f4d3b882decd,9f3133e4-3af1-4dd5-8cec-f4d3b882decd,false,,,ok,mp4-family
GrokVault,full-vault-scan,/Users/philipbankier/Content/Grok IMagine/greymaker/GrokVault/2025-12-21_Auto/9f39bb20-6778-46ed-b2c0-c678a4edaf1b.mp4,2025-12-21_Auto/9f39bb20-6778-46ed-b2c0-c678a4edaf1b.mp4,1150485,.mp4,video,ea0fd5d044cdab1481a2d88015e84e2baab5e1ef7bc43ed2fe71802c06ef4b7e,2025-12-21T01:18:36.540Z,2025-12-21T01:18:36.541Z,9f39bb20-6778-46ed-b2c0-c678a4edaf1b,9f39bb20-6778-46ed-b2c0-c678a4edaf1b,false,,,ok,mp4-family
GrokVault,full-vault-scan,/Users/philipbankier/Content/Grok IMagine/greymaker/GrokVault/2025-12-21_Auto/9f741cf8-cc67-446e-95f5-7720719377f9.png,2025-12-21_Auto/9f741cf8-cc67-446e-95f5-7720719377f9.png,260091,.png,image,4927aa140b3060c3f790aa63409aa7bb178c96f5764f1b487a34bd875251177b,2025-12-21T02:14:48.188Z,2025-12-21T02:14:48.261Z,9f741cf8-cc67-446e-95f5-7720719377f9,9f741cf8-cc67-446e-95f5-7720719377f9,false,,,ok,jpeg
GrokVault,full-vault-scan,/Users/philipbankier/Content/Grok IMagine/greymaker/GrokVault/2025-12-21_Auto/9f9b048f-f90f-47ab-9180-10bca69b1b55.png,2025-12-21_Auto/9f9b048f-f90f-47ab-9180-10bca69b1b55.png,144207,.png,image,155a8cce91fe9e437121c353aaff21091e8cacee11692d0e79c99412feb5dbdf,2025-12-21T03:41:25.852Z,2025-12-21T03:41:25.910Z,9f9b048f-f90f-47ab-9180-10bca69b1b55,9f9b048f-f90f-47ab-9180-10bca69b1b55,false,,,ok,jpeg
GrokVault,full-vault-scan,/Users/philipbankier/Content/Grok IMagine/greymaker/GrokVault/2025-12-21_Auto/a01e54e0-e434-42ba-a933-8be271c12c44.mp4,2025-12-21_Auto/a01e54e0-e434-42ba-a933-8be271c12c44.mp4,1899290,.mp4,video,53a1ed8b2684a3bac85e10d28122278a63b92985cfa892a436e4f84cdbd0f184,2025-12-21T01:20:07.668Z,2025-12-21T01:20:07.671Z,a01e54e0-e434-42ba-a933-8be271c12c44,a01e54e0-e434-42ba-a933-8be271c12c44,false,,,ok,mp4-family
GrokVault,full-vault-scan,/Users/philipbankier/Content/Grok IMagine/greymaker/GrokVault/2025-12-21_Auto/a04071c3-701b-460d-ad75-87c9a415b507.mp4,2025-12-21_Auto/a04071c3-701b-460d-ad75-87c9a415b507.mp4,966742,.mp4,video,9fa8c3235da62d5bf9b97191566c50c07a6c5b95f056e98b9f3c07a2275c63bd,2025-12-21T03:26:05.748Z,2025-12-21T03:26:05.749Z,a04071c3-701b-460d-ad75-87c9a415b507,a04071c3-701b-460d-ad75-87c9a415b507,false,,,ok,mp4-family
GrokVault,full-vault-scan,/Users/philipbankier/Content/Grok IMagine/greymaker/GrokVault/2025-12-21_Auto/a043214b-5935-4de0-a84a-76fd9f0eab0b.png,2025-12-21_Auto/a043214b-5935-4de0-a84a-76fd9f0eab0b.png,246780,.png,image,cb71a2926a39d69131109f72cc59d6a2000bde6e2927536d5ea10f71a619ffa8,2025-12-21T02:17:35.967Z,2025-12-21T02:17:36.025Z,a043214b-5935-4de0-a84a-76fd9f0eab0b,a043214b-5935-4de0-a84a-76fd9f0eab0b,false,,,ok,jpeg
GrokVault,full-vault-scan,/Users/philipbankier/Content/Grok IMagine/greymaker/GrokVault/2025-12-21_Auto/a09af6c1-3954-48cd-9905-b8579cbe5b89.png,2025-12-21_Auto/a09af6c1-3954-48cd-9905-b8579cbe5b89.png,353713,.png,image,137fba133e00a481497b31fb85095d32a448297326782418f6d474332aaa3b73,2025-12-21T00:37:34.551Z,2025-12-21T00:37:34.621Z,a09af6c1-3954-48cd-9905-b8579cbe5b89,a09af6c1-3954-48cd-9905-b8579cbe5b89,false,,,ok,jpeg
GrokVault,full-vault-scan,/Users/philipbankier/Content/Grok IMagine/greymaker/GrokVault/2025-12-21_Auto/a14e3a42-07fb-42b0-9475-717dba29a0ff.mp4,2025-12-21_Auto/a14e3a42-07fb-42b0-9475-717dba29a0ff.mp4,2502228,.mp4,video,bbca6af4bdf457a315bcb45ad6a7d0225be837076b2cd5cede35520809beffcd,2025-12-21T00:02:53.532Z,2025-12-21T00:02:53.539Z,a14e3a42-07fb-42b0-9475-717dba29a0ff,a14e3a42-07fb-42b0-9475-717dba29a0ff,false,,,ok,mp4-family
GrokVault,full-vault-scan,/Users/philipbankier/Content/Grok IMagine/greymaker/GrokVault/2025-12-21_Auto/a15fdd63-9e42-4464-84ba-664ab944caa0.png,2025-12-21_Auto/a15fdd63-9e42-4464-84ba-664ab944caa0.png,212058,.png,image,dc4c119c3c6d32d7037a29a8a999578a87d90502a0946c74490ca255ff44eb4e,2025-12-21T02:39:24.270Z,2025-12-21T02:39:24.328Z,a15fdd63-9e42-4464-84ba-664ab944caa0,a15fdd63-9e42-4464-84ba-664ab944caa0,false,,,ok,jpeg
GrokVault,full-vault-scan,/Users/philipbankier/Content/Grok IMagine/greymaker/GrokVault/2025-12-21_Auto/a1c18d42-4880-4aa3-874f-6ece6db4909a.mp4,2025-12-21_Auto/a1c18d42-4880-4aa3-874f-6ece6db4909a.mp4,1675900,.mp4,video,561d7184805f0e9c264b6158a915c0bad2d21577544361b54aaf9a321a73366f,2025-12-21T03:14:00.195Z,2025-12-21T03:14:00.196Z,a1c18d42-4880-4aa3-874f-6ece6db4909a,a1c18d42-4880-4aa3-874f-6ece6db4909a,false,,,ok,mp4-family
GrokVault,full-vault-scan,/Users/philipbankier/Content/Grok IMagine/greymaker/GrokVault/2025-12-21_Auto/a20e75fc-aae7-412d-a21a-ff3df2b312b0.png,2025-12-21_Auto/a20e75fc-aae7-412d-a21a-ff3df2b312b0.png,245489,.png,image,55577c51a92450d56aa2d31fd3a630f42aaf2d866608101e10859da64c39352b,2025-12-21T02:54:29.823Z,2025-12-21T02:54:29.886Z,a20e75fc-aae7-412d-a21a-ff3df2b312b0,a20e75fc-aae7-412d-a21a-ff3df2b312b0,false,,,ok,jpeg
GrokVault,full-vault-scan,/Users/philipbankier/Content/Grok IMagine/greymaker/GrokVault/2025-12-21_Auto/a249cc51-b670-4b65-b455-f19553045a0e.png,2025-12-21_Auto/a249cc51-b670-4b65-b455-f19553045a0e.png,294856,.png,image,6415a7c28388a6c873b4095bf20ff97bb84b0067a31e56744e296e532df41264,2025-12-21T00:51:19.611Z,2025-12-21T00:51:19.673Z,a249cc51-b670-4b65-b455-f19553045a0e,a249cc51-b670-4b65-b455-f19553045a0e,false,,,ok,jpeg
GrokVault,full-vault-scan,/Users/philipbankier/Content/Grok IMagine/greymaker/GrokVault/2025-12-21_Auto/a2ecf05b-3ab3-4cd3-9082-fe8bb0d3f93d.png,2025-12-21_Auto/a2ecf05b-3ab3-4cd3-9082-fe8bb0d3f93d.png,254529,.png,image,589e3c5a9fb2c0820d7baf599b2e7911ed3243951aa88f241711c6d36c9337f7,2025-12-21T01:49:31.914Z,2025-12-21T01:49:31.971Z,a2ecf05b-3ab3-4cd3-9082-fe8bb0d3f93d,a2ecf05b-3ab3-4cd3-9082-fe8bb0d3f93d,false,,,ok,jpeg
GrokVault,full-vault-scan,/Users/philipbankier/Content/Grok IMagine/greymaker/GrokVault/2025-12-21_Auto/a483afc2-6241-41d1-b16d-0189bf29e5d1.mp4,2025-12-21_Auto/a483afc2-6241-41d1-b16d-0189bf29e5d1.mp4,2523960,.mp4,video,0932bbf603a9bcf1fb2dfa732a106054e9a7362c7f10240fbfb27fda4ad56246,2025-12-21T03:32:03.909Z,2025-12-21T03:32:03.910Z,a483afc2-6241-41d1-b16d-0189bf29e5d1,a483afc2-6241-41d1-b16d-0189bf29e5d1,false,,,ok,mp4-family
GrokVault,full-vault-scan,/Users/philipbankier/Content/Grok IMagine/greymaker/GrokVault/2025-12-21_Auto/a48e966b-5b8a-4344-a70b-35a107415f38.png,2025-12-21_Auto/a48e966b-5b8a-4344-a70b-35a107415f38.png,151225,.png,image,43c134557b3b5372f2eece19e8f39875f64a110a59036b3f50c3ba145dfef525,2025-12-21T03:39:43.602Z,2025-12-21T03:39:43.666Z,a48e966b-5b8a-4344-a70b-35a107415f38,a48e966b-5b8a-4344-a70b-35a107415f38,false,,,ok,jpeg
GrokVault,full-vault-scan,/Users/philipbankier/Content/Grok IMagine/greymaker/GrokVault/2025-12-21_Auto/a5c910c8-0fa1-4f81-91be-e914ec190ea7.png,2025-12-21_Auto/a5c910c8-0fa1-4f81-91be-e914ec190ea7.png,209947,.png,image,c50cd2ce6118731f24305e1bd66ff3bb5913f57271cfa267a88b1d5f11f85f3b,2025-12-21T02:29:01.774Z,2025-12-21T02:29:01.833Z,a5c910c8-0fa1-4f81-91be-e914ec190ea7,a5c910c8-0fa1-4f81-91be-e914ec190ea7,false,,,ok,jpeg
GrokVault,full-vault-scan,/Users/philipbankier/Content/Grok IMagine/greymaker/GrokVault/2025-12-21_Auto/a5f2cdd4-7d04-4f9b-95b5-775cdfb2a272.png,2025-12-21_Auto/a5f2cdd4-7d04-4f9b-95b5-775cdfb2a272.png,238938,.png,image,2d4d06d31e4c0bc2b09700cde3f76b2c1c23420466fae588b50c0b850a7ae40a,2025-12-21T02:14:28.185Z,2025-12-21T02:14:28.250Z,a5f2cdd4-7d04-4f9b-95b5-775cdfb2a272,a5f2cdd4-7d04-4f9b-95b5-775cdfb2a272,false,,,ok,jpeg
GrokVault,full-vault-scan,/Users/philipbankier/Content/Grok IMagine/greymaker/GrokVault/2025-12-21_Auto/a6267ca0-eeb7-496e-b817-4082bbd3f499.png,2025-12-21_Auto/a6267ca0-eeb7-496e-b817-4082bbd3f499.png,216353,.png,image,c4584d282e8cbe642e00c9eda2ba3cd1efd51bc13b24cc7875e2ebc6da66d2e1,2025-12-21T03:15:37.098Z,2025-12-21T03:15:37.167Z,a6267ca0-eeb7-496e-b817-4082bbd3f499,a6267ca0-eeb7-496e-b817-4082bbd3f499,false,,,ok,jpeg
GrokVault,full-vault-scan,/Users/philipbankier/Content/Grok IMagine/greymaker/GrokVault/2025-12-21_Auto/a690206b-629d-41d2-9619-f16894043feb.png,2025-12-21_Auto/a690206b-629d-41d2-9619-f16894043feb.png,240330,.png,image,ba33b0387cdca868a1bf62bbafbf539f5cbbed95fcc361986757d381f59e8fba,2025-12-21T02:36:50.425Z,2025-12-21T02:36:50.488Z,a690206b-629d-41d2-9619-f16894043feb,a690206b-629d-41d2-9619-f16894043feb,false,,,ok,jpeg
GrokVault,full-vault-scan,/Users/philipbankier/Content/Grok IMagine/greymaker/GrokVault/2025-12-21_Auto/a6b51b87-cd94-4d38-9b63-66aaccd2b26a.mp4,2025-12-21_Auto/a6b51b87-cd94-4d38-9b63-66aaccd2b26a.mp4,1711652,.mp4,video,e01ce13373669da24a7bddd9a71ed4c839bf1fa1e61ce76cc8ffba8d8173c555,2025-12-21T00:21:13.631Z,2025-12-21T00:21:13.633Z,a6b51b87-cd94-4d38-9b63-66aaccd2b26a,a6b51b87-cd94-4d38-9b63-66aaccd2b26a,false,,,ok,mp4-family
GrokVault,full-vault-scan,/Users/philipbankier/Content/Grok IMagine/greymaker/GrokVault/2025-12-21_Auto/a740763b-44fb-41e4-8a91-d1e143c52b6a.mp4,2025-12-21_Auto/a740763b-44fb-41e4-8a91-d1e143c52b6a.mp4,1617968,.mp4,video,f7519b7f462232a8b1da2efb8d8a5d7d7736878bb56730a3f7a1eb1106dab7e7,2025-12-21T02:05:28.422Z,2025-12-21T02:05:28.424Z,a740763b-44fb-41e4-8a91-d1e143c52b6a,a740763b-44fb-41e4-8a91-d1e143c52b6a,false,,,ok,mp4-family
GrokVault,full-vault-scan,/Users/philipbankier/Content/Grok IMagine/greymaker/GrokVault/2025-12-21_Auto/a7db6422-71dc-4012-bb8b-1172fb8c6af8.png,2025-12-21_Auto/a7db6422-71dc-4012-bb8b-1172fb8c6af8.png,178377,.png,image,7f8098626b5b7d7e5802ce1500269e413e9af6cdf680226103686a4d5df602c3,2025-12-21T00:32:33.742Z,2025-12-21T00:32:33.801Z,a7db6422-71dc-4012-bb8b-1172fb8c6af8,a7db6422-71dc-4012-bb8b-1172fb8c6af8,false,,,ok,jpeg
GrokVault,full-vault-scan,/Users/philipbankier/Content/Grok IMagine/greymaker/GrokVault/2025-12-21_Auto/a8adead6-e14a-4ac0-a46c-71b6127543d6.png,2025-12-21_Auto/a8adead6-e14a-4ac0-a46c-71b6127543d6.png,308876,.png,image,8b9edda787048a632571d4f302c621506d82326a6095b88ad449dd2c85f40e4a,2025-12-21T00:41:34.211Z,2025-12-21T00:41:34.272Z,a8adead6-e14a-4ac0-a46c-71b6127543d6,a8adead6-e14a-4ac0-a46c-71b6127543d6,false,,,ok,jpeg
GrokVault,full-vault-scan,/Users/philipbankier/Content/Grok IMagine/greymaker/GrokVault/2025-12-21_Auto/a8b448bb-9168-4513-be48-f153d31d2a2e.png,2025-12-21_Auto/a8b448bb-9168-4513-be48-f153d31d2a2e.png,236929,.png,image,df4c35c7cba98a0f9dbacd1378f2abf82273ae4bcc385fd472bd8ec7feed3547,2025-12-21T01:15:58.947Z,2025-12-21T01:15:59.004Z,a8b448bb-9168-4513-be48-f153d31d2a2e,a8b448bb-9168-4513-be48-f153d31d2a2e,false,,,ok,jpeg
GrokVault,full-vault-scan,/Users/philipbankier/Content/Grok IMagine/greymaker/GrokVault/2025-12-21_Auto/a953fe0a-28d4-4aaf-b20d-64908b292bfa.png,2025-12-21_Auto/a953fe0a-28d4-4aaf-b20d-64908b292bfa.png,230260,.png,image,9170adf68fb84b13d25642b1df01bea9f0cb25b87c552a109b64b16917d8604f,2025-12-21T03:13:38.372Z,2025-12-21T03:13:38.426Z,a953fe0a-28d4-4aaf-b20d-64908b292bfa,a953fe0a-28d4-4aaf-b20d-64908b292bfa,false,,,ok,jpeg
GrokVault,full-vault-scan,/Users/philipbankier/Content/Grok IMagine/greymaker/GrokVault/2025-12-21_Auto/a9bf7bcd-d6b2-45ad-bcc8-f9b4acdc8c9d.mp4,2025-12-21_Auto/a9bf7bcd-d6b2-45ad-bcc8-f9b4acdc8c9d.mp4,2402862,.mp4,video,d9df99d08b397462d1814ead9aa43ab7289f8fc978eeca44cadb46758b40df0a,2025-12-21T03:32:51.492Z,2025-12-21T03:32:51.494Z,a9bf7bcd-d6b2-45ad-bcc8-f9b4acdc8c9d,a9bf7bcd-d6b2-45ad-bcc8-f9b4acdc8c9d,false,,,ok,mp4-family
GrokVault,full-vault-scan,/Users/philipbankier/Content/Grok IMagine/greymaker/GrokVault/2025-12-21_Auto/aa0542d6-ad0b-4570-9917-9786d870b62e.png,2025-12-21_Auto/aa0542d6-ad0b-4570-9917-9786d870b62e.png,201230,.png,image,7ce0f2f3d2c11565a853e015bef956f209063621ade294de1cf19ec7bb615790,2025-12-21T01:19:13.247Z,2025-12-21T01:19:13.294Z,aa0542d6-ad0b-4570-9917-9786d870b62e,aa0542d6-ad0b-4570-9917-9786d870b62e,false,,,ok,jpeg
GrokVault,full-vault-scan,/Users/philipbankier/Content/Grok IMagine/greymaker/GrokVault/2025-12-21_Auto/aa7bffe7-5fa2-4db0-925d-6fe95c5612eb.png,2025-12-21_Auto/aa7bffe7-5fa2-4db0-925d-6fe95c5612eb.png,314462,.png,image,5db7787b32d19fcc19de8faffc9c023feedb44802bcbfce72842c140605c023d,2025-12-21T01:44:27.779Z,2025-12-21T01:44:27.850Z,aa7bffe7-5fa2-4db0-925d-6fe95c5612eb,aa7bffe7-5fa2-4db0-925d-6fe95c5612eb,false,,,ok,jpeg
GrokVault,full-vault-scan,/Users/philipbankier/Content/Grok IMagine/greymaker/GrokVault/2025-12-21_Auto/aac7b557-275b-4c60-8f92-2f6d70f3228a.mp4,2025-12-21_Auto/aac7b557-275b-4c60-8f92-2f6d70f3228a.mp4,1025363,.mp4,video,aaa50e92071d49f7006401f7b13c5e5a407c40e90ea5c49feadbce81286b6b41,2025-12-21T03:12:51.786Z,2025-12-21T03:12:51.787Z,aac7b557-275b-4c60-8f92-2f6d70f3228a,aac7b557-275b-4c60-8f92-2f6d70f3228a,false,,,ok,mp4-family
GrokVault,full-vault-scan,/Users/philipbankier/Content/Grok IMagine/greymaker/GrokVault/2025-12-21_Auto/aae3839e-3415-40ff-95b3-a67914988eeb.png,2025-12-21_Auto/aae3839e-3415-40ff-95b3-a67914988eeb.png,291549,.png,image,c7e94bd73ad28a3f92e9e5cb373be5979b26012840bd1a8113ef9c630296efb4,2025-12-21T00:30:58.035Z,2025-12-21T00:30:58.093Z,aae3839e-3415-40ff-95b3-a67914988eeb,aae3839e-3415-40ff-95b3-a67914988eeb,false,,,ok,jpeg
GrokVault,full-vault-scan,/Users/philipbankier/Content/Grok IMagine/greymaker/GrokVault/2025-12-21_Auto/ab334946-b19b-4eb5-809b-73798965e62d.png,2025-12-21_Auto/ab334946-b19b-4eb5-809b-73798965e62d.png,299684,.png,image,ec404e7c3d775b4a89155f51e5b6a9e63f2efdd283bf62f14fc73f7e344aaaa1,2025-12-21T00:17:40.428Z,2025-12-21T00:17:40.487Z,ab334946-b19b-4eb5-809b-73798965e62d,ab334946-b19b-4eb5-809b-73798965e62d,false,,,ok,jpeg
GrokVault,full-vault-scan,/Users/philipbankier/Content/Grok IMagine/greymaker/GrokVault/2025-12-21_Auto/ac3bd655-02b8-4fb8-804e-098d0a757028.mp4,2025-12-21_Auto/ac3bd655-02b8-4fb8-804e-098d0a757028.mp4,1581199,.mp4,video,b265abd9aee152ece6a595cc8f405b13faa05e3df0f6434cc92387e08c291ee7,2025-12-21T00:10:12.030Z,2025-12-21T00:10:12.033Z,ac3bd655-02b8-4fb8-804e-098d0a757028,ac3bd655-02b8-4fb8-804e-098d0a757028,false,,,ok,mp4-family
GrokVault,full-vault-scan,/Users/philipbankier/Content/Grok IMagine/greymaker/GrokVault/2025-12-21_Auto/ac42f232-cb36-4e87-853c-09a6a87cca59.png,2025-12-21_Auto/ac42f232-cb36-4e87-853c-09a6a87cca59.png,231900,.png,image,a5facf5f099d9d2dc9b03ef9ded954aa574e532d292081e023a7dfbc18b515ef,2025-12-21T00:49:07.877Z,2025-12-21T00:49:07.938Z,ac42f232-cb36-4e87-853c-09a6a87cca59,ac42f232-cb36-4e87-853c-09a6a87cca59,false,,,ok,jpeg
GrokVault,full-vault-scan,/Users/philipbankier/Content/Grok IMagine/greymaker/GrokVault/2025-12-21_Auto/ad04d0ee-baf5-4980-9f8e-8bbe17d0f71c.mp4,2025-12-21_Auto/ad04d0ee-baf5-4980-9f8e-8bbe17d0f71c.mp4,2785962,.mp4,video,48d98bfd5cc1555be08d8f5000ab6b4e435a4cb406b7f59be2042f3c72b07395,2025-12-21T03:18:43.872Z,2025-12-21T03:18:43.874Z,ad04d0ee-baf5-4980-9f8e-8bbe17d0f71c,ad04d0ee-baf5-4980-9f8e-8bbe17d0f71c,false,,,ok,mp4-family
GrokVault,full-vault-scan,/Users/philipbankier/Content/Grok IMagine/greymaker/GrokVault/2025-12-21_Auto/ad1d0cea-7ada-4d48-8f14-462bca839785.png,2025-12-21_Auto/ad1d0cea-7ada-4d48-8f14-462bca839785.png,264672,.png,image,7d2bba02d08dd20f17d6de0f1a621b547a49151a7aabd33d60f24fa6ffde0dab,2025-12-21T02:57:05.882Z,2025-12-21T02:57:05.949Z,ad1d0cea-7ada-4d48-8f14-462bca839785,ad1d0cea-7ada-4d48-8f14-462bca839785,false,,,ok,jpeg
GrokVault,full-vault-scan,/Users/philipbankier/Content/Grok IMagine/greymaker/GrokVault/2025-12-21_Auto/ad70f7bb-ed82-4827-b519-2a1c97ff4fa4.png,2025-12-21_Auto/ad70f7bb-ed82-4827-b519-2a1c97ff4fa4.png,266899,.png,image,52731267a8f1c8625965e9cb9b48f3936d909c590df37e6b401412ecfb2d50c1,2025-12-21T00:15:34.829Z,2025-12-21T00:15:34.890Z,ad70f7bb-ed82-4827-b519-2a1c97ff4fa4,ad70f7bb-ed82-4827-b519-2a1c97ff4fa4,false,,,ok,jpeg
GrokVault,full-vault-scan,/Users/philipbankier/Content/Grok IMagine/greymaker/GrokVault/2025-12-21_Auto/ae63dd61-9146-48c1-88e2-9a41e1b47515.png,2025-12-21_Auto/ae63dd61-9146-48c1-88e2-9a41e1b47515.png,252716,.png,image,0deb0820aee0782af6a638f5669d4521dbc4f82860b19ec1871730b4df3a0c9b,2025-12-21T00:33:53.575Z,2025-12-21T00:33:53.632Z,ae63dd61-9146-48c1-88e2-9a41e1b47515,ae63dd61-9146-48c1-88e2-9a41e1b47515,false,,,ok,jpeg
GrokVault,full-vault-scan,/Users/philipbankier/Content/Grok IMagine/greymaker/GrokVault/2025-12-21_Auto/af6bda09-2076-4bb0-82f7-c2e5ee1d2a17.mp4,2025-12-21_Auto/af6bda09-2076-4bb0-82f7-c2e5ee1d2a17.mp4,1243999,.mp4,video,2b85e0e771ed68a2b74d8a7506fde661d5699b6081aff8eb6beca33d56788a0a,2025-12-21T03:25:41.764Z,2025-12-21T03:25:41.766Z,af6bda09-2076-4bb0-82f7-c2e5ee1d2a17,af6bda09-2076-4bb0-82f7-c2e5ee1d2a17,false,,,ok,mp4-family
GrokVault,full-vault-scan,/Users/philipbankier/Content/Grok IMagine/greymaker/GrokVault/2025-12-21_Auto/afc48ab1-de7b-45c7-a09e-e3fd1938b6e1.mp4,2025-12-21_Auto/afc48ab1-de7b-45c7-a09e-e3fd1938b6e1.mp4,2705664,.mp4,video,96f1f28923aa3a0a739a025d2f50b2c7c7fd3678078b1cdaac8f86056ac1315a,2025-12-21T00:56:29.633Z,2025-12-21T00:56:29.636Z,afc48ab1-de7b-45c7-a09e-e3fd1938b6e1,afc48ab1-de7b-45c7-a09e-e3fd1938b6e1,false,,,ok,mp4-family
GrokVault,full-vault-scan,/Users/philipbankier/Content/Grok IMagine/greymaker/GrokVault/2025-12-21_Auto/afe4577b-8f48-4084-b09b-b3b8adf9f15d.png,2025-12-21_Auto/afe4577b-8f48-4084-b09b-b3b8adf9f15d.png,239378,.png,image,92938fe61683619232077aea322c93aff05256eb7f457dccb1223bed16d1e39b,2025-12-21T02:01:34.612Z,2025-12-21T02:01:34.670Z,afe4577b-8f48-4084-b09b-b3b8adf9f15d,afe4577b-8f48-4084-b09b-b3b8adf9f15d,false,,,ok,jpeg
GrokVault,full-vault-scan,/Users/philipbankier/Content/Grok IMagine/greymaker/GrokVault/2025-12-21_Auto/b01c93a2-21ec-4e49-a5b5-a0ed34b2fda2.mp4,2025-12-21_Auto/b01c93a2-21ec-4e49-a5b5-a0ed34b2fda2.mp4,2628999,.mp4,video,1f95cf5918f16c2eb23f8edc00f2f6efb27630bfc54872dd42ec746efbe0744f,2025-12-21T00:58:09.074Z,2025-12-21T00:58:09.077Z,b01c93a2-21ec-4e49-a5b5-a0ed34b2fda2,b01c93a2-21ec-4e49-a5b5-a0ed34b2fda2,false,,,ok,mp4-family
GrokVault,full-vault-scan,/Users/philipbankier/Content/Grok IMagine/greymaker/GrokVault/2025-12-21_Auto/b05ef56a-e77a-4224-9d13-51016bb38f38.png,2025-12-21_Auto/b05ef56a-e77a-4224-9d13-51016bb38f38.png,336927,.png,image,8163e58632e0d14aa05aede9e3ed68137735ffeb4e14034780b839cd13b1c0ce,2025-12-21T00:36:00.140Z,2025-12-21T00:36:00.204Z,b05ef56a-e77a-4224-9d13-51016bb38f38,b05ef56a-e77a-4224-9d13-51016bb38f38,false,,,ok,jpeg
GrokVault,full-vault-scan,/Users/philipbankier/Content/Grok IMagine/greymaker/GrokVault/2025-12-21_Auto/b1bb4eb5-f91c-4095-b42d-7a8ac38e308b.png,2025-12-21_Auto/b1bb4eb5-f91c-4095-b42d-7a8ac38e308b.png,231612,.png,image,860fb32568bdfbce8796d3ae0607a35976c13db4626bdcaee6c889e9df6f542a,2025-12-21T02:15:08.859Z,2025-12-21T02:15:08.921Z,b1bb4eb5-f91c-4095-b42d-7a8ac38e308b,b1bb4eb5-f91c-4095-b42d-7a8ac38e308b,false,,,ok,jpeg
GrokVault,full-vault-scan,/Users/philipbankier/Content/Grok IMagine/greymaker/GrokVault/2025-12-21_Auto/b1f49f15-e504-433c-bbaa-fc140f560323.png,2025-12-21_Auto/b1f49f15-e504-433c-bbaa-fc140f560323.png,288229,.png,image,cb48db6c97dde81c4f8f8a8003a1ac79d015addb24ff15fd5a085ac535a103b6,2025-12-21T00:24:50.151Z,2025-12-21T00:24:50.210Z,b1f49f15-e504-433c-bbaa-fc140f560323,b1f49f15-e504-433c-bbaa-fc140f560323,false,,,ok,jpeg
GrokVault,full-vault-scan,/Users/philipbankier/Content/Grok IMagine/greymaker/GrokVault/2025-12-21_Auto/b254de7c-140c-4492-ad4b-3ceb77214ba1.mp4,2025-12-21_Auto/b254de7c-140c-4492-ad4b-3ceb77214ba1.mp4,953406,.mp4,video,2ecc1115779b8f720ac0ec4fd3a17d045af066b034b194e54418303094e25e69,2025-12-21T00:00:20.778Z,2025-12-21T00:00:20.779Z,b254de7c-140c-4492-ad4b-3ceb77214ba1,b254de7c-140c-4492-ad4b-3ceb77214ba1,false,,,ok,mp4-family
GrokVault,full-vault-scan,/Users/philipbankier/Content/Grok IMagine/greymaker/GrokVault/2025-12-21_Auto/b279f586-c4d9-4a79-8e61-67c2385a9292.png,2025-12-21_Auto/b279f586-c4d9-4a79-8e61-67c2385a9292.png,305727,.png,image,9528e461d8a14217a029b9292c239b56d28eb714c665610ae39b89cab370c365,2025-12-21T00:36:15.513Z,2025-12-21T00:36:15.573Z,b279f586-c4d9-4a79-8e61-67c2385a9292,b279f586-c4d9-4a79-8e61-67c2385a9292,false,,,ok,jpeg
GrokVault,full-vault-scan,/Users/philipbankier/Content/Grok IMagine/greymaker/GrokVault/2025-12-21_Auto/b29cced0-6635-4e26-9832-996075d073a6.mp4,2025-12-21_Auto/b29cced0-6635-4e26-9832-996075d073a6.mp4,2781472,.mp4,video,86446ed9af4022cfb1167a0b9656c40517bca8feb896e1fc04fb6d229fd27621,2025-12-21T03:05:00.707Z,2025-12-21T03:05:00.709Z,b29cced0-6635-4e26-9832-996075d073a6,b29cced0-6635-4e26-9832-996075d073a6,false,,,ok,mp4-family
GrokVault,full-vault-scan,/Users/philipbankier/Content/Grok IMagine/greymaker/GrokVault/2025-12-21_Auto/b2bf11d9-640a-4737-99dc-e077d6dfbafd.png,2025-12-21_Auto/b2bf11d9-640a-4737-99dc-e077d6dfbafd.png,250928,.png,image,7fb7fbcaf9b7d0a686458f2a9612f224ca4b63ec511e1613f646693316d99ed7,2025-12-21T02:32:16.805Z,2025-12-21T02:32:16.871Z,b2bf11d9-640a-4737-99dc-e077d6dfbafd,b2bf11d9-640a-4737-99dc-e077d6dfbafd,false,,,ok,jpeg
GrokVault,full-vault-scan,/Users/philipbankier/Content/Grok IMagine/greymaker/GrokVault/2025-12-21_Auto/b2ceb07c-88d7-4694-9cc8-7f6237282b74.png,2025-12-21_Auto/b2ceb07c-88d7-4694-9cc8-7f6237282b74.png,209271,.png,image,d10082bb72b2307de5b2973cb3c3c46146bc477cd6f1846b45922625a4d01e12,2025-12-21T02:30:51.432Z,2025-12-21T02:30:51.490Z,b2ceb07c-88d7-4694-9cc8-7f6237282b74,b2ceb07c-88d7-4694-9cc8-7f6237282b74,false,,,ok,jpeg
GrokVault,full-vault-scan,/Users/philipbankier/Content/Grok IMagine/greymaker/GrokVault/2025-12-21_Auto/b2ef4d97-380f-4c48-9290-0721338efef7.png,2025-12-21_Auto/b2ef4d97-380f-4c48-9290-0721338efef7.png,245584,.png,image,838e4058f2fca437ef171e6c9bba530314ac104dc79154e2f480246e4968049c,2025-12-21T02:34:23.823Z,2025-12-21T02:34:23.888Z,b2ef4d97-380f-4c48-9290-0721338efef7,b2ef4d97-380f-4c48-9290-0721338efef7,false,,,ok,jpeg
GrokVault,full-vault-scan,/Users/philipbankier/Content/Grok IMagine/greymaker/GrokVault/2025-12-21_Auto/b310eae4-5087-4a45-a9b6-dc9514591c96.mp4,2025-12-21_Auto/b310eae4-5087-4a45-a9b6-dc9514591c96.mp4,5436574,.mp4,video,760ae191122280ebe797341ab62244e769d46c04ed4bba298d3c7e8392001368,2025-12-21T01:44:46.631Z,2025-12-21T01:44:46.637Z,b310eae4-5087-4a45-a9b6-dc9514591c96,b310eae4-5087-4a45-a9b6-dc9514591c96,false,,,ok,mp4-family
GrokVault,full-vault-scan,/Users/philipbankier/Content/Grok IMagine/greymaker/GrokVault/2025-12-21_Auto/b33f3585-cc21-431a-94e2-8aaae0084bec.png,2025-12-21_Auto/b33f3585-cc21-431a-94e2-8aaae0084bec.png,254718,.png,image,950f24cdd1fa64a48f9cda24bf9ef25501a4b87b21d4701d98aba3e3b800f978,2025-12-21T03:07:30.801Z,2025-12-21T03:07:30.864Z,b33f3585-cc21-431a-94e2-8aaae0084bec,b33f3585-cc21-431a-94e2-8aaae0084bec,false,,,ok,jpeg
GrokVault,full-vault-scan,/Users/philipbankier/Content/Grok IMagine/greymaker/GrokVault/2025-12-21_Auto/b370f8de-71fc-4bc8-a67b-2135713f2a73.mp4,2025-12-21_Auto/b370f8de-71fc-4bc8-a67b-2135713f2a73.mp4,2105441,.mp4,video,2b1a6fcbe31e067f39a5ce10c25b237a2b398ce8060f183b698f22f2a814abc3,2025-12-21T01:50:29.435Z,2025-12-21T01:50:29.438Z,b370f8de-71fc-4bc8-a67b-2135713f2a73,b370f8de-71fc-4bc8-a67b-2135713f2a73,false,,,ok,mp4-family
GrokVault,full-vault-scan,/Users/philipbankier/Content/Grok IMagine/greymaker/GrokVault/2025-12-21_Auto/b3971353-d01e-4f00-bfa6-5204a76824f4.png,2025-12-21_Auto/b3971353-d01e-4f00-bfa6-5204a76824f4.png,256043,.png,image,b226858d1e78b8ae1515b25b3431185813e898c85914a6521ed6ef57c38b0103,2025-12-21T03:19:55.140Z,2025-12-21T03:19:55.198Z,b3971353-d01e-4f00-bfa6-5204a76824f4,b3971353-d01e-4f00-bfa6-5204a76824f4,false,,,ok,jpeg
GrokVault,full-vault-scan,/Users/philipbankier/Content/Grok IMagine/greymaker/GrokVault/2025-12-21_Auto/b3ae20de-1dc1-4cb4-9450-03b1b88a9d55.mp4,2025-12-21_Auto/b3ae20de-1dc1-4cb4-9450-03b1b88a9d55.mp4,1824082,.mp4,video,595915e9bd4c81469edddd912c7b7e0dbfa0c478828198641718ab7e90115a6a,2025-12-21T00:10:44.590Z,2025-12-21T00:10:44.593Z,b3ae20de-1dc1-4cb4-9450-03b1b88a9d55,b3ae20de-1dc1-4cb4-9450-03b1b88a9d55,false,,,ok,mp4-family
GrokVault,full-vault-scan,/Users/philipbankier/Content/Grok IMagine/greymaker/GrokVault/2025-12-21_Auto/b48a906b-9301-4d12-8d4e-fba21270d93b.mp4,2025-12-21_Auto/b48a906b-9301-4d12-8d4e-fba21270d93b.mp4,2717682,.mp4,video,24ea761baa50fd46d486a663421b46c2eec77abc8668d16bd432d713d5777b54,2025-12-21T01:06:17.960Z,2025-12-21T01:06:17.964Z,b48a906b-9301-4d12-8d4e-fba21270d93b,b48a906b-9301-4d12-8d4e-fba21270d93b,false,,,ok,mp4-family
GrokVault,full-vault-scan,/Users/philipbankier/Content/Grok IMagine/greymaker/GrokVault/2025-12-21_Auto/b513396a-89d6-4aaf-92e1-20737b986976.mp4,2025-12-21_Auto/b513396a-89d6-4aaf-92e1-20737b986976.mp4,1214218,.mp4,video,006f57562deb11c6953a15fd7fe3f710651ea99639658521c9852f3d7c377040,2025-12-21T03:26:29.748Z,2025-12-21T03:26:29.749Z,b513396a-89d6-4aaf-92e1-20737b986976,b513396a-89d6-4aaf-92e1-20737b986976,false,,,ok,mp4-family
GrokVault,full-vault-scan,/Users/philipbankier/Content/Grok IMagine/greymaker/GrokVault/2025-12-21_Auto/b534d70a-e63a-48b6-a9fa-e9fd56c3a596.png,2025-12-21_Auto/b534d70a-e63a-48b6-a9fa-e9fd56c3a596.png,148229,.png,image,306821fa886b1fae63038d00b12e6cfeb09a5ca108d7538aab995daa7d1a0cd6,2025-12-21T03:42:40.066Z,2025-12-21T03:42:40.123Z,b534d70a-e63a-48b6-a9fa-e9fd56c3a596,b534d70a-e63a-48b6-a9fa-e9fd56c3a596,false,,,ok,jpeg
GrokVault,full-vault-scan,/Users/philipbankier/Content/Grok IMagine/greymaker/GrokVault/2025-12-21_Auto/b56e2ac7-08ae-4266-8573-1f4ac693f4a7.png,2025-12-21_Auto/b56e2ac7-08ae-4266-8573-1f4ac693f4a7.png,269297,.png,image,e5b34366253d31eb8286d6bd408fd624a24339c341e41f7e25e62e6fc3f32395,2025-12-21T00:02:37.154Z,2025-12-21T00:02:37.212Z,b56e2ac7-08ae-4266-8573-1f4ac693f4a7,b56e2ac7-08ae-4266-8573-1f4ac693f4a7,false,,,ok,jpeg
GrokVault,full-vault-scan,/Users/philipbankier/Content/Grok IMagine/greymaker/GrokVault/2025-12-21_Auto/b573400b-35b4-4c12-93e9-f8c7b96d6498.mp4,2025-12-21_Auto/b573400b-35b4-4c12-93e9-f8c7b96d6498.mp4,1934619,.mp4,video,35ab0e059945026360e19804d3adf52756eb60561f8835adb79c99db9defb28f,2025-12-21T02:05:09.043Z,2025-12-21T02:05:09.045Z,b573400b-35b4-4c12-93e9-f8c7b96d6498,b573400b-35b4-4c12-93e9-f8c7b96d6498,false,,,ok,mp4-family
GrokVault,full-vault-scan,/Users/philipbankier/Content/Grok IMagine/greymaker/GrokVault/2025-12-21_Auto/b67eb583-d6ab-43b1-9cfb-c51574d464ec.png,2025-12-21_Auto/b67eb583-d6ab-43b1-9cfb-c51574d464ec.png,260646,.png,image,d4eb4dd9876a26d3319b6ac057a088f3a6b33b1bff516a7b74df18d977a9e480,2025-12-21T01:43:31.026Z,2025-12-21T01:43:31.092Z,b67eb583-d6ab-43b1-9cfb-c51574d464ec,b67eb583-d6ab-43b1-9cfb-c51574d464ec,false,,,ok,jpeg
GrokVault,full-vault-scan,/Users/philipbankier/Content/Grok IMagine/greymaker/GrokVault/2025-12-21_Auto/b684c947-376f-46a9-a9c2-515eebc684df.png,2025-12-21_Auto/b684c947-376f-46a9-a9c2-515eebc684df.png,297453,.png,image,db064a24d8739c18a39adbeb353213a4229bf524a0b6199ff69b84e6af01afba,2025-12-21T01:14:14.927Z,2025-12-21T01:14:14.987Z,b684c947-376f-46a9-a9c2-515eebc684df,b684c947-376f-46a9-a9c2-515eebc684df,false,,,ok,jpeg
GrokVault,full-vault-scan,/Users/philipbankier/Content/Grok IMagine/greymaker/GrokVault/2025-12-21_Auto/b68b3e30-8bbe-45d0-8100-baad51e1f12d.mp4,2025-12-21_Auto/b68b3e30-8bbe-45d0-8100-baad51e1f12d.mp4,1708595,.mp4,video,1a46a432ef3ba5b153473c4d57f1de6eec6bb4633abe8b24798c2280e37e64ad,2025-12-21T00:09:40.498Z,2025-12-21T00:09:40.500Z,b68b3e30-8bbe-45d0-8100-baad51e1f12d,b68b3e30-8bbe-45d0-8100-baad51e1f12d,false,,,ok,mp4-family
GrokVault,full-vault-scan,/Users/philipbankier/Content/Grok IMagine/greymaker/GrokVault/2025-12-21_Auto/b695ba9f-d308-43e7-bb15-33bb9ab60fa5.png,2025-12-21_Auto/b695ba9f-d308-43e7-bb15-33bb9ab60fa5.png,237331,.png,image,82fd234356dd3b857fb4791716c4bac3e78f7f21fdf662bb7d1a305d07f05110,2025-12-21T03:15:12.974Z,2025-12-21T03:15:13.055Z,b695ba9f-d308-43e7-bb15-33bb9ab60fa5,b695ba9f-d308-43e7-bb15-33bb9ab60fa5,false,,,ok,jpeg
GrokVault,full-vault-scan,/Users/philipbankier/Content/Grok IMagine/greymaker/GrokVault/2025-12-21_Auto/b830be92-17c0-4ebc-8820-472d8b06a512.mp4,2025-12-21_Auto/b830be92-17c0-4ebc-8820-472d8b06a512.mp4,1192535,.mp4,video,a722ea78ee5c63651c897b6894a50cd357057dee19a9fb7f1f1624857426dfda,2025-12-21T01:04:53.412Z,2025-12-21T01:04:53.414Z,b830be92-17c0-4ebc-8820-472d8b06a512,b830be92-17c0-4ebc-8820-472d8b06a512,false,,,ok,mp4-family
GrokVault,full-vault-scan,/Users/philipbankier/Content/Grok IMagine/greymaker/GrokVault/2025-12-21_Auto/b84f07c0-022f-4a0d-9da0-50c28230b19a.mp4,2025-12-21_Auto/b84f07c0-022f-4a0d-9da0-50c28230b19a.mp4,3941310,.mp4,video,f70f07cb3024ddbcc3473409be54a2027884c67c2df7e996ed9f2e9207c5250f,2025-12-21T00:54:17.846Z,2025-12-21T00:54:17.849Z,b84f07c0-022f-4a0d-9da0-50c28230b19a,b84f07c0-022f-4a0d-9da0-50c28230b19a,false,,,ok,mp4-family
GrokVault,full-vault-scan,/Users/philipbankier/Content/Grok IMagine/greymaker/GrokVault/2025-12-21_Auto/b868b1a4-3fde-45be-81ee-0a68432d1afc.png,2025-12-21_Auto/b868b1a4-3fde-45be-81ee-0a68432d1afc.png,207811,.png,image,2b5a363974dbfe667442935d0bc29ca6d7d79bbcebde316ec4740a1c22944c19,2025-12-21T02:29:24.590Z,2025-12-21T02:29:24.647Z,b868b1a4-3fde-45be-81ee-0a68432d1afc,b868b1a4-3fde-45be-81ee-0a68432d1afc,false,,,ok,jpeg
GrokVault,full-vault-scan,/Users/philipbankier/Content/Grok IMagine/greymaker/GrokVault/2025-12-21_Auto/b87bb38c-185a-4ca6-99d2-d15cfbc086ae.png,2025-12-21_Auto/b87bb38c-185a-4ca6-99d2-d15cfbc086ae.png,254717,.png,image,9516737ee69ab89d712fb26e1a6b5d66b24ad748937073363b0ca66ceed0d37b,2025-12-21T02:35:05.946Z,2025-12-21T02:35:06.009Z,b87bb38c-185a-4ca6-99d2-d15cfbc086ae,b87bb38c-185a-4ca6-99d2-d15cfbc086ae,false,,,ok,jpeg
GrokVault,full-vault-scan,/Users/philipbankier/Content/Grok IMagine/greymaker/GrokVault/2025-12-21_Auto/b8b66b4d-0519-46bb-b465-01a5d3b71c35.mp4,2025-12-21_Auto/b8b66b4d-0519-46bb-b465-01a5d3b71c35.mp4,1212366,.mp4,video,ef954a89fa03bb93b62b867fce7eb420d6cad6dd62572d6bf243ce2820279d0a,2025-12-21T02:07:52.140Z,2025-12-21T02:07:52.141Z,b8b66b4d-0519-46bb-b465-01a5d3b71c35,b8b66b4d-0519-46bb-b465-01a5d3b71c35,false,,,ok,mp4-family
GrokVault,full-vault-scan,/Users/philipbankier/Content/Grok IMagine/greymaker/GrokVault/2025-12-21_Auto/b9ddfc05-9f38-4b77-814a-d85a730b8ab1.png,2025-12-21_Auto/b9ddfc05-9f38-4b77-814a-d85a730b8ab1.png,319699,.png,image,d4c6fd8b342f08775ab339781bd95fc14dd324a03ff8af126dbad1b88585b30b,2025-12-21T00:39:25.968Z,2025-12-21T00:39:26.031Z,b9ddfc05-9f38-4b77-814a-d85a730b8ab1,b9ddfc05-9f38-4b77-814a-d85a730b8ab1,false,,,ok,jpeg
GrokVault,full-vault-scan,/Users/philipbankier/Content/Grok IMagine/greymaker/GrokVault/2025-12-21_Auto/ba0d8588-988b-47db-a56f-22d08f472a98.png,2025-12-21_Auto/ba0d8588-988b-47db-a56f-22d08f472a98.png,240664,.png,image,43f27a4cb352cd33e39c613619e01dec7bdf2a0ffa73282f4d6ef68315fb3c38,2025-12-21T03:01:32.625Z,2025-12-21T03:01:32.683Z,ba0d8588-988b-47db-a56f-22d08f472a98,ba0d8588-988b-47db-a56f-22d08f472a98,false,,,ok,jpeg
GrokVault,full-vault-scan,/Users/philipbankier/Content/Grok IMagine/greymaker/GrokVault/2025-12-21_Auto/ba87a29f-d545-4683-aeb1-fbf0e9cbe981.png,2025-12-21_Auto/ba87a29f-d545-4683-aeb1-fbf0e9cbe981.png,326397,.png,image,0c8f6619b603c52364738ea809ba30fa6428370b1279fd8b06ba51cf688b255b,2025-12-21T00:06:02.124Z,2025-12-21T00:06:02.184Z,ba87a29f-d545-4683-aeb1-fbf0e9cbe981,ba87a29f-d545-4683-aeb1-fbf0e9cbe981,false,,,ok,jpeg
GrokVault,full-vault-scan,/Users/philipbankier/Content/Grok IMagine/greymaker/GrokVault/2025-12-21_Auto/bb6e4df2-fc05-4286-b300-91a9aa09d0fb.png,2025-12-21_Auto/bb6e4df2-fc05-4286-b300-91a9aa09d0fb.png,255245,.png,image,161a0f52af1c171f687aa73388e4b1ba94ac67fdde506e6d3809b20ac33d8b8a,2025-12-21T01:29:00.558Z,2025-12-21T01:29:00.615Z,bb6e4df2-fc05-4286-b300-91a9aa09d0fb,bb6e4df2-fc05-4286-b300-91a9aa09d0fb,false,,,ok,jpeg
GrokVault,full-vault-scan,/Users/philipbankier/Content/Grok IMagine/greymaker/GrokVault/2025-12-21_Auto/bc3c96b0-2a92-4167-8cde-7655bd0877f2.mp4,2025-12-21_Auto/bc3c96b0-2a92-4167-8cde-7655bd0877f2.mp4,1888561,.mp4,video,6ec51ad99382ccf5725e23bad0fa1a0f682060316e743531fbe707cb0b0f9eb1,2025-12-21T03:23:22.111Z,2025-12-21T03:23:22.114Z,bc3c96b0-2a92-4167-8cde-7655bd0877f2,bc3c96b0-2a92-4167-8cde-7655bd0877f2,false,,,ok,mp4-family
GrokVault,full-vault-scan,/Users/philipbankier/Content/Grok IMagine/greymaker/GrokVault/2025-12-21_Auto/bcdf098d-ef9f-4402-aade-5bc2feed4dca.png,2025-12-21_Auto/bcdf098d-ef9f-4402-aade-5bc2feed4dca.png,223690,.png,image,c109b49154751a507393969e7129930c5fc0050de54366222cb1f09c5fdb1b5b,2025-12-21T01:31:44.768Z,2025-12-21T01:31:44.825Z,bcdf098d-ef9f-4402-aade-5bc2feed4dca,bcdf098d-ef9f-4402-aade-5bc2feed4dca,false,,,ok,jpeg
GrokVault,full-vault-scan,/Users/philipbankier/Content/Grok IMagine/greymaker/GrokVault/2025-12-21_Auto/bd0a6645-8523-4470-ae2d-6b9597820e30.mp4,2025-12-21_Auto/bd0a6645-8523-4470-ae2d-6b9597820e30.mp4,913892,.mp4,video,f00ecd4ade76e27b7bb3ffba26454d416e46d07601eec8ad0bc6d6d6693e1511,2025-12-21T00:00:05.726Z,2025-12-21T00:00:05.727Z,bd0a6645-8523-4470-ae2d-6b9597820e30,bd0a6645-8523-4470-ae2d-6b9597820e30,false,,,ok,mp4-family
GrokVault,full-vault-scan,/Users/philipbankier/Content/Grok IMagine/greymaker/GrokVault/2025-12-21_Auto/bd23c5e4-b132-43cb-9d6a-f8e0ecb381c3.png,2025-12-21_Auto/bd23c5e4-b132-43cb-9d6a-f8e0ecb381c3.png,337520,.png,image,b1475a4078908eef4b4fe8b0050dcb52f3a72dfc59440c36a57a2633dff4d90a,2025-12-21T01:54:00.180Z,2025-12-21T01:54:00.246Z,bd23c5e4-b132-43cb-9d6a-f8e0ecb381c3,bd23c5e4-b132-43cb-9d6a-f8e0ecb381c3,false,,,ok,jpeg
GrokVault,full-vault-scan,/Users/philipbankier/Content/Grok IMagine/greymaker/GrokVault/2025-12-21_Auto/bd799403-0eeb-4f34-ac52-d09be0336c61.png,2025-12-21_Auto/bd799403-0eeb-4f34-ac52-d09be0336c61.png,237129,.png,image,3f2a57c1568e0e1298fde8b30f5c2cd2ee490e8a098ce9c512aaa6eba36f7764,2025-12-21T01:46:21.719Z,2025-12-21T01:46:21.756Z,bd799403-0eeb-4f34-ac52-d09be0336c61,bd799403-0eeb-4f34-ac52-d09be0336c61,false,,,ok,jpeg
GrokVault,full-vault-scan,/Users/philipbankier/Content/Grok IMagine/greymaker/GrokVault/2025-12-21_Auto/bdb4ed89-3939-4147-9ca4-40aa9c308b7b.mp4,2025-12-21_Auto/bdb4ed89-3939-4147-9ca4-40aa9c308b7b.mp4,1801567,.mp4,video,5cfd95042d09b360702262852fa08f44d534120be508f990f937ccb21d026459,2025-12-21T01:12:32.485Z,2025-12-21T01:12:32.488Z,bdb4ed89-3939-4147-9ca4-40aa9c308b7b,bdb4ed89-3939-4147-9ca4-40aa9c308b7b,false,,,ok,mp4-family
GrokVault,full-vault-scan,/Users/philipbankier/Content/Grok IMagine/greymaker/GrokVault/2025-12-21_Auto/bdb54606-8e94-4c83-bf48-5d8bf9cf4852.png,2025-12-21_Auto/bdb54606-8e94-4c83-bf48-5d8bf9cf4852.png,255415,.png,image,b0ef9b5b0cb02b7a5fd5a7500825a8e92d94947f712d6c54974281ffb7ae465c,2025-12-21T02:50:44.837Z,2025-12-21T02:50:44.906Z,bdb54606-8e94-4c83-bf48-5d8bf9cf4852,bdb54606-8e94-4c83-bf48-5d8bf9cf4852,false,,,ok,jpeg
GrokVault,full-vault-scan,/Users/philipbankier/Content/Grok IMagine/greymaker/GrokVault/2025-12-21_Auto/bdfab7d3-fd47-4d69-bc35-04f33f69e3d1.mp4,2025-12-21_Auto/bdfab7d3-fd47-4d69-bc35-04f33f69e3d1.mp4,3140135,.mp4,video,9573439fe5a5929850486e8a34a6327c07f5d044414c2bcc8825e03681e5d8d3,2025-12-21T01:01:48.891Z,2025-12-21T01:01:48.894Z,bdfab7d3-fd47-4d69-bc35-04f33f69e3d1,bdfab7d3-fd47-4d69-bc35-04f33f69e3d1,false,,,ok,mp4-family
GrokVault,full-vault-scan,/Users/philipbankier/Content/Grok IMagine/greymaker/GrokVault/2025-12-21_Auto/bf61a418-834e-4504-8d99-8ac0bd4675b7.mp4,2025-12-21_Auto/bf61a418-834e-4504-8d99-8ac0bd4675b7.mp4,1404665,.mp4,video,13dda270d5c4292dfc07bbaf8cf72bc50b803351c4fcfdd4e576177bbfe36eeb,2025-12-21T00:44:30.631Z,2025-12-21T00:44:30.632Z,bf61a418-834e-4504-8d99-8ac0bd4675b7,bf61a418-834e-4504-8d99-8ac0bd4675b7,false,,,ok,mp4-family
GrokVault,full-vault-scan,/Users/philipbankier/Content/Grok IMagine/greymaker/GrokVault/2025-12-21_Auto/bfc6a9fa-64d1-420f-90b5-c10a5cd8179e.mp4,2025-12-21_Auto/bfc6a9fa-64d1-420f-90b5-c10a5cd8179e.mp4,1432638,.mp4,video,368726e3f559ff7968bc192ebf61ea8019b16f9e4df484079e167d358b9fc59d,2025-12-21T00:43:40.813Z,2025-12-21T00:43:40.814Z,bfc6a9fa-64d1-420f-90b5-c10a5cd8179e,bfc6a9fa-64d1-420f-90b5-c10a5cd8179e,false,,,ok,mp4-family
GrokVault,full-vault-scan,/Users/philipbankier/Content/Grok IMagine/greymaker/GrokVault/2025-12-21_Auto/c089015c-1e39-442c-be2d-f5839f82df97.mp4,2025-12-21_Auto/c089015c-1e39-442c-be2d-f5839f82df97.mp4,1164190,.mp4,video,bc45ae051128e7a6e5ca0a9e4ff1522113532c956394adb9e6fea8e08ab05ab2,2025-12-21T03:24:55.584Z,2025-12-21T03:24:55.585Z,c089015c-1e39-442c-be2d-f5839f82df97,c089015c-1e39-442c-be2d-f5839f82df97,false,,,ok,mp4-family
GrokVault,full-vault-scan,/Users/philipbankier/Content/Grok IMagine/greymaker/GrokVault/2025-12-21_Auto/c0cf28d8-a05b-4bb3-a7b8-1ed2293f094d.png,2025-12-21_Auto/c0cf28d8-a05b-4bb3-a7b8-1ed2293f094d.png,259648,.png,image,0cadf56ecfcd99b4bc7be1885e03f16ac6e0ba1958a4fcba32962b6fea6bcacd,2025-12-21T03:03:45.208Z,2025-12-21T03:03:45.269Z,c0cf28d8-a05b-4bb3-a7b8-1ed2293f094d,c0cf28d8-a05b-4bb3-a7b8-1ed2293f094d,false,,,ok,jpeg
GrokVault,full-vault-scan,/Users/philipbankier/Content/Grok IMagine/greymaker/GrokVault/2025-12-21_Auto/c0f2d49f-81d9-4541-a82d-e5b1867a4606.png,2025-12-21_Auto/c0f2d49f-81d9-4541-a82d-e5b1867a4606.png,306164,.png,image,7b0cdfe205133e456b3dbcc3b12f3ce67518dca4d58789715a3766eb3a773da1,2025-12-21T01:59:35.128Z,2025-12-21T01:59:35.187Z,c0f2d49f-81d9-4541-a82d-e5b1867a4606,c0f2d49f-81d9-4541-a82d-e5b1867a4606,false,,,ok,jpeg
GrokVault,full-vault-scan,/Users/philipbankier/Content/Grok IMagine/greymaker/GrokVault/2025-12-21_Auto/c10c2c03-4848-487b-9c1b-e74ab77220d9.mp4,2025-12-21_Auto/c10c2c03-4848-487b-9c1b-e74ab77220d9.mp4,1281888,.mp4,video,5a4aa854103428dbafad5247427f7d3204855a29680b9e9c60bb659d4f933d20,2025-12-21T01:02:56.122Z,2025-12-21T01:02:56.123Z,c10c2c03-4848-487b-9c1b-e74ab77220d9,c10c2c03-4848-487b-9c1b-e74ab77220d9,false,,,ok,mp4-family
GrokVault,full-vault-scan,/Users/philipbankier/Content/Grok IMagine/greymaker/GrokVault/2025-12-21_Auto/c15d3f92-ffbb-4344-b843-29139231cdf7.mp4,2025-12-21_Auto/c15d3f92-ffbb-4344-b843-29139231cdf7.mp4,1662430,.mp4,video,e319b83f3c6ef24d8c9d76c5742aa279c6f40737567077271ec8eedbd46a7ddc,2025-12-21T03:22:58.704Z,2025-12-21T03:22:58.705Z,c15d3f92-ffbb-4344-b843-29139231cdf7,c15d3f92-ffbb-4344-b843-29139231cdf7,false,,,ok,mp4-family
GrokVault,full-vault-scan,/Users/philipbankier/Content/Grok IMagine/greymaker/GrokVault/2025-12-21_Auto/c1b27f9e-7476-49a5-b180-069f5cd8432c.mp4,2025-12-21_Auto/c1b27f9e-7476-49a5-b180-069f5cd8432c.mp4,1973668,.mp4,video,c7b71e6e6f51d89ea0e277e57192ae662bdf0f694491420f5e6e38f1f2141c68,2025-12-21T03:48:11.684Z,2025-12-21T03:48:11.686Z,c1b27f9e-7476-49a5-b180-069f5cd8432c,c1b27f9e-7476-49a5-b180-069f5cd8432c,false,,,ok,mp4-family
GrokVault,full-vault-scan,/Users/philipbankier/Content/Grok IMagine/greymaker/GrokVault/2025-12-21_Auto/c22431e9-33f9-4f0e-b2be-3ba56c648d88.mp4,2025-12-21_Auto/c22431e9-33f9-4f0e-b2be-3ba56c648d88.mp4,1446429,.mp4,video,4b675ecc1b778b4cba78dfff5cacd1895a78fbd203d862a401eca4798cef66ee,2025-12-21T00:43:24.979Z,2025-12-21T00:43:24.980Z,c22431e9-33f9-4f0e-b2be-3ba56c648d88,c22431e9-33f9-4f0e-b2be-3ba56c648d88,false,,,ok,mp4-family
GrokVault,full-vault-scan,/Users/philipbankier/Content/Grok IMagine/greymaker/GrokVault/2025-12-21_Auto/c2686632-9647-45cc-8478-8c8b27dcfa30.png,2025-12-21_Auto/c2686632-9647-45cc-8478-8c8b27dcfa30.png,266957,.png,image,91b6fedbb7ab6eb34acbb55039c6e07cbf608862850e5586a3f053aaac9ce081,2025-12-21T02:27:57.490Z,2025-12-21T02:27:57.567Z,c2686632-9647-45cc-8478-8c8b27dcfa30,c2686632-9647-45cc-8478-8c8b27dcfa30,false,,,ok,jpeg
GrokVault,full-vault-scan,/Users/philipbankier/Content/Grok IMagine/greymaker/GrokVault/2025-12-21_Auto/c2ff10aa-9abf-49a4-b865-cf1c302d2aca.png,2025-12-21_Auto/c2ff10aa-9abf-49a4-b865-cf1c302d2aca.png,267750,.png,image,595c4b1ac3752b448671c67f4d641e22538822c92fcd566170031d85fd0a3cef,2025-12-21T02:45:11.744Z,2025-12-21T02:45:11.814Z,c2ff10aa-9abf-49a4-b865-cf1c302d2aca,c2ff10aa-9abf-49a4-b865-cf1c302d2aca,false,,,ok,jpeg
GrokVault,full-vault-scan,/Users/philipbankier/Content/Grok IMagine/greymaker/GrokVault/2025-12-21_Auto/c334023d-fbe2-4eb8-bc23-6fc5d061673f.png,2025-12-21_Auto/c334023d-fbe2-4eb8-bc23-6fc5d061673f.png,277269,.png,image,68093f9cecdf2c481b4635db729a2aed48f65bd74c20470f768f2ab44f20ed1a,2025-12-21T00:14:48.176Z,2025-12-21T00:14:48.236Z,c334023d-fbe2-4eb8-bc23-6fc5d061673f,c334023d-fbe2-4eb8-bc23-6fc5d061673f,false,,,ok,jpeg
GrokVault,full-vault-scan,/Users/philipbankier/Content/Grok IMagine/greymaker/GrokVault/2025-12-21_Auto/c3c9bd73-5621-40a7-8a1f-deda01b75c82.mp4,2025-12-21_Auto/c3c9bd73-5621-40a7-8a1f-deda01b75c82.mp4,2983493,.mp4,video,7ac723b32bb01a103594529992bdb0cede4afa57a786bfec85bc41a8e05a93b6,2025-12-21T02:53:21.252Z,2025-12-21T02:53:21.254Z,c3c9bd73-5621-40a7-8a1f-deda01b75c82,c3c9bd73-5621-40a7-8a1f-deda01b75c82,false,,,ok,mp4-family
GrokVault,full-vault-scan,/Users/philipbankier/Content/Grok IMagine/greymaker/GrokVault/2025-12-21_Auto/c48a5230-bb12-4f7f-93f8-256523173550.png,2025-12-21_Auto/c48a5230-bb12-4f7f-93f8-256523173550.png,356862,.png,image,a63f1d89f62f8d0e655d24df9939116700577c12ff57244fb9a246b19ae19c56,2025-12-21T00:08:24.406Z,2025-12-21T00:08:24.704Z,c48a5230-bb12-4f7f-93f8-256523173550,c48a5230-bb12-4f7f-93f8-256523173550,false,,,ok,jpeg
GrokVault,full-vault-scan,/Users/philipbankier/Content/Grok IMagine/greymaker/GrokVault/2025-12-21_Auto/c4b6933f-6bc7-446a-a8e9-aadd4c810f55.png,2025-12-21_Auto/c4b6933f-6bc7-446a-a8e9-aadd4c810f55.png,277147,.png,image,e0345d2362f88b56002818c756b3e72f29b4b71af406e9a6f088e08af7ec7906,2025-12-21T00:04:15.159Z,2025-12-21T00:04:15.218Z,c4b6933f-6bc7-446a-a8e9-aadd4c810f55,c4b6933f-6bc7-446a-a8e9-aadd4c810f55,false,,,ok,jpeg
GrokVault,full-vault-scan,/Users/philipbankier/Content/Grok IMagine/greymaker/GrokVault/2025-12-21_Auto/c4f0ac6a-7a0a-4f84-81b8-f6cc43ee967f.mp4,2025-12-21_Auto/c4f0ac6a-7a0a-4f84-81b8-f6cc43ee967f.mp4,2145878,.mp4,video,1d157fc83ea0ca7624e0f6a11c9cfa63becb704cedfc1f51cb8d09378d07cc0a,2025-12-21T03:10:34.851Z,2025-12-21T03:10:34.853Z,c4f0ac6a-7a0a-4f84-81b8-f6cc43ee967f,c4f0ac6a-7a0a-4f84-81b8-f6cc43ee967f,false,,,ok,mp4-family
GrokVault,full-vault-scan,/Users/philipbankier/Content/Grok IMagine/greymaker/GrokVault/2025-12-21_Auto/c5787587-cec8-4c6f-a9cc-2f68bbe40705.png,2025-12-21_Auto/c5787587-cec8-4c6f-a9cc-2f68bbe40705.png,274373,.png,image,5d05f42cc58265226d5a0e2d53fb4fc801762092c7261ebd71dd788c2ab6f874,2025-12-21T02:44:07.720Z,2025-12-21T02:44:07.790Z,c5787587-cec8-4c6f-a9cc-2f68bbe40705,c5787587-cec8-4c6f-a9cc-2f68bbe40705,false,,,ok,jpeg
GrokVault,full-vault-scan,/Users/philipbankier/Content/Grok IMagine/greymaker/GrokVault/2025-12-21_Auto/c5882c41-2756-45be-9ac8-679235f4fbc5.png,2025-12-21_Auto/c5882c41-2756-45be-9ac8-679235f4fbc5.png,201029,.png,image,80f3d0ba3c63f072c7697c689f7f8bab2b24a0dd2d71bec80849d0d5b34f728d,2025-12-21T01:32:22.974Z,2025-12-21T01:32:23.031Z,c5882c41-2756-45be-9ac8-679235f4fbc5,c5882c41-2756-45be-9ac8-679235f4fbc5,false,,,ok,jpeg
GrokVault,full-vault-scan,/Users/philipbankier/Content/Grok IMagine/greymaker/GrokVault/2025-12-21_Auto/c6192fac-885d-47e5-aabb-094153996462.mp4,2025-12-21_Auto/c6192fac-885d-47e5-aabb-094153996462.mp4,2110730,.mp4,video,953418b61f41dabd65c2030741c351ab59b8b41b6f711bd4c4c3d22aae215e6c,2025-12-21T00:57:18.620Z,2025-12-21T00:57:18.623Z,c6192fac-885d-47e5-aabb-094153996462,c6192fac-885d-47e5-aabb-094153996462,false,,,ok,mp4-family
GrokVault,full-vault-scan,/Users/philipbankier/Content/Grok IMagine/greymaker/GrokVault/2025-12-21_Auto/c65d0578-a0f7-4ac2-89a9-edc918602bf3.png,2025-12-21_Auto/c65d0578-a0f7-4ac2-89a9-edc918602bf3.png,231624,.png,image,c7e8934129f4b9400f5c357924c14604e14724fa6794aadaf498745c03a1043b,2025-12-21T02:51:53.787Z,2025-12-21T02:51:53.852Z,c65d0578-a0f7-4ac2-89a9-edc918602bf3,c65d0578-a0f7-4ac2-89a9-edc918602bf3,false,,,ok,jpeg
GrokVault,full-vault-scan,/Users/philipbankier/Content/Grok IMagine/greymaker/GrokVault/2025-12-21_Auto/c6e8383c-77aa-4b74-81d7-464f6ee6fc4e.mp4,2025-12-21_Auto/c6e8383c-77aa-4b74-81d7-464f6ee6fc4e.mp4,2701390,.mp4,video,54348de7072e2b0af15b9aa647539038d226d9829bebf778a68bd7c093c327e7,2025-12-21T00:46:57.968Z,2025-12-21T00:46:57.969Z,c6e8383c-77aa-4b74-81d7-464f6ee6fc4e,c6e8383c-77aa-4b74-81d7-464f6ee6fc4e,false,,,ok,mp4-family
GrokVault,full-vault-scan,/Users/philipbankier/Content/Grok IMagine/greymaker/GrokVault/2025-12-21_Auto/c6f6958a-abc4-440d-a78b-0b71eefda991.png,2025-12-21_Auto/c6f6958a-abc4-440d-a78b-0b71eefda991.png,196468,.png,image,e4e96c561a9d66ce2721f395ba4155929ca6e58d5a4d81c8e2b98c565f6212d3,2025-12-21T02:52:38.679Z,2025-12-21T02:52:38.737Z,c6f6958a-abc4-440d-a78b-0b71eefda991,c6f6958a-abc4-440d-a78b-0b71eefda991,false,,,ok,jpeg
GrokVault,full-vault-scan,/Users/philipbankier/Content/Grok IMagine/greymaker/GrokVault/2025-12-21_Auto/c7612bd6-6484-44eb-837a-e258eafc8657.png,2025-12-21_Auto/c7612bd6-6484-44eb-837a-e258eafc8657.png,226870,.png,image,21dc8a3475e174c0b2f7fc8090d7124170cbde64e5aafa62b48c27ca8cae6b99,2025-12-21T02:04:50.564Z,2025-12-21T02:04:50.624Z,c7612bd6-6484-44eb-837a-e258eafc8657,c7612bd6-6484-44eb-837a-e258eafc8657,false,,,ok,jpeg
GrokVault,full-vault-scan,/Users/philipbankier/Content/Grok IMagine/greymaker/GrokVault/2025-12-21_Auto/c7edb475-a4a4-4bb4-af5b-ace087b0d73a.mp4,2025-12-21_Auto/c7edb475-a4a4-4bb4-af5b-ace087b0d73a.mp4,1941509,.mp4,video,6d0ace232f34b4f94c68d937b92fece13460a185c3f3ef2a0c3b32b9383fa30f,2025-12-21T00:56:13.627Z,2025-12-21T00:56:13.629Z,c7edb475-a4a4-4bb4-af5b-ace087b0d73a,c7edb475-a4a4-4bb4-af5b-ace087b0d73a,false,,,ok,mp4-family
GrokVault,full-vault-scan,/Users/philipbankier/Content/Grok IMagine/greymaker/GrokVault/2025-12-21_Auto/c82a80b9-c86e-444c-9808-5c10e50ab0ee.mp4,2025-12-21_Auto/c82a80b9-c86e-444c-9808-5c10e50ab0ee.mp4,2053476,.mp4,video,38b1697f20f711a91102cfe77007a18d8547c8172e2a16c4246d5f5f00604bc9,2025-12-21T03:03:00.190Z,2025-12-21T03:03:00.192Z,c82a80b9-c86e-444c-9808-5c10e50ab0ee,c82a80b9-c86e-444c-9808-5c10e50ab0ee,false,,,ok,mp4-family
GrokVault,full-vault-scan,/Users/philipbankier/Content/Grok IMagine/greymaker/GrokVault/2025-12-21_Auto/c85add50-56d8-4698-ad9a-73fc55d3d5e9.png,2025-12-21_Auto/c85add50-56d8-4698-ad9a-73fc55d3d5e9.png,253761,.png,image,bed91d09c398edb49fd08af6cdf5b910531e0c9b0fe24aa25055818df5a5df21,2025-12-21T01:26:37.248Z,2025-12-21T01:26:37.312Z,c85add50-56d8-4698-ad9a-73fc55d3d5e9,c85add50-56d8-4698-ad9a-73fc55d3d5e9,false,,,ok,jpeg
GrokVault,full-vault-scan,/Users/philipbankier/Content/Grok IMagine/greymaker/GrokVault/2025-12-21_Auto/c8a7eab4-761a-464d-8ca2-f5bb642004e9.png,2025-12-21_Auto/c8a7eab4-761a-464d-8ca2-f5bb642004e9.png,333818,.png,image,3cbb713593d013c18a1f61d7e1f41b02b21d90d5b8db3b29330a8f39e3cab68d,2025-12-21T00:36:47.552Z,2025-12-21T00:36:47.613Z,c8a7eab4-761a-464d-8ca2-f5bb642004e9,c8a7eab4-761a-464d-8ca2-f5bb642004e9,false,,,ok,jpeg
GrokVault,full-vault-scan,/Users/philipbankier/Content/Grok IMagine/greymaker/GrokVault/2025-12-21_Auto/c8b1ae83-3d41-4762-ae8b-e6d83ab281e9.png,2025-12-21_Auto/c8b1ae83-3d41-4762-ae8b-e6d83ab281e9.png,236882,.png,image,451bd7689506e39f02029a199e5f610d13d3b5834b5fd0a99f47850e0f0603eb,2025-12-21T02:43:43.734Z,2025-12-21T02:43:43.811Z,c8b1ae83-3d41-4762-ae8b-e6d83ab281e9,c8b1ae83-3d41-4762-ae8b-e6d83ab281e9,false,,,ok,jpeg
GrokVault,full-vault-scan,/Users/philipbankier/Content/Grok IMagine/greymaker/GrokVault/2025-12-21_Auto/ca11b63e-b8dd-4841-9b75-a65d880ce2ed.png,2025-12-21_Auto/ca11b63e-b8dd-4841-9b75-a65d880ce2ed.png,344200,.png,image,478132703681cf8ba48f498f9fe877d4ba42d6a67971c75fa1295007750052ab,2025-12-21T00:48:03.972Z,2025-12-21T00:48:03.988Z,ca11b63e-b8dd-4841-9b75-a65d880ce2ed,ca11b63e-b8dd-4841-9b75-a65d880ce2ed,false,,,ok,jpeg
GrokVault,full-vault-scan,/Users/philipbankier/Content/Grok IMagine/greymaker/GrokVault/2025-12-21_Auto/ca3e2fbe-a06f-470f-87b8-3eb5568ac98b.mp4,2025-12-21_Auto/ca3e2fbe-a06f-470f-87b8-3eb5568ac98b.mp4,2293289,.mp4,video,cfe6c5c578673fc3b00b35078b3f8607f6194c092d2d73e312fd2b7ea1377e37,2025-12-21T02:55:14.769Z,2025-12-21T02:55:14.772Z,ca3e2fbe-a06f-470f-87b8-3eb5568ac98b,ca3e2fbe-a06f-470f-87b8-3eb5568ac98b,false,,,ok,mp4-family
GrokVault,full-vault-scan,/Users/philipbankier/Content/Grok IMagine/greymaker/GrokVault/2025-12-21_Auto/ca7dd379-6078-4450-b4ff-d49b1c219e2f.png,2025-12-21_Auto/ca7dd379-6078-4450-b4ff-d49b1c219e2f.png,207105,.png,image,2a6549f9459669a92685c8f3195d4924b4182e5c951d3e2fd72da817be49d7fc,2025-12-21T02:17:15.244Z,2025-12-21T02:17:15.301Z,ca7dd379-6078-4450-b4ff-d49b1c219e2f,ca7dd379-6078-4450-b4ff-d49b1c219e2f,false,,,ok,jpeg
GrokVault,full-vault-scan,/Users/philipbankier/Content/Grok IMagine/greymaker/GrokVault/2025-12-21_Auto/cb2165c8-7d8d-4f12-bd6e-172db3fdeb50.mp4,2025-12-21_Auto/cb2165c8-7d8d-4f12-bd6e-172db3fdeb50.mp4,1999327,.mp4,video,3603438fa506fc7848eebc67949c4954a85c60ce731348ed1284aa400a3d5346,2025-12-21T00:48:19.578Z,2025-12-21T00:48:19.580Z,cb2165c8-7d8d-4f12-bd6e-172db3fdeb50,cb2165c8-7d8d-4f12-bd6e-172db3fdeb50,false,,,ok,mp4-family
GrokVault,full-vault-scan,/Users/philipbankier/Content/Grok IMagine/greymaker/GrokVault/2025-12-21_Auto/cb7ec5b4-c12a-44e8-8e28-f28f500a5504.png,2025-12-21_Auto/cb7ec5b4-c12a-44e8-8e28-f28f500a5504.png,281303,.png,image,7f0358ea3d0ec23d4a433f41a29f6eb155c3f2b565239e43eb24ef38106540e0,2025-12-21T02:58:35.005Z,2025-12-21T02:58:35.075Z,cb7ec5b4-c12a-44e8-8e28-f28f500a5504,cb7ec5b4-c12a-44e8-8e28-f28f500a5504,false,,,ok,jpeg
GrokVault,full-vault-scan,/Users/philipbankier/Content/Grok IMagine/greymaker/GrokVault/2025-12-21_Auto/cb8771df-76a7-4bfd-858e-441b5bda300c.png,2025-12-21_Auto/cb8771df-76a7-4bfd-858e-441b5bda300c.png,247237,.png,image,609ca22cfd044150a6e17a8d7a2297c3ca9594c36182bdea625a84893b9e892d,2025-12-21T00:12:54.730Z,2025-12-21T00:12:54.787Z,cb8771df-76a7-4bfd-858e-441b5bda300c,cb8771df-76a7-4bfd-858e-441b5bda300c,false,,,ok,jpeg
GrokVault,full-vault-scan,/Users/philipbankier/Content/Grok IMagine/greymaker/GrokVault/2025-12-21_Auto/cc7da238-9b78-438c-9a12-64e3514c8717.mp4,2025-12-21_Auto/cc7da238-9b78-438c-9a12-64e3514c8717.mp4,848579,.mp4,video,206cc4a9fdb3e67c5cecc8dd773b2de680777cdbe3b8854eadc229721c229ed0,2025-12-21T00:24:17.497Z,2025-12-21T00:24:17.498Z,cc7da238-9b78-438c-9a12-64e3514c8717,cc7da238-9b78-438c-9a12-64e3514c8717,false,,,ok,mp4-family
GrokVault,full-vault-scan,/Users/philipbankier/Content/Grok IMagine/greymaker/GrokVault/2025-12-21_Auto/cd025494-3ce9-4e6b-b3bf-7ff52ef404ec.png,2025-12-21_Auto/cd025494-3ce9-4e6b-b3bf-7ff52ef404ec.png,356646,.png,image,603e28d26d4361e7d6141fc3171a5c0cc0e3bd97553bb22c5192919e016af0f9,2025-12-21T00:38:38.133Z,2025-12-21T00:38:38.206Z,cd025494-3ce9-4e6b-b3bf-7ff52ef404ec,cd025494-3ce9-4e6b-b3bf-7ff52ef404ec,false,,,ok,jpeg
GrokVault,full-vault-scan,/Users/philipbankier/Content/Grok IMagine/greymaker/GrokVault/2025-12-21_Auto/cdba7f6e-60af-49cb-9d12-075dab03658d.mp4,2025-12-21_Auto/cdba7f6e-60af-49cb-9d12-075dab03658d.mp4,2821130,.mp4,video,23f1798ee359f6c98dd742aca1c2a6650210cde136fbb8ce8e5eb71cacd71cbf,2025-12-21T01:05:10.179Z,2025-12-21T01:05:10.183Z,cdba7f6e-60af-49cb-9d12-075dab03658d,cdba7f6e-60af-49cb-9d12-075dab03658d,false,,,ok,mp4-family
GrokVault,full-vault-scan,/Users/philipbankier/Content/Grok IMagine/greymaker/GrokVault/2025-12-21_Auto/ce1efec4-5d5d-4409-a6d0-bde0710a72f5.mp4,2025-12-21_Auto/ce1efec4-5d5d-4409-a6d0-bde0710a72f5.mp4,1681718,.mp4,video,42a75850439462bb7b63cccf5377ba95ec53b42982ed6a4b9e1b17ff24359030,2025-12-21T00:49:40.788Z,2025-12-21T00:49:40.789Z,ce1efec4-5d5d-4409-a6d0-bde0710a72f5,ce1efec4-5d5d-4409-a6d0-bde0710a72f5,false,,,ok,mp4-family
GrokVault,full-vault-scan,/Users/philipbankier/Content/Grok IMagine/greymaker/GrokVault/2025-12-21_Auto/ce22824e-4710-48a5-b94c-f360d3b731c0.png,2025-12-21_Auto/ce22824e-4710-48a5-b94c-f360d3b731c0.png,251627,.png,image,8461bd8b8afafeb4949f7568077ce54b17b7023d5864ec0a113f894879ef31fb,2025-12-21T02:28:41.249Z,2025-12-21T02:28:41.323Z,ce22824e-4710-48a5-b94c-f360d3b731c0,ce22824e-4710-48a5-b94c-f360d3b731c0,false,,,ok,jpeg
GrokVault,full-vault-scan,/Users/philipbankier/Content/Grok IMagine/greymaker/GrokVault/2025-12-21_Auto/ce93a235-fd2c-4644-bafb-6b75601cf5b4.mp4,2025-12-21_Auto/ce93a235-fd2c-4644-bafb-6b75601cf5b4.mp4,1678731,.mp4,video,75d8afab0d12cd2dfc62ed41ccab2d63ab604b38849dbdb13cb5c4bb08e0f3b5,2025-12-21T01:18:02.111Z,2025-12-21T01:18:02.114Z,ce93a235-fd2c-4644-bafb-6b75601cf5b4,ce93a235-fd2c-4644-bafb-6b75601cf5b4,false,,,ok,mp4-family
GrokVault,full-vault-scan,/Users/philipbankier/Content/Grok IMagine/greymaker/GrokVault/2025-12-21_Auto/cf3b1441-16dc-4a0c-8aac-64aa32774a2a.png,2025-12-21_Auto/cf3b1441-16dc-4a0c-8aac-64aa32774a2a.png,267548,.png,image,45fdfc8c2ce7d2e8128a4543ef1d5d7e54d0b200676b09ca9cf4a366411b2f6d,2025-12-21T02:57:49.701Z,2025-12-21T02:57:49.769Z,cf3b1441-16dc-4a0c-8aac-64aa32774a2a,cf3b1441-16dc-4a0c-8aac-64aa32774a2a,false,,,ok,jpeg
GrokVault,full-vault-scan,/Users/philipbankier/Content/Grok IMagine/greymaker/GrokVault/2025-12-21_Auto/cf4192bd-fd69-4d73-b970-036bbd472a87.mp4,2025-12-21_Auto/cf4192bd-fd69-4d73-b970-036bbd472a87.mp4,2387368,.mp4,video,438f15c03ad9ec88cb1add5bd24d430cfa8edcddf64c5e8e57143a7132003b98,2025-12-21T00:59:32.330Z,2025-12-21T00:59:32.333Z,cf4192bd-fd69-4d73-b970-036bbd472a87,cf4192bd-fd69-4d73-b970-036bbd472a87,false,,,ok,mp4-family
GrokVault,full-vault-scan,/Users/philipbankier/Content/Grok IMagine/greymaker/GrokVault/2025-12-21_Auto/cfb99b81-602c-49b3-a256-e08c521c8bcd.mp4,2025-12-21_Auto/cfb99b81-602c-49b3-a256-e08c521c8bcd.mp4,2767199,.mp4,video,3cca621ed8722bed06e245facd24d65fc146316224be6fd25956d34e75bcf561,2025-12-21T00:52:57.138Z,2025-12-21T00:52:57.141Z,cfb99b81-602c-49b3-a256-e08c521c8bcd,cfb99b81-602c-49b3-a256-e08c521c8bcd,false,,,ok,mp4-family
GrokVault,full-vault-scan,/Users/philipbankier/Content/Grok IMagine/greymaker/GrokVault/2025-12-21_Auto/cfee5e21-d4c6-4f44-8c92-3159f957ebb3.png,2025-12-21_Auto/cfee5e21-d4c6-4f44-8c92-3159f957ebb3.png,214775,.png,image,411f096046c1932b76f3a4903da1dd7478f27651ba32a9c43ebfe008f65fa8e2,2025-12-21T01:33:38.298Z,2025-12-21T01:33:38.357Z,cfee5e21-d4c6-4f44-8c92-3159f957ebb3,cfee5e21-d4c6-4f44-8c92-3159f957ebb3,false,,,ok,jpeg
GrokVault,full-vault-scan,/Users/philipbankier/Content/Grok IMagine/greymaker/GrokVault/2025-12-21_Auto/d0552fae-e715-4c4f-9bca-c3afc3e02af7.mp4,2025-12-21_Auto/d0552fae-e715-4c4f-9bca-c3afc3e02af7.mp4,2581147,.mp4,video,d1a081dd2d63084363551041dc870a641420e8f9acfbbfbeeb4e30d7afcd235a,2025-12-21T00:00:50.698Z,2025-12-21T00:00:50.701Z,d0552fae-e715-4c4f-9bca-c3afc3e02af7,d0552fae-e715-4c4f-9bca-c3afc3e02af7,false,,,ok,mp4-family
GrokVault,full-vault-scan,/Users/philipbankier/Content/Grok IMagine/greymaker/GrokVault/2025-12-21_Auto/d123c95d-478e-44bb-bba6-03f6c7ba5444.png,2025-12-21_Auto/d123c95d-478e-44bb-bba6-03f6c7ba5444.png,213646,.png,image,6909fb7ecaeb935fb1e09d9b0813382d2c80e773432a244c0590165390cdcd28,2025-12-21T02:12:43.083Z,2025-12-21T02:12:43.151Z,d123c95d-478e-44bb-bba6-03f6c7ba5444,d123c95d-478e-44bb-bba6-03f6c7ba5444,false,,,ok,jpeg
GrokVault,full-vault-scan,/Users/philipbankier/Content/Grok IMagine/greymaker/GrokVault/2025-12-21_Auto/d1a85e5d-967f-4215-a68f-bae679563073.png,2025-12-21_Auto/d1a85e5d-967f-4215-a68f-bae679563073.png,240363,.png,image,0d9792e961cec4f390b0f6eee611882feb0d0b6d2fd07d7077655621e435cc4e,2025-12-21T02:35:26.683Z,2025-12-21T02:35:26.742Z,d1a85e5d-967f-4215-a68f-bae679563073,d1a85e5d-967f-4215-a68f-bae679563073,false,,,ok,jpeg
GrokVault,full-vault-scan,/Users/philipbankier/Content/Grok IMagine/greymaker/GrokVault/2025-12-21_Auto/d21aa248-07c0-4bc3-b508-bcbafc5f1d3c.mp4,2025-12-21_Auto/d21aa248-07c0-4bc3-b508-bcbafc5f1d3c.mp4,1604090,.mp4,video,cd256f8adf2392e661cdc577c8976bbe6c41672dcac5b3ca31175c392f332579,2025-12-21T01:22:10.648Z,2025-12-21T01:22:10.650Z,d21aa248-07c0-4bc3-b508-bcbafc5f1d3c,d21aa248-07c0-4bc3-b508-bcbafc5f1d3c,false,,,ok,mp4-family
GrokVault,full-vault-scan,/Users/philipbankier/Content/Grok IMagine/greymaker/GrokVault/2025-12-21_Auto/d27c8e2f-1582-4b5e-bd2e-95fab36ed66b.png,2025-12-21_Auto/d27c8e2f-1582-4b5e-bd2e-95fab36ed66b.png,269659,.png,image,739f586f9b6a70a43d33c559959bedd5aff480e655fd19316cbdef9e5e3968f7,2025-12-21T02:31:56.442Z,2025-12-21T02:31:56.517Z,d27c8e2f-1582-4b5e-bd2e-95fab36ed66b,d27c8e2f-1582-4b5e-bd2e-95fab36ed66b,false,,,ok,jpeg
GrokVault,full-vault-scan,/Users/philipbankier/Content/Grok IMagine/greymaker/GrokVault/2025-12-21_Auto/d2930812-373b-4e0c-8322-607fc6d1b4ba.png,2025-12-21_Auto/d2930812-373b-4e0c-8322-607fc6d1b4ba.png,316138,.png,image,74feee1bcaebe94da6a8bdf849caacc9d875a9ff13fb4b41db34bd7c41fba7ff,2025-12-21T02:00:36.659Z,2025-12-21T02:00:36.718Z,d2930812-373b-4e0c-8322-607fc6d1b4ba,d2930812-373b-4e0c-8322-607fc6d1b4ba,false,,,ok,jpeg
GrokVault,full-vault-scan,/Users/philipbankier/Content/Grok IMagine/greymaker/GrokVault/2025-12-21_Auto/d2ddc089-de3f-43d1-94b6-391bba80de01.png,2025-12-21_Auto/d2ddc089-de3f-43d1-94b6-391bba80de01.png,192645,.png,image,09c6371cfefea4fb01a7476ab2cb035016bd3faad3539bc4c8f20a75ec37bf6f,2025-12-21T02:21:43.630Z,2025-12-21T02:21:43.688Z,d2ddc089-de3f-43d1-94b6-391bba80de01,d2ddc089-de3f-43d1-94b6-391bba80de01,false,,,ok,jpeg
GrokVault,full-vault-scan,/Users/philipbankier/Content/Grok IMagine/greymaker/GrokVault/2025-12-21_Auto/d2e50e55-adcb-4018-9e69-365c07a56a85.png,2025-12-21_Auto/d2e50e55-adcb-4018-9e69-365c07a56a85.png,255194,.png,image,b3cfb1a16e09d09fb17862f100ab3411eb07dd33419fd312ae9e10cb804fc999,2025-12-21T00:26:28.351Z,2025-12-21T00:26:28.419Z,d2e50e55-adcb-4018-9e69-365c07a56a85,d2e50e55-adcb-4018-9e69-365c07a56a85,false,,,ok,jpeg
GrokVault,full-vault-scan,/Users/philipbankier/Content/Grok IMagine/greymaker/GrokVault/2025-12-21_Auto/d3295d2c-7a41-440a-b48b-c99abfcfafba.png,2025-12-21_Auto/d3295d2c-7a41-440a-b48b-c99abfcfafba.png,260638,.png,image,c62e0d270d4cf835a7072d1b5b83882488dca31429247f3eab8fb178feabf87e,2025-12-21T00:27:46.116Z,2025-12-21T00:27:46.179Z,d3295d2c-7a41-440a-b48b-c99abfcfafba,d3295d2c-7a41-440a-b48b-c99abfcfafba,false,,,ok,jpeg
GrokVault,full-vault-scan,/Users/philipbankier/Content/Grok IMagine/greymaker/GrokVault/2025-12-21_Auto/d3462802-76ce-4a27-b50b-52658238b57c.png,2025-12-21_Auto/d3462802-76ce-4a27-b50b-52658238b57c.png,319061,.png,image,914a060088a3abcbf09e070591ca17913c833252baffafa45802af24f35ae082,2025-12-21T00:49:57.506Z,2025-12-21T00:49:57.584Z,d3462802-76ce-4a27-b50b-52658238b57c,d3462802-76ce-4a27-b50b-52658238b57c,false,,,ok,jpeg
GrokVault,full-vault-scan,/Users/philipbankier/Content/Grok IMagine/greymaker/GrokVault/2025-12-21_Auto/d356c986-8d8c-439b-89ef-845d1e43018e.png,2025-12-21_Auto/d356c986-8d8c-439b-89ef-845d1e43018e.png,295874,.png,image,489124f29152b7e5216c1db1d2c57ec70bacb4817353a50958570b59c0768f16,2025-12-21T00:32:49.175Z,2025-12-21T00:32:49.239Z,d356c986-8d8c-439b-89ef-845d1e43018e,d356c986-8d8c-439b-89ef-845d1e43018e,false,,,ok,jpeg
GrokVault,full-vault-scan,/Users/philipbankier/Content/Grok IMagine/greymaker/GrokVault/2025-12-21_Auto/d3a79eec-e477-48e1-b8b7-4fd5a51f27c0.png,2025-12-21_Auto/d3a79eec-e477-48e1-b8b7-4fd5a51f27c0.png,299384,.png,image,cbf59bc201895b1bd316e6559befe6065522e9bcffe4eab2cd6ef6816cffa1ae,2025-12-21T00:31:30.363Z,2025-12-21T00:31:30.424Z,d3a79eec-e477-48e1-b8b7-4fd5a51f27c0,d3a79eec-e477-48e1-b8b7-4fd5a51f27c0,false,,,ok,jpeg
GrokVault,full-vault-scan,/Users/philipbankier/Content/Grok IMagine/greymaker/GrokVault/2025-12-21_Auto/d41cbddf-6c32-4014-9be4-8db06e554fde.png,2025-12-21_Auto/d41cbddf-6c32-4014-9be4-8db06e554fde.png,422086,.png,image,93a8099b7024dbd014a133b655d57f22c3b6916f83ea07d4a33982249c92273e,2025-12-21T00:21:43.753Z,2025-12-21T00:21:43.753Z,d41cbddf-6c32-4014-9be4-8db06e554fde,d41cbddf-6c32-4014-9be4-8db06e554fde,false,,hash-13,ok,webp
GrokVault,full-vault-scan,/Users/philipbankier/Content/Grok IMagine/greymaker/GrokVault/2025-12-21_Auto/d4ed9e9d-9b4b-4397-b0b8-3c2810b33e33.mp4,2025-12-21_Auto/d4ed9e9d-9b4b-4397-b0b8-3c2810b33e33.mp4,1569204,.mp4,video,06aac0cc4510dc14c51c4094d6e0a74ef42d6ec2516276af2d8fc8dbe2f2bead,2025-12-21T01:13:21.994Z,2025-12-21T01:13:21.995Z,d4ed9e9d-9b4b-4397-b0b8-3c2810b33e33,d4ed9e9d-9b4b-4397-b0b8-3c2810b33e33,false,,,ok,mp4-family
GrokVault,full-vault-scan,/Users/philipbankier/Content/Grok IMagine/greymaker/GrokVault/2025-12-21_Auto/d5e4684c-91a7-40bf-b51f-3c6fc5e3adf1.png,2025-12-21_Auto/d5e4684c-91a7-40bf-b51f-3c6fc5e3adf1.png,220833,.png,image,25d8b56b23a28ddeef0c6f86f228889297cb6ee4621ea53d740d433da7564fe6,2025-12-21T02:42:17.538Z,2025-12-21T02:42:17.600Z,d5e4684c-91a7-40bf-b51f-3c6fc5e3adf1,d5e4684c-91a7-40bf-b51f-3c6fc5e3adf1,false,,,ok,jpeg
GrokVault,full-vault-scan,/Users/philipbankier/Content/Grok IMagine/greymaker/GrokVault/2025-12-21_Auto/d641fe39-6be7-4fbd-a93a-60c851702fff.png,2025-12-21_Auto/d641fe39-6be7-4fbd-a93a-60c851702fff.png,187922,.png,image,c9f207930ea17e8f6409540b89c5cf2c41b6071ec8548dc9e4b87a9cbb9d33be,2025-12-21T02:38:17.552Z,2025-12-21T02:38:17.610Z,d641fe39-6be7-4fbd-a93a-60c851702fff,d641fe39-6be7-4fbd-a93a-60c851702fff,false,,,ok,jpeg
GrokVault,full-vault-scan,/Users/philipbankier/Content/Grok IMagine/greymaker/GrokVault/2025-12-21_Auto/d66ecfcd-19f3-4269-890f-8a4cef60bbf1.png,2025-12-21_Auto/d66ecfcd-19f3-4269-890f-8a4cef60bbf1.png,290271,.png,image,e2b5deff8c7eccfd153d2e08853d944f279f1e671586bd0e37d806006d6d5ad9,2025-12-21T00:51:52.035Z,2025-12-21T00:51:52.095Z,d66ecfcd-19f3-4269-890f-8a4cef60bbf1,d66ecfcd-19f3-4269-890f-8a4cef60bbf1,false,,,ok,jpeg
GrokVault,full-vault-scan,/Users/philipbankier/Content/Grok IMagine/greymaker/GrokVault/2025-12-21_Auto/d710ae36-9631-498b-b164-d4a8c3c2cd0e.png,2025-12-21_Auto/d710ae36-9631-498b-b164-d4a8c3c2cd0e.png,244612,.png,image,d7df2a166340f5feb8036335fdfdff7b6c74ee509a1ce588ea9d11fa27bd600a,2025-12-21T02:21:01.896Z,2025-12-21T02:21:01.954Z,d710ae36-9631-498b-b164-d4a8c3c2cd0e,d710ae36-9631-498b-b164-d4a8c3c2cd0e,false,,,ok,jpeg
GrokVault,full-vault-scan,/Users/philipbankier/Content/Grok IMagine/greymaker/GrokVault/2025-12-21_Auto/d74d66ad-4edb-49d0-a72d-b0ec782a2923.mp4,2025-12-21_Auto/d74d66ad-4edb-49d0-a72d-b0ec782a2923.mp4,1375496,.mp4,video,68103204a536c434a331791f3d01f68a544a83f7055bce13a5d27750a0ac72d5,2025-12-21T01:02:22.629Z,2025-12-21T01:02:22.631Z,d74d66ad-4edb-49d0-a72d-b0ec782a2923,d74d66ad-4edb-49d0-a72d-b0ec782a2923,false,,,ok,mp4-family
GrokVault,full-vault-scan,/Users/philipbankier/Content/Grok IMagine/greymaker/GrokVault/2025-12-21_Auto/d8546eaf-c751-44b6-8353-b4b18693c2cc.png,2025-12-21_Auto/d8546eaf-c751-44b6-8353-b4b18693c2cc.png,274689,.png,image,f7b4b3d65de2119b788a96ba8521cb9fc6684381ef6eae7e66acc6316c5b4078,2025-12-21T01:36:25.994Z,2025-12-21T01:36:26.062Z,d8546eaf-c751-44b6-8353-b4b18693c2cc,d8546eaf-c751-44b6-8353-b4b18693c2cc,false,,,ok,jpeg
GrokVault,full-vault-scan,/Users/philipbankier/Content/Grok IMagine/greymaker/GrokVault/2025-12-21_Auto/d89fd09a-a2a1-4d3e-8828-3a9ee8b784e5.mp4,2025-12-21_Auto/d89fd09a-a2a1-4d3e-8828-3a9ee8b784e5.mp4,1731767,.mp4,video,c8a4a9a01f9126278b26dd1096fc375f37668dd4ac4989af45ea6647dd82af97,2025-12-21T02:02:12.854Z,2025-12-21T02:02:12.857Z,d89fd09a-a2a1-4d3e-8828-3a9ee8b784e5,d89fd09a-a2a1-4d3e-8828-3a9ee8b784e5,false,,,ok,mp4-family
GrokVault,full-vault-scan,/Users/philipbankier/Content/Grok IMagine/greymaker/GrokVault/2025-12-21_Auto/d8a43e67-97ce-4dde-be89-69d085e9eccc.png,2025-12-21_Auto/d8a43e67-97ce-4dde-be89-69d085e9eccc.png,197439,.png,image,3b78fd21ec7bdcaa40b5b2903eccd34fac417eae4095631c40506a7a8f403898,2025-12-21T02:51:31.063Z,2025-12-21T02:51:31.120Z,d8a43e67-97ce-4dde-be89-69d085e9eccc,d8a43e67-97ce-4dde-be89-69d085e9eccc,false,,,ok,jpeg
GrokVault,full-vault-scan,/Users/philipbankier/Content/Grok IMagine/greymaker/GrokVault/2025-12-21_Auto/d8c25ab7-c198-4107-8ffa-dac79627bd65.png,2025-12-21_Auto/d8c25ab7-c198-4107-8ffa-dac79627bd65.png,321450,.png,image,458c5c668983f2532b0d19f7dbfbb3a1ded7abf941d846bfeb9a57c2e238c928,2025-12-21T00:28:20.322Z,2025-12-21T00:28:20.400Z,d8c25ab7-c198-4107-8ffa-dac79627bd65,d8c25ab7-c198-4107-8ffa-dac79627bd65,false,,,ok,jpeg
GrokVault,full-vault-scan,/Users/philipbankier/Content/Grok IMagine/greymaker/GrokVault/2025-12-21_Auto/d943308c-651d-44a6-8cda-fbf69f8c1c04.mp4,2025-12-21_Auto/d943308c-651d-44a6-8cda-fbf69f8c1c04.mp4,4166116,.mp4,video,6fe2b7546cdf0424f9361fd2d96a911cc696e3a614745863d91556fba4aff48a,2025-12-21T00:17:55.333Z,2025-12-21T00:17:55.338Z,d943308c-651d-44a6-8cda-fbf69f8c1c04,d943308c-651d-44a6-8cda-fbf69f8c1c04,false,,,ok,mp4-family
GrokVault,full-vault-scan,/Users/philipbankier/Content/Grok IMagine/greymaker/GrokVault/2025-12-21_Auto/d9479b50-d16b-4fb0-be28-931793ff5598.mp4,2025-12-21_Auto/d9479b50-d16b-4fb0-be28-931793ff5598.mp4,1077869,.mp4,video,cf1fafa18e80840fb27870a8222855a8a0560049bd38f8951a4d86780fc5b820,2025-12-21T01:07:09.292Z,2025-12-21T01:07:09.293Z,d9479b50-d16b-4fb0-be28-931793ff5598,d9479b50-d16b-4fb0-be28-931793ff5598,false,,,ok,mp4-family
GrokVault,full-vault-scan,/Users/philipbankier/Content/Grok IMagine/greymaker/GrokVault/2025-12-21_Auto/d96aff3d-72a5-4ea0-ab47-6bda67671c4d.mp4,2025-12-21_Auto/d96aff3d-72a5-4ea0-ab47-6bda67671c4d.mp4,1686213,.mp4,video,4800dcdc0db80e3f5532b33ec368e84d1dc4df992922bf5bbb67a2b31f71d9aa,2025-12-21T00:01:50.897Z,2025-12-21T00:01:50.899Z,d96aff3d-72a5-4ea0-ab47-6bda67671c4d,d96aff3d-72a5-4ea0-ab47-6bda67671c4d,false,,,ok,mp4-family
GrokVault,full-vault-scan,/Users/philipbankier/Content/Grok IMagine/greymaker/GrokVault/2025-12-21_Auto/da0fdec0-39a0-453c-a24a-7a2b86b71a0a.png,2025-12-21_Auto/da0fdec0-39a0-453c-a24a-7a2b86b71a0a.png,187397,.png,image,ca4d5a03139fde88d7dfc1781bd9b909de620f57cea8d365cd2de6ad0c368abb,2025-12-21T02:22:03.429Z,2025-12-21T02:22:03.487Z,da0fdec0-39a0-453c-a24a-7a2b86b71a0a,da0fdec0-39a0-453c-a24a-7a2b86b71a0a,false,,,ok,jpeg
GrokVault,full-vault-scan,/Users/philipbankier/Content/Grok IMagine/greymaker/GrokVault/2025-12-21_Auto/da21dbef-dc24-4808-aa5b-930f43c3ef1b.png,2025-12-21_Auto/da21dbef-dc24-4808-aa5b-930f43c3ef1b.png,231093,.png,image,47cdb5e16ac257215bd0ee82b7ba913aa6c0b68a8e93dbdce5fc88434e85b80d,2025-12-21T02:54:52.934Z,2025-12-21T02:54:52.996Z,da21dbef-dc24-4808-aa5b-930f43c3ef1b,da21dbef-dc24-4808-aa5b-930f43c3ef1b,false,,,ok,jpeg
GrokVault,full-vault-scan,/Users/philipbankier/Content/Grok IMagine/greymaker/GrokVault/2025-12-21_Auto/da91d314-10df-41d9-9712-0d45865953ee.mp4,2025-12-21_Auto/da91d314-10df-41d9-9712-0d45865953ee.mp4,2646726,.mp4,video,9c410942e9d4c193d04b0d5c7361bf437ac86cd384a295e3548bfcd6f702b71c,2025-12-21T00:53:13.454Z,2025-12-21T00:53:13.457Z,da91d314-10df-41d9-9712-0d45865953ee,da91d314-10df-41d9-9712-0d45865953ee,false,,,ok,mp4-family
GrokVault,full-vault-scan,/Users/philipbankier/Content/Grok IMagine/greymaker/GrokVault/2025-12-21_Auto/dac366ce-e172-4c15-aacf-8f8e01936d91.mp4,2025-12-21_Auto/dac366ce-e172-4c15-aacf-8f8e01936d91.mp4,2073782,.mp4,video,2b6ad46009f8d8249a714d01109d66623d3713e7d50e34b89c2ffa8ef8b268cc,2025-12-21T00:55:07.178Z,2025-12-21T00:55:07.181Z,dac366ce-e172-4c15-aacf-8f8e01936d91,dac366ce-e172-4c15-aacf-8f8e01936d91,false,,,ok,mp4-family
GrokVault,full-vault-scan,/Users/philipbankier/Content/Grok IMagine/greymaker/GrokVault/2025-12-21_Auto/dac45e86-c225-4236-9ba6-42ec9d69c8a6.png,2025-12-21_Auto/dac45e86-c225-4236-9ba6-42ec9d69c8a6.png,181503,.png,image,53cb8ce8fffe39eb9890c79d00c5029ae1a7ba5d0b30c03688af3bb11b5b9cf6,2025-12-21T02:30:30.648Z,2025-12-21T02:30:30.707Z,dac45e86-c225-4236-9ba6-42ec9d69c8a6,dac45e86-c225-4236-9ba6-42ec9d69c8a6,false,,,ok,jpeg
GrokVault,full-vault-scan,/Users/philipbankier/Content/Grok IMagine/greymaker/GrokVault/2025-12-21_Auto/db24fcd7-813f-43b7-b62d-6479381c4c6f.png,2025-12-21_Auto/db24fcd7-813f-43b7-b62d-6479381c4c6f.png,197800,.png,image,b922c6195d5eef098ebf7cc91e6c48dbef394b2401462a9a6f5b2054bc98ad0f,2025-12-21T02:37:56.884Z,2025-12-21T02:37:56.941Z,db24fcd7-813f-43b7-b62d-6479381c4c6f,db24fcd7-813f-43b7-b62d-6479381c4c6f,false,,,ok,jpeg
GrokVault,full-vault-scan,/Users/philipbankier/Content/Grok IMagine/greymaker/GrokVault/2025-12-21_Auto/db4fb245-6912-4fe2-bdde-ca8994d5b5a3.png,2025-12-21_Auto/db4fb245-6912-4fe2-bdde-ca8994d5b5a3.png,256829,.png,image,d82196da530c96a375b5d7b555b311d62dbfc91d4ce6c756cdaed0ac4b2c9b91,2025-12-21T00:15:03.899Z,2025-12-21T00:15:03.958Z,db4fb245-6912-4fe2-bdde-ca8994d5b5a3,db4fb245-6912-4fe2-bdde-ca8994d5b5a3,false,,,ok,jpeg
GrokVault,full-vault-scan,/Users/philipbankier/Content/Grok IMagine/greymaker/GrokVault/2025-12-21_Auto/dbc1ea2a-bf57-4c48-be85-3d443a89fc51.mp4,2025-12-21_Auto/dbc1ea2a-bf57-4c48-be85-3d443a89fc51.mp4,3309682,.mp4,video,16865bcd51a217c6326ce33d1432988fc4e2247a2e25b7f98abf2305108463da,2025-12-21T00:05:16.115Z,2025-12-21T00:05:16.118Z,dbc1ea2a-bf57-4c48-be85-3d443a89fc51,dbc1ea2a-bf57-4c48-be85-3d443a89fc51,false,,,ok,mp4-family
GrokVault,full-vault-scan,/Users/philipbankier/Content/Grok IMagine/greymaker/GrokVault/2025-12-21_Auto/dc1cd4fc-dd6d-49de-b51c-968baf890a81.png,2025-12-21_Auto/dc1cd4fc-dd6d-49de-b51c-968baf890a81.png,245846,.png,image,6fe913a00a6ed636bd695024aeec78c706a9543e00780d3b21516bf65d2eaebb,2025-12-21T01:19:30.919Z,2025-12-21T01:19:30.981Z,dc1cd4fc-dd6d-49de-b51c-968baf890a81,dc1cd4fc-dd6d-49de-b51c-968baf890a81,false,,,ok,jpeg
GrokVault,full-vault-scan,/Users/philipbankier/Content/Grok IMagine/greymaker/GrokVault/2025-12-21_Auto/dc4ed1e5-8bc6-4c7e-bc94-233f070d6159.png,2025-12-21_Auto/dc4ed1e5-8bc6-4c7e-bc94-233f070d6159.png,163959,.png,image,5bd43f45f4d7207163abb9b9729de66c18fbd25d52d390ce54fe3f0490cf5b5a,2025-12-21T03:40:08.831Z,2025-12-21T03:40:08.896Z,dc4ed1e5-8bc6-4c7e-bc94-233f070d6159,dc4ed1e5-8bc6-4c7e-bc94-233f070d6159,false,,,ok,jpeg
GrokVault,full-vault-scan,/Users/philipbankier/Content/Grok IMagine/greymaker/GrokVault/2025-12-21_Auto/dcebb5df-9e01-4c27-8b7f-cabfa2cbf3d1.mp4,2025-12-21_Auto/dcebb5df-9e01-4c27-8b7f-cabfa2cbf3d1.mp4,3409281,.mp4,video,3c81d019353653e7bbbbc881ad095a01300ad8e91097283254bf99de6a0c2566,2025-12-21T00:58:59.207Z,2025-12-21T00:58:59.211Z,dcebb5df-9e01-4c27-8b7f-cabfa2cbf3d1,dcebb5df-9e01-4c27-8b7f-cabfa2cbf3d1,false,,,ok,mp4-family
GrokVault,full-vault-scan,/Users/philipbankier/Content/Grok IMagine/greymaker/GrokVault/2025-12-21_Auto/dd2adf2f-a1c7-46a5-9958-bcf305c6b055.png,2025-12-21_Auto/dd2adf2f-a1c7-46a5-9958-bcf305c6b055.png,257586,.png,image,d032a1da773b971ae23e711dcbbe9b780b2d3d2475b4a2027b56b54b4ee03758,2025-12-21T02:39:01.834Z,2025-12-21T02:39:01.903Z,dd2adf2f-a1c7-46a5-9958-bcf305c6b055,dd2adf2f-a1c7-46a5-9958-bcf305c6b055,false,,,ok,jpeg
GrokVault,full-vault-scan,/Users/philipbankier/Content/Grok IMagine/greymaker/GrokVault/2025-12-21_Auto/de4f1435-c767-4592-b4d8-0df2332c54aa.mp4,2025-12-21_Auto/de4f1435-c767-4592-b4d8-0df2332c54aa.mp4,1077345,.mp4,video,4c3d59375572578b7f7704fb7ff1490104d8fc92ddf542e325ec9276a56edd5e,2025-12-21T01:41:39.056Z,2025-12-21T01:41:39.058Z,de4f1435-c767-4592-b4d8-0df2332c54aa,de4f1435-c767-4592-b4d8-0df2332c54aa,false,,,ok,mp4-family
GrokVault,full-vault-scan,/Users/philipbankier/Content/Grok IMagine/greymaker/GrokVault/2025-12-21_Auto/de74c523-7f1b-4fa0-92b6-0098ff220dbc.png,2025-12-21_Auto/de74c523-7f1b-4fa0-92b6-0098ff220dbc.png,269963,.png,image,cc2f36f3db730c85eaf9ce0f0e03829ba89276c5f697460acf6981cbd9f19163,2025-12-21T00:23:16.532Z,2025-12-21T00:23:16.592Z,de74c523-7f1b-4fa0-92b6-0098ff220dbc,de74c523-7f1b-4fa0-92b6-0098ff220dbc,false,,,ok,jpeg
GrokVault,full-vault-scan,/Users/philipbankier/Content/Grok IMagine/greymaker/GrokVault/2025-12-21_Auto/def821c8-90f5-491e-9933-3f63e5521867.mp4,2025-12-21_Auto/def821c8-90f5-491e-9933-3f63e5521867.mp4,2433518,.mp4,video,bca7c5cfa14af5595609cb029bc48959639af742f34c286f0cf3d155ae7fd6a2,2025-12-21T00:04:30.261Z,2025-12-21T00:04:30.265Z,def821c8-90f5-491e-9933-3f63e5521867,def821c8-90f5-491e-9933-3f63e5521867,false,,,ok,mp4-family
GrokVault,full-vault-scan,/Users/philipbankier/Content/Grok IMagine/greymaker/GrokVault/2025-12-21_Auto/df35822c-b194-4070-8bee-2880bcca9910.png,2025-12-21_Auto/df35822c-b194-4070-8bee-2880bcca9910.png,339631,.png,image,4140440420a108cd0c86da8da8633d9cae9d1b0db3bb8f128afc3f84a2473f18,2025-12-21T00:41:50.743Z,2025-12-21T00:41:50.811Z,df35822c-b194-4070-8bee-2880bcca9910,df35822c-b194-4070-8bee-2880bcca9910,false,,,ok,jpeg
GrokVault,full-vault-scan,/Users/philipbankier/Content/Grok IMagine/greymaker/GrokVault/2025-12-21_Auto/dfa404f3-6819-474e-85c1-14c893f1ab0a.png,2025-12-21_Auto/dfa404f3-6819-474e-85c1-14c893f1ab0a.png,285867,.png,image,0f526a64167fab8edcb5c94789cdb73b16d86c1406fc7972fd68cef3c772b174,2025-12-21T03:01:54.456Z,2025-12-21T03:01:54.525Z,dfa404f3-6819-474e-85c1-14c893f1ab0a,dfa404f3-6819-474e-85c1-14c893f1ab0a,false,,,ok,jpeg
GrokVault,full-vault-scan,/Users/philipbankier/Content/Grok IMagine/greymaker/GrokVault/2025-12-21_Auto/dfc8ebea-b1d1-432d-a065-11d903279fc1.mp4,2025-12-21_Auto/dfc8ebea-b1d1-432d-a065-11d903279fc1.mp4,2645197,.mp4,video,ebbcc137a6a4e810fcc0467a3c7727ce12effb076e955b6a97c8e4a336793cd5,2025-12-21T03:22:12.502Z,2025-12-21T03:22:12.505Z,dfc8ebea-b1d1-432d-a065-11d903279fc1,dfc8ebea-b1d1-432d-a065-11d903279fc1,false,,,ok,mp4-family
GrokVault,full-vault-scan,/Users/philipbankier/Content/Grok IMagine/greymaker/GrokVault/2025-12-21_Auto/dfdcd066-4e61-4544-b7b1-d549820c1b0e.mp4,2025-12-21_Auto/dfdcd066-4e61-4544-b7b1-d549820c1b0e.mp4,1143463,.mp4,video,8ea7c82309f34cf6ddd06de52814f9eca041ce55bc09fb0efa9885415437e223,2025-12-21T01:05:43.414Z,2025-12-21T01:05:43.415Z,dfdcd066-4e61-4544-b7b1-d549820c1b0e,dfdcd066-4e61-4544-b7b1-d549820c1b0e,false,,,ok,mp4-family
GrokVault,full-vault-scan,/Users/philipbankier/Content/Grok IMagine/greymaker/GrokVault/2025-12-21_Auto/dfea25c3-64a9-4530-9a57-7137cc6f403c.png,2025-12-21_Auto/dfea25c3-64a9-4530-9a57-7137cc6f403c.png,247240,.png,image,d8be695cdb073d4d0f37ca4ec6f794ccebb6194b80c45753b060afc2ba643442,2025-12-21T00:49:25.316Z,2025-12-21T00:49:25.377Z,dfea25c3-64a9-4530-9a57-7137cc6f403c,dfea25c3-64a9-4530-9a57-7137cc6f403c,false,,,ok,jpeg
GrokVault,full-vault-scan,/Users/philipbankier/Content/Grok IMagine/greymaker/GrokVault/2025-12-21_Auto/e0006c8c-66c6-41c1-a9ee-32ee23fbc41d.png,2025-12-21_Auto/e0006c8c-66c6-41c1-a9ee-32ee23fbc41d.png,301987,.png,image,6b9b0c0c548245e62fa2dde43c13dbb13ac7550efc53f0fd86891f18893ea666,2025-12-21T00:38:21.230Z,2025-12-21T00:38:21.290Z,e0006c8c-66c6-41c1-a9ee-32ee23fbc41d,e0006c8c-66c6-41c1-a9ee-32ee23fbc41d,false,,,ok,jpeg
GrokVault,full-vault-scan,/Users/philipbankier/Content/Grok IMagine/greymaker/GrokVault/2025-12-21_Auto/e03593c6-355d-4b5a-a3c4-23b223236367.png,2025-12-21_Auto/e03593c6-355d-4b5a-a3c4-23b223236367.png,333605,.png,image,d4d4cd379416db6acdcae8ba77a87009bf11122816b60ce6c827ae3eefdaccee,2025-12-21T01:46:02.092Z,2025-12-21T01:46:02.162Z,e03593c6-355d-4b5a-a3c4-23b223236367,e03593c6-355d-4b5a-a3c4-23b223236367,false,,,ok,jpeg
GrokVault,full-vault-scan,/Users/philipbankier/Content/Grok IMagine/greymaker/GrokVault/2025-12-21_Auto/e1088da1-e637-46bc-aea5-28a63849d887.png,2025-12-21_Auto/e1088da1-e637-46bc-aea5-28a63849d887.png,172165,.png,image,9d3962cbeea9cb0ae803ac0a8e50f0e7123b40c4d1a6cfcc96f23c4375e59402,2025-12-21T03:16:23.882Z,2025-12-21T03:16:23.940Z,e1088da1-e637-46bc-aea5-28a63849d887,e1088da1-e637-46bc-aea5-28a63849d887,false,,,ok,jpeg
GrokVault,full-vault-scan,/Users/philipbankier/Content/Grok IMagine/greymaker/GrokVault/2025-12-21_Auto/e2308789-cecd-44c2-a8b8-ca384695a675.png,2025-12-21_Auto/e2308789-cecd-44c2-a8b8-ca384695a675.png,247443,.png,image,104705176d6f2088eb176ea30c484e0b2e2c087ea2b102705aff298888740b98,2025-12-21T02:10:18.069Z,2025-12-21T02:10:18.132Z,e2308789-cecd-44c2-a8b8-ca384695a675,e2308789-cecd-44c2-a8b8-ca384695a675,false,,,ok,jpeg
GrokVault,full-vault-scan,/Users/philipbankier/Content/Grok IMagine/greymaker/GrokVault/2025-12-21_Auto/e297bd7a-3cc6-4920-83de-725d47b948a7.png,2025-12-21_Auto/e297bd7a-3cc6-4920-83de-725d47b948a7.png,242643,.png,image,4c33f427cd3e9ff17a5c74607158df29b61140dec9c647fad44e822029f131cc,2025-12-21T02:50:23.118Z,2025-12-21T02:50:23.190Z,e297bd7a-3cc6-4920-83de-725d47b948a7,e297bd7a-3cc6-4920-83de-725d47b948a7,false,,,ok,jpeg
GrokVault,full-vault-scan,/Users/philipbankier/Content/Grok IMagine/greymaker/GrokVault/2025-12-21_Auto/e35c0c79-ab44-4107-ac55-47e58c0e8ee1.mp4,2025-12-21_Auto/e35c0c79-ab44-4107-ac55-47e58c0e8ee1.mp4,1618862,.mp4,video,4205c8bf220e51b81f82a522f4f9d4d49db30d358655abc7927d83ab68120ad0,2025-12-21T01:26:00.328Z,2025-12-21T01:26:00.330Z,e35c0c79-ab44-4107-ac55-47e58c0e8ee1,e35c0c79-ab44-4107-ac55-47e58c0e8ee1,false,,,ok,mp4-family
GrokVault,full-vault-scan,/Users/philipbankier/Content/Grok IMagine/greymaker/GrokVault/2025-12-21_Auto/e3f36992-9271-4a49-b5ff-587ca90ddd85.mp4,2025-12-21_Auto/e3f36992-9271-4a49-b5ff-587ca90ddd85.mp4,1449152,.mp4,video,c8667235057e65ac89a4823e6137d03a37374fb3c6272e1388b8e0e81396bd53,2025-12-21T00:11:32.315Z,2025-12-21T00:11:32.317Z,e3f36992-9271-4a49-b5ff-587ca90ddd85,e3f36992-9271-4a49-b5ff-587ca90ddd85,false,,,ok,mp4-family
GrokVault,full-vault-scan,/Users/philipbankier/Content/Grok IMagine/greymaker/GrokVault/2025-12-21_Auto/e48a4a8f-9a53-4fcb-a79f-9d4c83fe815f.png,2025-12-21_Auto/e48a4a8f-9a53-4fcb-a79f-9d4c83fe815f.png,261631,.png,image,cad6dc638557ab0afab121821bbca29252d3553c36b5848bcc59d6279ee23100,2025-12-21T01:20:24.529Z,2025-12-21T01:20:24.592Z,e48a4a8f-9a53-4fcb-a79f-9d4c83fe815f,e48a4a8f-9a53-4fcb-a79f-9d4c83fe815f,false,,,ok,jpeg
GrokVault,full-vault-scan,/Users/philipbankier/Content/Grok IMagine/greymaker/GrokVault/2025-12-21_Auto/e4b54a09-a006-45a0-815a-827e7f2c4f2a.png,2025-12-21_Auto/e4b54a09-a006-45a0-815a-827e7f2c4f2a.png,294670,.png,image,0124c82e437144008318096f69427b8015c3de589020fa082adba302efe91c22,2025-12-21T01:03:29.847Z,2025-12-21T01:03:29.909Z,e4b54a09-a006-45a0-815a-827e7f2c4f2a,e4b54a09-a006-45a0-815a-827e7f2c4f2a,false,,,ok,jpeg
GrokVault,full-vault-scan,/Users/philipbankier/Content/Grok IMagine/greymaker/GrokVault/2025-12-21_Auto/e4e6a1d1-bfad-4961-bc96-9e6ee85cf234.png,2025-12-21_Auto/e4e6a1d1-bfad-4961-bc96-9e6ee85cf234.png,275599,.png,image,a701ce89cc1c1460306bcf9ab881f9e477f6556d819e1b96ab0fdad36487354c,2025-12-21T02:58:57.935Z,2025-12-21T02:58:58.006Z,e4e6a1d1-bfad-4961-bc96-9e6ee85cf234,e4e6a1d1-bfad-4961-bc96-9e6ee85cf234,false,,,ok,jpeg
GrokVault,full-vault-scan,/Users/philipbankier/Content/Grok IMagine/greymaker/GrokVault/2025-12-21_Auto/e5c58db0-f638-4a52-b0df-ded6653d64ee.png,2025-12-21_Auto/e5c58db0-f638-4a52-b0df-ded6653d64ee.png,325621,.png,image,4cc2c81986a6b2acae81427b0a9bc07b3a915d23a512b733045b7c8911e7fc04,2025-12-21T01:47:00.240Z,2025-12-21T01:47:00.298Z,e5c58db0-f638-4a52-b0df-ded6653d64ee,e5c58db0-f638-4a52-b0df-ded6653d64ee,false,,,ok,jpeg
GrokVault,full-vault-scan,/Users/philipbankier/Content/Grok IMagine/greymaker/GrokVault/2025-12-21_Auto/e5f50f2b-204d-4822-8eae-0951b1f08bd7.png,2025-12-21_Auto/e5f50f2b-204d-4822-8eae-0951b1f08bd7.png,188551,.png,image,cfd3f13f7d8b5ca378510356a9456d2648c8e121b9bbf50ebf93f87865cd9619,2025-12-21T02:31:12.992Z,2025-12-21T02:31:13.051Z,e5f50f2b-204d-4822-8eae-0951b1f08bd7,e5f50f2b-204d-4822-8eae-0951b1f08bd7,false,,,ok,jpeg
GrokVault,full-vault-scan,/Users/philipbankier/Content/Grok IMagine/greymaker/GrokVault/2025-12-21_Auto/e6671bda-5c7e-452f-a76e-230ebf9b0a94.png,2025-12-21_Auto/e6671bda-5c7e-452f-a76e-230ebf9b0a94.png,297331,.png,image,aad08f5a091849512c4bd6795c946947b391d31800acd4fe70c4c43d0a79d7d6,2025-12-21T02:24:27.812Z,2025-12-21T02:24:27.891Z,e6671bda-5c7e-452f-a76e-230ebf9b0a94,e6671bda-5c7e-452f-a76e-230ebf9b0a94,false,,,ok,jpeg
GrokVault,full-vault-scan,/Users/philipbankier/Content/Grok IMagine/greymaker/GrokVault/2025-12-21_Auto/e68bccb7-2cab-4fa1-a01d-0108eb5be1c9.png,2025-12-21_Auto/e68bccb7-2cab-4fa1-a01d-0108eb5be1c9.png,262109,.png,image,525e3574d610fb4c1e2591a37a2e3e47909badeec0b27679544c985192743cb8,2025-12-21T02:32:59.515Z,2025-12-21T02:32:59.601Z,e68bccb7-2cab-4fa1-a01d-0108eb5be1c9,e68bccb7-2cab-4fa1-a01d-0108eb5be1c9,false,,,ok,jpeg
GrokVault,full-vault-scan,/Users/philipbankier/Content/Grok IMagine/greymaker/GrokVault/2025-12-21_Auto/e7889c6f-8b90-4a28-ad14-dfd9dc49934b.png,2025-12-21_Auto/e7889c6f-8b90-4a28-ad14-dfd9dc49934b.png,266122,.png,image,1534ff72691fbcdaa8c305cc184d663e0f04e9932a5344ec34bf8eeb187f4ab2,2025-12-21T01:19:48.790Z,2025-12-21T01:19:48.849Z,e7889c6f-8b90-4a28-ad14-dfd9dc49934b,e7889c6f-8b90-4a28-ad14-dfd9dc49934b,false,,,ok,jpeg
GrokVault,full-vault-scan,/Users/philipbankier/Content/Grok IMagine/greymaker/GrokVault/2025-12-21_Auto/e7d8e654-1308-499f-b1cc-7dd9819b466b.png,2025-12-21_Auto/e7d8e654-1308-499f-b1cc-7dd9819b466b.png,249234,.png,image,697161b01a4526aa8b7ce1b5dc13f5c742349977987069e4bb098974ae702251,2025-12-21T01:32:59.331Z,2025-12-21T01:32:59.391Z,e7d8e654-1308-499f-b1cc-7dd9819b466b,e7d8e654-1308-499f-b1cc-7dd9819b466b,false,,,ok,jpeg
GrokVault,full-vault-scan,/Users/philipbankier/Content/Grok IMagine/greymaker/GrokVault/2025-12-21_Auto/e83c55e2-4f40-4d77-9113-78b4402df9fa.png,2025-12-21_Auto/e83c55e2-4f40-4d77-9113-78b4402df9fa.png,287332,.png,image,6dcc8387e8d9dfbf53ae6f65d310826957a13646151e019e354af89a9f01f63f,2025-12-21T01:00:39.448Z,2025-12-21T01:00:39.499Z,e83c55e2-4f40-4d77-9113-78b4402df9fa,e83c55e2-4f40-4d77-9113-78b4402df9fa,false,,,ok,jpeg
GrokVault,full-vault-scan,/Users/philipbankier/Content/Grok IMagine/greymaker/GrokVault/2025-12-21_Auto/e8862d9b-5dbd-417f-8c46-dff689ba73ce.png,2025-12-21_Auto/e8862d9b-5dbd-417f-8c46-dff689ba73ce.png,309144,.png,image,732736e2552a292f0aec24d47cc0fb46390219b4c6f55aa6201c775c47254563,2025-12-21T00:13:10.787Z,2025-12-21T00:13:10.847Z,e8862d9b-5dbd-417f-8c46-dff689ba73ce,e8862d9b-5dbd-417f-8c46-dff689ba73ce,false,,,ok,jpeg
GrokVault,full-vault-scan,/Users/philipbankier/Content/Grok IMagine/greymaker/GrokVault/2025-12-21_Auto/e8c3d232-ed53-4fda-ad34-e86dfa34bd53.mp4,2025-12-21_Auto/e8c3d232-ed53-4fda-ad34-e86dfa34bd53.mp4,1957361,.mp4,video,e73e95ef79f44b66a5f9b8bc391f72cbcb4d883b6ba91ff4b2e378465ce3a51d,2025-12-21T03:04:08.375Z,2025-12-21T03:04:08.378Z,e8c3d232-ed53-4fda-ad34-e86dfa34bd53,e8c3d232-ed53-4fda-ad34-e86dfa34bd53,false,,,ok,mp4-family
GrokVault,full-vault-scan,/Users/philipbankier/Content/Grok IMagine/greymaker/GrokVault/2025-12-21_Auto/e8d193bb-5289-41e4-92c9-8fa69196822c.png,2025-12-21_Auto/e8d193bb-5289-41e4-92c9-8fa69196822c.png,314604,.png,image,53291d653b22967e8df1ab2b7faefe8a1d6840e1d4a0c18d46b6a26e688e9ea0,2025-12-21T00:50:14.205Z,2025-12-21T00:50:14.282Z,e8d193bb-5289-41e4-92c9-8fa69196822c,e8d193bb-5289-41e4-92c9-8fa69196822c,false,,,ok,jpeg
GrokVault,full-vault-scan,/Users/philipbankier/Content/Grok IMagine/greymaker/GrokVault/2025-12-21_Auto/e979d87c-f264-42ab-90fe-98a1b14b05f5.png,2025-12-21_Auto/e979d87c-f264-42ab-90fe-98a1b14b05f5.png,261426,.png,image,865f25da9bca855b3f90d5759e750e9beeb88fb70998a083ce30db06ff8b3e9e,2025-12-21T02:23:04.880Z,2025-12-21T02:23:04.951Z,e979d87c-f264-42ab-90fe-98a1b14b05f5,e979d87c-f264-42ab-90fe-98a1b14b05f5,false,,,ok,jpeg
GrokVault,full-vault-scan,/Users/philipbankier/Content/Grok IMagine/greymaker/GrokVault/2025-12-21_Auto/e9b170c6-5ef8-4bb8-9f46-354f60aaacc8.png,2025-12-21_Auto/e9b170c6-5ef8-4bb8-9f46-354f60aaacc8.png,264269,.png,image,3b10096a9fb9e56ebe020e045823629b0e808aef1ea291a02b4a52f0e46aa714,2025-12-21T02:53:44.714Z,2025-12-21T02:53:44.786Z,e9b170c6-5ef8-4bb8-9f46-354f60aaacc8,e9b170c6-5ef8-4bb8-9f46-354f60aaacc8,false,,,ok,jpeg
GrokVault,full-vault-scan,/Users/philipbankier/Content/Grok IMagine/greymaker/GrokVault/2025-12-21_Auto/ea1d2d60-e2bd-4a75-a06b-9d831839f854.mp4,2025-12-21_Auto/ea1d2d60-e2bd-4a75-a06b-9d831839f854.mp4,1973343,.mp4,video,dd22e993ad4794a586879c369db4d69b6f296c9e11a8916f01dfc409ad2c28f6,2025-12-21T03:48:35.861Z,2025-12-21T03:48:35.863Z,ea1d2d60-e2bd-4a75-a06b-9d831839f854,ea1d2d60-e2bd-4a75-a06b-9d831839f854,false,,,ok,mp4-family
GrokVault,full-vault-scan,/Users/philipbankier/Content/Grok IMagine/greymaker/GrokVault/2025-12-21_Auto/ea506801-adff-4c2e-8ebe-91634635d73d.png,2025-12-21_Auto/ea506801-adff-4c2e-8ebe-91634635d73d.png,225582,.png,image,1d2bbd1e4f262d8a08ff81754ab9541a431dab16a82fa03cfa52fc786e2d8f58,2025-12-21T02:31:34.281Z,2025-12-21T02:31:34.346Z,ea506801-adff-4c2e-8ebe-91634635d73d,ea506801-adff-4c2e-8ebe-91634635d73d,false,,,ok,jpeg
GrokVault,full-vault-scan,/Users/philipbankier/Content/Grok IMagine/greymaker/GrokVault/2025-12-21_Auto/eadc366d-1991-421c-91d0-6e68c56f0220.mp4,2025-12-21_Auto/eadc366d-1991-421c-91d0-6e68c56f0220.mp4,2780103,.mp4,video,ea59c6b58ba8a56539b8b7f10a8cb067e89c4486ecabd83ac0e5fe3b6fa43172,2025-12-21T03:01:10.159Z,2025-12-21T03:01:10.162Z,eadc366d-1991-421c-91d0-6e68c56f0220,eadc366d-1991-421c-91d0-6e68c56f0220,false,,,ok,mp4-family
GrokVault,full-vault-scan,/Users/philipbankier/Content/Grok IMagine/greymaker/GrokVault/2025-12-21_Auto/eb165854-941a-4d99-9f35-2933f331e565.mp4,2025-12-21_Auto/eb165854-941a-4d99-9f35-2933f331e565.mp4,2651601,.mp4,video,fd500bc3213ea3b6970cb674d049f07bddfa81485d9587515d868b1bc197e179,2025-12-21T00:01:20.156Z,2025-12-21T00:01:20.159Z,eb165854-941a-4d99-9f35-2933f331e565,eb165854-941a-4d99-9f35-2933f331e565,false,,,ok,mp4-family
GrokVault,full-vault-scan,/Users/philipbankier/Content/Grok IMagine/greymaker/GrokVault/2025-12-21_Auto/eb74019f-02e3-4cd6-8ab1-885202c852bc.png,2025-12-21_Auto/eb74019f-02e3-4cd6-8ab1-885202c852bc.png,235920,.png,image,08540f5c59966271b233c71661d3341f2a8b086b595693b06f91a0c39886b65b,2025-12-21T02:16:34.601Z,2025-12-21T02:16:34.659Z,eb74019f-02e3-4cd6-8ab1-885202c852bc,eb74019f-02e3-4cd6-8ab1-885202c852bc,false,,,ok,jpeg
GrokVault,full-vault-scan,/Users/philipbankier/Content/Grok IMagine/greymaker/GrokVault/2025-12-21_Auto/eb8ca5d8-ba1f-4e6c-b5cc-94755257a567.png,2025-12-21_Auto/eb8ca5d8-ba1f-4e6c-b5cc-94755257a567.png,331435,.png,image,d0a0148d6f9864b5eddce8d7155717f7e435977adb12df97996bd221137b9372,2025-12-21T00:29:37.462Z,2025-12-21T00:29:37.532Z,eb8ca5d8-ba1f-4e6c-b5cc-94755257a567,eb8ca5d8-ba1f-4e6c-b5cc-94755257a567,false,,,ok,jpeg
GrokVault,full-vault-scan,/Users/philipbankier/Content/Grok IMagine/greymaker/GrokVault/2025-12-21_Auto/ebd32fb9-a7f2-49b7-87ee-4be18166230c.mp4,2025-12-21_Auto/ebd32fb9-a7f2-49b7-87ee-4be18166230c.mp4,1457685,.mp4,video,def774cd50b6de3f6e3468a776ee645afde14bc096fcd84c3b3a5af35746e669,2025-12-21T03:13:15.356Z,2025-12-21T03:13:15.358Z,ebd32fb9-a7f2-49b7-87ee-4be18166230c,ebd32fb9-a7f2-49b7-87ee-4be18166230c,false,,,ok,mp4-family
GrokVault,full-vault-scan,/Users/philipbankier/Content/Grok IMagine/greymaker/GrokVault/2025-12-21_Auto/ecb21bee-621f-4812-9308-69bc77fce96c.mp4,2025-12-21_Auto/ecb21bee-621f-4812-9308-69bc77fce96c.mp4,1281160,.mp4,video,e0834bb061da54a019e59feba8b103713ec51494b618f0dc3337881d123c2684,2025-12-21T00:43:09.414Z,2025-12-21T00:43:09.416Z,ecb21bee-621f-4812-9308-69bc77fce96c,ecb21bee-621f-4812-9308-69bc77fce96c,false,,,ok,mp4-family
GrokVault,full-vault-scan,/Users/philipbankier/Content/Grok IMagine/greymaker/GrokVault/2025-12-21_Auto/ecb2a8ec-21ae-43e0-9f46-e19c143efca9.mp4,2025-12-21_Auto/ecb2a8ec-21ae-43e0-9f46-e19c143efca9.mp4,1770015,.mp4,video,d79529ab3add05000129fe8b5bd3f3e20ec70c71cd94fc8bf92c65b98af51de6,2025-12-21T00:21:29.010Z,2025-12-21T00:21:29.012Z,ecb2a8ec-21ae-43e0-9f46-e19c143efca9,ecb2a8ec-21ae-43e0-9f46-e19c143efca9,false,,,ok,mp4-family
GrokVault,full-vault-scan,/Users/philipbankier/Content/Grok IMagine/greymaker/GrokVault/2025-12-21_Auto/edb71e2a-6c4a-4e81-9608-3931d3bd8fc7.mp4,2025-12-21_Auto/edb71e2a-6c4a-4e81-9608-3931d3bd8fc7.mp4,1512745,.mp4,video,8ceee5d36f40df83a665d1bdd61c6bc01d7db88314de14f716bb27aa31ddd31a,2025-12-21T03:24:09.270Z,2025-12-21T03:24:09.271Z,edb71e2a-6c4a-4e81-9608-3931d3bd8fc7,edb71e2a-6c4a-4e81-9608-3931d3bd8fc7,false,,,ok,mp4-family
GrokVault,full-vault-scan,/Users/philipbankier/Content/Grok IMagine/greymaker/GrokVault/2025-12-21_Auto/eea0460b-8a09-4a15-974e-4bf6df0d6b7e.png,2025-12-21_Auto/eea0460b-8a09-4a15-974e-4bf6df0d6b7e.png,273153,.png,image,2780788abe4cfe260ca3c225fe0da4189695de998f073845afd24b726c4f7fb3,2025-12-21T03:08:17.895Z,2025-12-21T03:08:17.961Z,eea0460b-8a09-4a15-974e-4bf6df0d6b7e,eea0460b-8a09-4a15-974e-4bf6df0d6b7e,false,,,ok,jpeg
GrokVault,full-vault-scan,/Users/philipbankier/Content/Grok IMagine/greymaker/GrokVault/2025-12-21_Auto/ef2499bd-3a81-4ef0-aa77-856c0abb4955.png,2025-12-21_Auto/ef2499bd-3a81-4ef0-aa77-856c0abb4955.png,322287,.png,image,cb417d0d4267569eced8b27b55c94a9277ffe3fa03bca062c00a863d6cc61555,2025-12-21T01:58:54.088Z,2025-12-21T01:58:54.147Z,ef2499bd-3a81-4ef0-aa77-856c0abb4955,ef2499bd-3a81-4ef0-aa77-856c0abb4955,false,,,ok,jpeg
GrokVault,full-vault-scan,/Users/philipbankier/Content/Grok IMagine/greymaker/GrokVault/2025-12-21_Auto/ef28032c-e955-487a-beeb-a457756d5048.png,2025-12-21_Auto/ef28032c-e955-487a-beeb-a457756d5048.png,381745,.png,image,d9132332527df7bd183971327869ae1c89eb45ef89680d08b0f69a98c9f40fd7,2025-12-21T00:18:41.076Z,2025-12-21T00:18:41.134Z,ef28032c-e955-487a-beeb-a457756d5048,ef28032c-e955-487a-beeb-a457756d5048,false,,,ok,jpeg
GrokVault,full-vault-scan,/Users/philipbankier/Content/Grok IMagine/greymaker/GrokVault/2025-12-21_Auto/ef283c25-b48d-4c24-9f8a-44828d93f517.png,2025-12-21_Auto/ef283c25-b48d-4c24-9f8a-44828d93f517.png,243341,.png,image,0d89cadcaae5cbf202529d148517b446cc44b95aa20dfb41885f3c7743b8a5ac,2025-12-21T02:11:42.992Z,2025-12-21T02:11:43.056Z,ef283c25-b48d-4c24-9f8a-44828d93f517,ef283c25-b48d-4c24-9f8a-44828d93f517,false,,,ok,jpeg
GrokVault,full-vault-scan,/Users/philipbankier/Content/Grok IMagine/greymaker/GrokVault/2025-12-21_Auto/eff29062-2614-408d-8463-c2ef14094e35.mp4,2025-12-21_Auto/eff29062-2614-408d-8463-c2ef14094e35.mp4,1514471,.mp4,video,d5cdc1e8295173d4defd7bcb74cfa4652376cec99e4b0a5d8388e49954668041,2025-12-21T01:06:01.135Z,2025-12-21T01:06:01.137Z,eff29062-2614-408d-8463-c2ef14094e35,eff29062-2614-408d-8463-c2ef14094e35,false,,,ok,mp4-family
GrokVault,full-vault-scan,/Users/philipbankier/Content/Grok IMagine/greymaker/GrokVault/2025-12-21_Auto/f05c2d83-c2e5-4a84-afe0-bb22b7c815ae.png,2025-12-21_Auto/f05c2d83-c2e5-4a84-afe0-bb22b7c815ae.png,223939,.png,image,7795205c661753b0939e9641a1c7210dcc2e2543b9f746a677ab29da9a0fb5e5,2025-12-21T03:11:44.685Z,2025-12-21T03:11:44.743Z,f05c2d83-c2e5-4a84-afe0-bb22b7c815ae,f05c2d83-c2e5-4a84-afe0-bb22b7c815ae,false,,,ok,jpeg
GrokVault,full-vault-scan,/Users/philipbankier/Content/Grok IMagine/greymaker/GrokVault/2025-12-21_Auto/f07db0a9-9b9c-4ca1-833b-2204ceb743c5.png,2025-12-21_Auto/f07db0a9-9b9c-4ca1-833b-2204ceb743c5.png,217488,.png,image,e4d0ff525371bf81add28a52282ef9ccdaadc734bf5f74fec18a4e23b7a0baa3,2025-12-21T02:26:32.422Z,2025-12-21T02:26:32.487Z,f07db0a9-9b9c-4ca1-833b-2204ceb743c5,f07db0a9-9b9c-4ca1-833b-2204ceb743c5,false,,,ok,jpeg
GrokVault,full-vault-scan,/Users/philipbankier/Content/Grok IMagine/greymaker/GrokVault/2025-12-21_Auto/f0cb46f7-a409-43db-9f26-fe42e5f73120.mp4,2025-12-21_Auto/f0cb46f7-a409-43db-9f26-fe42e5f73120.mp4,1704041,.mp4,video,83b1d1500b16d0b1670b72124e16dfd5e822c3d70bd499be7af8cb0de49419e5,2025-12-21T02:02:53.410Z,2025-12-21T02:02:53.412Z,f0cb46f7-a409-43db-9f26-fe42e5f73120,f0cb46f7-a409-43db-9f26-fe42e5f73120,false,,,ok,mp4-family
GrokVault,full-vault-scan,/Users/philipbankier/Content/Grok IMagine/greymaker/GrokVault/2025-12-21_Auto/f11253e5-e900-4484-9ce6-24fcd929cb62.mp4,2025-12-21_Auto/f11253e5-e900-4484-9ce6-24fcd929cb62.mp4,1362662,.mp4,video,577bd5dd16f3271237bbece6e8991e3923c50c779a7c4404421282bd47f7d735,2025-12-21T01:35:30.913Z,2025-12-21T01:35:30.915Z,f11253e5-e900-4484-9ce6-24fcd929cb62,f11253e5-e900-4484-9ce6-24fcd929cb62,false,,,ok,mp4-family
GrokVault,full-vault-scan,/Users/philipbankier/Content/Grok IMagine/greymaker/GrokVault/2025-12-21_Auto/f122329e-6bc1-4a7d-a61f-30892736c2b0.png,2025-12-21_Auto/f122329e-6bc1-4a7d-a61f-30892736c2b0.png,277362,.png,image,33d2487b5b623138f0fc1a9a0701ca9e94263785c0e6a49a362b38ea94b903da,2025-12-21T01:36:44.123Z,2025-12-21T01:36:44.189Z,f122329e-6bc1-4a7d-a61f-30892736c2b0,f122329e-6bc1-4a7d-a61f-30892736c2b0,false,,,ok,jpeg
GrokVault,full-vault-scan,/Users/philipbankier/Content/Grok IMagine/greymaker/GrokVault/2025-12-21_Auto/f139d858-63e1-456a-98dd-22be078d5dd0.png,2025-12-21_Auto/f139d858-63e1-456a-98dd-22be078d5dd0.png,165618,.png,image,df28648df790fb0769db4372b4a1f9566855d9d3b81be2acc006af77334f7929,2025-12-21T03:42:15.494Z,2025-12-21T03:42:15.556Z,f139d858-63e1-456a-98dd-22be078d5dd0,f139d858-63e1-456a-98dd-22be078d5dd0,false,,,ok,jpeg
GrokVault,full-vault-scan,/Users/philipbankier/Content/Grok IMagine/greymaker/GrokVault/2025-12-21_Auto/f19661e4-831f-4656-a87e-c6f2f61020b7.png,2025-12-21_Auto/f19661e4-831f-4656-a87e-c6f2f61020b7.png,137261,.png,image,bac7eee0b0ddcb637ad57152ae582e72562dd0bf1f9e0ceea3c47c95f7bf25a0,2025-12-21T03:39:18.322Z,2025-12-21T03:39:18.380Z,f19661e4-831f-4656-a87e-c6f2f61020b7,f19661e4-831f-4656-a87e-c6f2f61020b7,false,,,ok,jpeg
GrokVault,full-vault-scan,/Users/philipbankier/Content/Grok IMagine/greymaker/GrokVault/2025-12-21_Auto/f218677c-91b3-413c-a033-abd75eb64b99.mp4,2025-12-21_Auto/f218677c-91b3-413c-a033-abd75eb64b99.mp4,1788517,.mp4,video,7cb14f2d25392907d60317d5ffbead34dca924e6ca09bc826f5b053beceb16e5,2025-12-21T01:30:49.399Z,2025-12-21T01:30:49.401Z,f218677c-91b3-413c-a033-abd75eb64b99,f218677c-91b3-413c-a033-abd75eb64b99,false,,,ok,mp4-family
GrokVault,full-vault-scan,/Users/philipbankier/Content/Grok IMagine/greymaker/GrokVault/2025-12-21_Auto/f3236b4f-e8f5-4dec-a7d7-0e35337b2590.mp4,2025-12-21_Auto/f3236b4f-e8f5-4dec-a7d7-0e35337b2590.mp4,1650001,.mp4,video,94e9ae4fd17bda702aa1590f688aa84e233a6796849a6e13e73a663e6d3aee0f,2025-12-21T01:23:20.970Z,2025-12-21T01:23:20.972Z,f3236b4f-e8f5-4dec-a7d7-0e35337b2590,f3236b4f-e8f5-4dec-a7d7-0e35337b2590,false,,,ok,mp4-family
GrokVault,full-vault-scan,/Users/philipbankier/Content/Grok IMagine/greymaker/GrokVault/2025-12-21_Auto/f3c1941e-87cd-4dde-9a60-c18678a7363c.png,2025-12-21_Auto/f3c1941e-87cd-4dde-9a60-c18678a7363c.png,321733,.png,image,0ff38206edb4cd0af935dbaaa5350ab46ca791b97bb06bd8abff3d4102dd864e,2025-12-21T01:59:14.321Z,2025-12-21T01:59:14.381Z,f3c1941e-87cd-4dde-9a60-c18678a7363c,f3c1941e-87cd-4dde-9a60-c18678a7363c,false,,,ok,jpeg
GrokVault,full-vault-scan,/Users/philipbankier/Content/Grok IMagine/greymaker/GrokVault/2025-12-21_Auto/f458001d-1d69-4621-abe3-832087484336.png,2025-12-21_Auto/f458001d-1d69-4621-abe3-832087484336.png,326643,.png,image,8786e4d56793dc64c4285435058d322ac5d237b636c8c50082278df8325e0c8b,2025-12-21T00:37:03.381Z,2025-12-21T00:37:03.444Z,f458001d-1d69-4621-abe3-832087484336,f458001d-1d69-4621-abe3-832087484336,false,,,ok,jpeg
GrokVault,full-vault-scan,/Users/philipbankier/Content/Grok IMagine/greymaker/GrokVault/2025-12-21_Auto/f48a6c86-15bb-41d3-acaf-9efef1298ee4.mp4,2025-12-21_Auto/f48a6c86-15bb-41d3-acaf-9efef1298ee4.mp4,3017283,.mp4,video,fc2c12f450622123e665669f51d88d8ef31c2047abd78bb88d6e867cb6ca9468,2025-12-21T00:55:23.983Z,2025-12-21T00:55:23.986Z,f48a6c86-15bb-41d3-acaf-9efef1298ee4,f48a6c86-15bb-41d3-acaf-9efef1298ee4,false,,,ok,mp4-family
GrokVault,full-vault-scan,/Users/philipbankier/Content/Grok IMagine/greymaker/GrokVault/2025-12-21_Auto/f4a032d8-a544-46e5-8c6e-02a6f24b65cf.png,2025-12-21_Auto/f4a032d8-a544-46e5-8c6e-02a6f24b65cf.png,144653,.png,image,9c96c6e4b5bf3561da933317b51c93058a03137cd65f036f4b383e4c46d73c06,2025-12-21T03:37:39.000Z,2025-12-21T03:37:39.058Z,f4a032d8-a544-46e5-8c6e-02a6f24b65cf,f4a032d8-a544-46e5-8c6e-02a6f24b65cf,false,,,ok,jpeg
GrokVault,full-vault-scan,/Users/philipbankier/Content/Grok IMagine/greymaker/GrokVault/2025-12-21_Auto/f5251f9f-d487-4d94-90b4-73a7e8afa044.png,2025-12-21_Auto/f5251f9f-d487-4d94-90b4-73a7e8afa044.png,225923,.png,image,a3e90e8a97a8ecd83eb4c203be01e2155aabe056de51fbc1572cfd1ef6dbbebf,2025-12-21T01:36:08.018Z,2025-12-21T01:36:08.078Z,f5251f9f-d487-4d94-90b4-73a7e8afa044,f5251f9f-d487-4d94-90b4-73a7e8afa044,false,,,ok,jpeg
GrokVault,full-vault-scan,/Users/philipbankier/Content/Grok IMagine/greymaker/GrokVault/2025-12-21_Auto/f5975ee5-fd6c-43ce-b7ee-08135f494ecc.png,2025-12-21_Auto/f5975ee5-fd6c-43ce-b7ee-08135f494ecc.png,336235,.png,image,0a12931e46ab1145b96b4fef1bcdbf39ae47b72137ef69480820bbdabf5646ca,2025-12-21T00:08:39.638Z,2025-12-21T00:08:39.685Z,f5975ee5-fd6c-43ce-b7ee-08135f494ecc,f5975ee5-fd6c-43ce-b7ee-08135f494ecc,false,,,ok,jpeg
GrokVault,full-vault-scan,/Users/philipbankier/Content/Grok IMagine/greymaker/GrokVault/2025-12-21_Auto/f59c4537-9035-49ee-9a42-ec0238e3a682.mp4,2025-12-21_Auto/f59c4537-9035-49ee-9a42-ec0238e3a682.mp4,1485999,.mp4,video,c12e9fa71314b8d151f8dcdb7d1b052f89bc50418272a9663f7fdcdd187b62fc,2025-12-21T01:13:05.181Z,2025-12-21T01:13:05.183Z,f59c4537-9035-49ee-9a42-ec0238e3a682,f59c4537-9035-49ee-9a42-ec0238e3a682,false,,,ok,mp4-family
GrokVault,full-vault-scan,/Users/philipbankier/Content/Grok IMagine/greymaker/GrokVault/2025-12-21_Auto/f5bde5aa-8d77-43c6-9ecd-59faf2a372f6.mp4,2025-12-21_Auto/f5bde5aa-8d77-43c6-9ecd-59faf2a372f6.mp4,2678951,.mp4,video,de5d41b8d41658e97e9470c08c60a9fe2a4c83b526b3a737c5b084bf45f9b33b,2025-12-21T02:55:37.759Z,2025-12-21T02:55:37.762Z,f5bde5aa-8d77-43c6-9ecd-59faf2a372f6,f5bde5aa-8d77-43c6-9ecd-59faf2a372f6,false,,,ok,mp4-family
GrokVault,full-vault-scan,/Users/philipbankier/Content/Grok IMagine/greymaker/GrokVault/2025-12-21_Auto/f5ec95c5-8d45-4661-b4f9-da7df61f1216.png,2025-12-21_Auto/f5ec95c5-8d45-4661-b4f9-da7df61f1216.png,298809,.png,image,bf2eda4145baf561cae0a64878c27f4d33662bf0a330d6827955f687c713ed28,2025-12-21T00:40:30.503Z,2025-12-21T00:40:30.563Z,f5ec95c5-8d45-4661-b4f9-da7df61f1216,f5ec95c5-8d45-4661-b4f9-da7df61f1216,false,,,ok,jpeg
GrokVault,full-vault-scan,/Users/philipbankier/Content/Grok IMagine/greymaker/GrokVault/2025-12-21_Auto/f663a959-2bb2-4362-ba2a-8bdaa3ae14b5.mp4,2025-12-21_Auto/f663a959-2bb2-4362-ba2a-8bdaa3ae14b5.mp4,999156,.mp4,video,74ec1e0a02cfa36f8152bf3fa017c030e385a3de8beac9a12f1e259fedbb3c32,2025-12-21T02:03:51.330Z,2025-12-21T02:03:51.331Z,f663a959-2bb2-4362-ba2a-8bdaa3ae14b5,f663a959-2bb2-4362-ba2a-8bdaa3ae14b5,false,,,ok,mp4-family
GrokVault,full-vault-scan,/Users/philipbankier/Content/Grok IMagine/greymaker/GrokVault/2025-12-21_Auto/f66e1bf5-c38f-4849-bdd6-5a8517599c4a.png,2025-12-21_Auto/f66e1bf5-c38f-4849-bdd6-5a8517599c4a.png,194654,.png,image,1e339b0d9ee7a2d233722f0da2662d87eaca7540c5dbb61f3b5ac1afa1367f66,2025-12-21T02:47:26.055Z,2025-12-21T02:47:26.113Z,f66e1bf5-c38f-4849-bdd6-5a8517599c4a,f66e1bf5-c38f-4849-bdd6-5a8517599c4a,false,,,ok,jpeg
GrokVault,full-vault-scan,/Users/philipbankier/Content/Grok IMagine/greymaker/GrokVault/2025-12-21_Auto/f680bbd1-18d8-443c-a0c3-0f05765fe2c2.mp4,2025-12-21_Auto/f680bbd1-18d8-443c-a0c3-0f05765fe2c2.mp4,1353273,.mp4,video,2e2532b633aadd1485e9dc12855c68d3413a5c579dfbb2e519547b85452fc37c,2025-12-21T00:52:07.499Z,2025-12-21T00:52:07.500Z,f680bbd1-18d8-443c-a0c3-0f05765fe2c2,f680bbd1-18d8-443c-a0c3-0f05765fe2c2,false,,,ok,mp4-family
GrokVault,full-vault-scan,/Users/philipbankier/Content/Grok IMagine/greymaker/GrokVault/2025-12-21_Auto/f7d886cc-aa3d-41ef-9bbb-539ec4fb441f.png,2025-12-21_Auto/f7d886cc-aa3d-41ef-9bbb-539ec4fb441f.png,234320,.png,image,083cb4d23ac5b42b512242b92092b64b64309f4714376327adaca3d4e889a562,2025-12-21T00:37:49.849Z,2025-12-21T00:37:49.908Z,f7d886cc-aa3d-41ef-9bbb-539ec4fb441f,f7d886cc-aa3d-41ef-9bbb-539ec4fb441f,false,,,ok,jpeg
GrokVault,full-vault-scan,/Users/philipbankier/Content/Grok IMagine/greymaker/GrokVault/2025-12-21_Auto/f8937bb1-140d-4a98-ba1c-465409b01ab3.mp4,2025-12-21_Auto/f8937bb1-140d-4a98-ba1c-465409b01ab3.mp4,1878323,.mp4,video,4de24dfb26c16515a4e785e5bb35832bda12248012ea6c8a0b15d5a5bbf3bcc2,2025-12-21T01:51:06.878Z,2025-12-21T01:51:06.881Z,f8937bb1-140d-4a98-ba1c-465409b01ab3,f8937bb1-140d-4a98-ba1c-465409b01ab3,false,,,ok,mp4-family
GrokVault,full-vault-scan,/Users/philipbankier/Content/Grok IMagine/greymaker/GrokVault/2025-12-21_Auto/f8b735fe-27e2-4947-b390-386001439ad5.mp4,2025-12-21_Auto/f8b735fe-27e2-4947-b390-386001439ad5.mp4,2372903,.mp4,video,876e99815e0d1b6e40c8c41e3070e33db07051450f0eb7273d1f005dfa3448bf,2025-12-21T00:47:30.972Z,2025-12-21T00:47:30.974Z,f8b735fe-27e2-4947-b390-386001439ad5,f8b735fe-27e2-4947-b390-386001439ad5,false,,,ok,mp4-family
GrokVault,full-vault-scan,/Users/philipbankier/Content/Grok IMagine/greymaker/GrokVault/2025-12-21_Auto/f8b741b2-dfdd-430d-8585-34c9249d3ed5.mp4,2025-12-21_Auto/f8b741b2-dfdd-430d-8585-34c9249d3ed5.mp4,2356793,.mp4,video,1da0d122428562e1248f6e497854bc6519947b79c40e0b887edc39e078198eb1,2025-12-21T02:57:27.073Z,2025-12-21T02:57:27.076Z,f8b741b2-dfdd-430d-8585-34c9249d3ed5,f8b741b2-dfdd-430d-8585-34c9249d3ed5,false,,,ok,mp4-family
GrokVault,full-vault-scan,/Users/philipbankier/Content/Grok IMagine/greymaker/GrokVault/2025-12-21_Auto/f8d72457-59ac-4ca5-a866-63f8b6d86513.png,2025-12-21_Auto/f8d72457-59ac-4ca5-a866-63f8b6d86513.png,249519,.png,image,5a46c55fe0bc73f56eea059a1031104aeabfed6a88a500ba02178dc9b104313d,2025-12-21T00:24:02.781Z,2025-12-21T00:24:02.840Z,f8d72457-59ac-4ca5-a866-63f8b6d86513,f8d72457-59ac-4ca5-a866-63f8b6d86513,false,,,ok,jpeg
GrokVault,full-vault-scan,/Users/philipbankier/Content/Grok IMagine/greymaker/GrokVault/2025-12-21_Auto/f9b5d863-5d4f-44a6-91cd-0cb34367a826.mp4,2025-12-21_Auto/f9b5d863-5d4f-44a6-91cd-0cb34367a826.mp4,1586843,.mp4,video,c4e047068617a6fab4eb1e6ace35ad4e33a8561684794284516322fb87309d2b,2025-12-21T00:43:58.120Z,2025-12-21T00:43:58.122Z,f9b5d863-5d4f-44a6-91cd-0cb34367a826,f9b5d863-5d4f-44a6-91cd-0cb34367a826,false,,,ok,mp4-family
GrokVault,full-vault-scan,/Users/philipbankier/Content/Grok IMagine/greymaker/GrokVault/2025-12-21_Auto/fa038630-4b9d-4e6c-b243-5a96a7cad345.mp4,2025-12-21_Auto/fa038630-4b9d-4e6c-b243-5a96a7cad345.mp4,2503261,.mp4,video,6f074cf35da16bda5083ffc6545197f264143d5e93ae6478b14678347830e5f8,2025-12-21T03:29:42.480Z,2025-12-21T03:29:42.482Z,fa038630-4b9d-4e6c-b243-5a96a7cad345,fa038630-4b9d-4e6c-b243-5a96a7cad345,false,,,ok,mp4-family
GrokVault,full-vault-scan,/Users/philipbankier/Content/Grok IMagine/greymaker/GrokVault/2025-12-21_Auto/fb5965dd-fda1-4ef0-9bb4-aea942d87286.png,2025-12-21_Auto/fb5965dd-fda1-4ef0-9bb4-aea942d87286.png,181077,.png,image,ac8ea7e89907d962f5c8ac70878659438df91ecd0d009f59de2bdcb16a014362,2025-12-21T03:36:51.676Z,2025-12-21T03:36:51.735Z,fb5965dd-fda1-4ef0-9bb4-aea942d87286,fb5965dd-fda1-4ef0-9bb4-aea942d87286,false,,,ok,jpeg
GrokVault,full-vault-scan,/Users/philipbankier/Content/Grok IMagine/greymaker/GrokVault/2025-12-21_Auto/fc195315-8e87-4411-81f3-e4fe9b18b270.png,2025-12-21_Auto/fc195315-8e87-4411-81f3-e4fe9b18b270.png,422086,.png,image,93a8099b7024dbd014a133b655d57f22c3b6916f83ea07d4a33982249c92273e,2025-12-21T00:21:59.118Z,2025-12-21T00:21:59.118Z,fc195315-8e87-4411-81f3-e4fe9b18b270,fc195315-8e87-4411-81f3-e4fe9b18b270,false,,hash-13,ok,webp
GrokVault,full-vault-scan,/Users/philipbankier/Content/Grok IMagine/greymaker/GrokVault/2025-12-21_Auto/fc1c4251-161b-412e-9f7c-b9e3da74e5c6.mp4,2025-12-21_Auto/fc1c4251-161b-412e-9f7c-b9e3da74e5c6.mp4,1118190,.mp4,video,57447bd2f7b49600c7a7423e5732d292da831c0c162fb5fd02067a707d881eee,2025-12-21T03:23:45.338Z,2025-12-21T03:23:45.340Z,fc1c4251-161b-412e-9f7c-b9e3da74e5c6,fc1c4251-161b-412e-9f7c-b9e3da74e5c6,false,,,ok,mp4-family
GrokVault,full-vault-scan,/Users/philipbankier/Content/Grok IMagine/greymaker/GrokVault/2025-12-21_Auto/fc3d5c6c-06e9-4673-80b8-098e19d4fbfc.mp4,2025-12-21_Auto/fc3d5c6c-06e9-4673-80b8-098e19d4fbfc.mp4,1375547,.mp4,video,72bedfaef20213fdabea541e6ba279b58ddce0917746ef4bd7e8466ca1569820,2025-12-21T03:28:29.927Z,2025-12-21T03:28:29.928Z,fc3d5c6c-06e9-4673-80b8-098e19d4fbfc,fc3d5c6c-06e9-4673-80b8-098e19d4fbfc,false,,,ok,mp4-family
GrokVault,full-vault-scan,/Users/philipbankier/Content/Grok IMagine/greymaker/GrokVault/2025-12-21_Auto/fcc91013-7c12-4ff9-8ec5-773c27516cc9.mp4,2025-12-21_Auto/fcc91013-7c12-4ff9-8ec5-773c27516cc9.mp4,2550655,.mp4,video,b3618f5030a2102625b3927d589efb9d68d170f44f0a0d72d376bbdbd464b249,2025-12-21T03:31:16.821Z,2025-12-21T03:31:16.823Z,fcc91013-7c12-4ff9-8ec5-773c27516cc9,fcc91013-7c12-4ff9-8ec5-773c27516cc9,false,,,ok,mp4-family
GrokVault,full-vault-scan,/Users/philipbankier/Content/Grok IMagine/greymaker/GrokVault/2025-12-21_Auto/fd230f50-19b0-478b-b33f-438b595e583f.mp4,2025-12-21_Auto/fd230f50-19b0-478b-b33f-438b595e583f.mp4,2094167,.mp4,video,0552fef61180fbfb00b7c8aa3113241b46ceba5c67bc1f12cca89882cefacf37,2025-12-21T02:18:37.360Z,2025-12-21T02:18:37.361Z,fd230f50-19b0-478b-b33f-438b595e583f,fd230f50-19b0-478b-b33f-438b595e583f,false,,,ok,mp4-family
GrokVault,full-vault-scan,/Users/philipbankier/Content/Grok IMagine/greymaker/GrokVault/2025-12-21_Auto/fd4824c6-3957-4c7b-8253-48445b582420.mp4,2025-12-21_Auto/fd4824c6-3957-4c7b-8253-48445b582420.mp4,1751064,.mp4,video,53d0ed6722c24db1f6776ffc21827b3ceece66477d6be300dce5125c61723382,2025-12-21T00:46:09.570Z,2025-12-21T00:46:09.571Z,fd4824c6-3957-4c7b-8253-48445b582420,fd4824c6-3957-4c7b-8253-48445b582420,false,,,ok,mp4-family
GrokVault,full-vault-scan,/Users/philipbankier/Content/Grok IMagine/greymaker/GrokVault/2025-12-21_Auto/fd572215-718f-4a68-8a9b-95d08090b827.png,2025-12-21_Auto/fd572215-718f-4a68-8a9b-95d08090b827.png,258786,.png,image,8ccfce24896629a480f1450be302458a91d6372c93b9f5fc926a428a536806cf,2025-12-21T02:01:15.447Z,2025-12-21T02:01:15.506Z,fd572215-718f-4a68-8a9b-95d08090b827,fd572215-718f-4a68-8a9b-95d08090b827,false,,,ok,jpeg
GrokVault,full-vault-scan,/Users/philipbankier/Content/Grok IMagine/greymaker/GrokVault/2025-12-21_Auto/fd7a174a-0b8e-4a70-a781-50ff4820a960.png,2025-12-21_Auto/fd7a174a-0b8e-4a70-a781-50ff4820a960.png,273357,.png,image,7d938dc062a06828571e7ec90920045b99e8db83ed128e269ccbb7806b4e00e2,2025-12-21T00:13:42.752Z,2025-12-21T00:13:42.812Z,fd7a174a-0b8e-4a70-a781-50ff4820a960,fd7a174a-0b8e-4a70-a781-50ff4820a960,false,,,ok,jpeg
GrokVault,full-vault-scan,/Users/philipbankier/Content/Grok IMagine/greymaker/GrokVault/2025-12-21_Auto/fdace2b7-cee4-40e8-8583-0e79ea842dec.png,2025-12-21_Auto/fdace2b7-cee4-40e8-8583-0e79ea842dec.png,335266,.png,image,8ac83d0c4b066e9ef7488ce5cdaca62b50285f2f92c13f148b3034d5f33f7fc1,2025-12-21T00:39:58.775Z,2025-12-21T00:39:58.842Z,fdace2b7-cee4-40e8-8583-0e79ea842dec,fdace2b7-cee4-40e8-8583-0e79ea842dec,false,,,ok,jpeg
GrokVault,full-vault-scan,/Users/philipbankier/Content/Grok IMagine/greymaker/GrokVault/2025-12-21_Auto/ff9ba187-1710-4b22-bb18-0efa0b945331.mp4,2025-12-21_Auto/ff9ba187-1710-4b22-bb18-0efa0b945331.mp4,1453164,.mp4,video,401e55cfe1729580ca85ab8728b7209b53726c3e200130f7d489ad911395c944,2025-12-21T00:11:16.394Z,2025-12-21T00:11:16.395Z,ff9ba187-1710-4b22-bb18-0efa0b945331,ff9ba187-1710-4b22-bb18-0efa0b945331,false,,,ok,mp4-family
